[2025-09-14T00:04:36.538+0000] {processor.py:161} INFO - Started process (PID=2629) to work on /opt/airflow/dags/amazon_books_elt.py
[2025-09-14T00:04:36.539+0000] {processor.py:830} INFO - Processing file /opt/airflow/dags/amazon_books_elt.py for tasks to queue
[2025-09-14T00:04:36.541+0000] {logging_mixin.py:188} INFO - [2025-09-14T00:04:36.540+0000] {dagbag.py:545} INFO - Filling up the DagBag from /opt/airflow/dags/amazon_books_elt.py
[2025-09-14T00:04:37.611+0000] {processor.py:842} WARNING - No viable dags retrieved from /opt/airflow/dags/amazon_books_elt.py
[2025-09-14T00:04:37.620+0000] {processor.py:183} INFO - Processing /opt/airflow/dags/amazon_books_elt.py took 1.087 seconds
[2025-09-14T00:05:08.647+0000] {processor.py:161} INFO - Started process (PID=2649) to work on /opt/airflow/dags/amazon_books_elt.py
[2025-09-14T00:05:08.648+0000] {processor.py:830} INFO - Processing file /opt/airflow/dags/amazon_books_elt.py for tasks to queue
[2025-09-14T00:05:08.649+0000] {logging_mixin.py:188} INFO - [2025-09-14T00:05:08.649+0000] {dagbag.py:545} INFO - Filling up the DagBag from /opt/airflow/dags/amazon_books_elt.py
[2025-09-14T00:05:09.009+0000] {processor.py:842} WARNING - No viable dags retrieved from /opt/airflow/dags/amazon_books_elt.py
[2025-09-14T00:05:09.018+0000] {processor.py:183} INFO - Processing /opt/airflow/dags/amazon_books_elt.py took 0.375 seconds
[2025-09-14T00:05:39.119+0000] {processor.py:161} INFO - Started process (PID=2669) to work on /opt/airflow/dags/amazon_books_elt.py
[2025-09-14T00:05:39.121+0000] {processor.py:830} INFO - Processing file /opt/airflow/dags/amazon_books_elt.py for tasks to queue
[2025-09-14T00:05:39.123+0000] {logging_mixin.py:188} INFO - [2025-09-14T00:05:39.122+0000] {dagbag.py:545} INFO - Filling up the DagBag from /opt/airflow/dags/amazon_books_elt.py
[2025-09-14T00:05:39.447+0000] {processor.py:842} WARNING - No viable dags retrieved from /opt/airflow/dags/amazon_books_elt.py
[2025-09-14T00:05:39.456+0000] {processor.py:183} INFO - Processing /opt/airflow/dags/amazon_books_elt.py took 0.341 seconds
[2025-09-14T00:06:10.136+0000] {processor.py:161} INFO - Started process (PID=2689) to work on /opt/airflow/dags/amazon_books_elt.py
[2025-09-14T00:06:10.137+0000] {processor.py:830} INFO - Processing file /opt/airflow/dags/amazon_books_elt.py for tasks to queue
[2025-09-14T00:06:10.138+0000] {logging_mixin.py:188} INFO - [2025-09-14T00:06:10.137+0000] {dagbag.py:545} INFO - Filling up the DagBag from /opt/airflow/dags/amazon_books_elt.py
[2025-09-14T00:06:10.535+0000] {processor.py:842} WARNING - No viable dags retrieved from /opt/airflow/dags/amazon_books_elt.py
[2025-09-14T00:06:10.543+0000] {processor.py:183} INFO - Processing /opt/airflow/dags/amazon_books_elt.py took 0.411 seconds
[2025-09-14T00:06:41.504+0000] {processor.py:161} INFO - Started process (PID=2709) to work on /opt/airflow/dags/amazon_books_elt.py
[2025-09-14T00:06:41.506+0000] {processor.py:830} INFO - Processing file /opt/airflow/dags/amazon_books_elt.py for tasks to queue
[2025-09-14T00:06:41.507+0000] {logging_mixin.py:188} INFO - [2025-09-14T00:06:41.507+0000] {dagbag.py:545} INFO - Filling up the DagBag from /opt/airflow/dags/amazon_books_elt.py
[2025-09-14T00:06:41.828+0000] {processor.py:842} WARNING - No viable dags retrieved from /opt/airflow/dags/amazon_books_elt.py
[2025-09-14T00:06:41.836+0000] {processor.py:183} INFO - Processing /opt/airflow/dags/amazon_books_elt.py took 0.336 seconds
[2025-09-14T00:07:11.860+0000] {processor.py:161} INFO - Started process (PID=2729) to work on /opt/airflow/dags/amazon_books_elt.py
[2025-09-14T00:07:11.862+0000] {processor.py:830} INFO - Processing file /opt/airflow/dags/amazon_books_elt.py for tasks to queue
[2025-09-14T00:07:11.864+0000] {logging_mixin.py:188} INFO - [2025-09-14T00:07:11.864+0000] {dagbag.py:545} INFO - Filling up the DagBag from /opt/airflow/dags/amazon_books_elt.py
[2025-09-14T00:07:12.186+0000] {processor.py:842} WARNING - No viable dags retrieved from /opt/airflow/dags/amazon_books_elt.py
[2025-09-14T00:07:12.194+0000] {processor.py:183} INFO - Processing /opt/airflow/dags/amazon_books_elt.py took 0.338 seconds
[2025-09-14T00:07:42.217+0000] {processor.py:161} INFO - Started process (PID=2743) to work on /opt/airflow/dags/amazon_books_elt.py
[2025-09-14T00:07:42.219+0000] {processor.py:830} INFO - Processing file /opt/airflow/dags/amazon_books_elt.py for tasks to queue
[2025-09-14T00:07:42.221+0000] {logging_mixin.py:188} INFO - [2025-09-14T00:07:42.221+0000] {dagbag.py:545} INFO - Filling up the DagBag from /opt/airflow/dags/amazon_books_elt.py
[2025-09-14T00:07:42.537+0000] {processor.py:842} WARNING - No viable dags retrieved from /opt/airflow/dags/amazon_books_elt.py
[2025-09-14T00:07:42.545+0000] {processor.py:183} INFO - Processing /opt/airflow/dags/amazon_books_elt.py took 0.331 seconds
[2025-09-14T00:08:12.567+0000] {processor.py:161} INFO - Started process (PID=2763) to work on /opt/airflow/dags/amazon_books_elt.py
[2025-09-14T00:08:12.570+0000] {processor.py:830} INFO - Processing file /opt/airflow/dags/amazon_books_elt.py for tasks to queue
[2025-09-14T00:08:12.571+0000] {logging_mixin.py:188} INFO - [2025-09-14T00:08:12.571+0000] {dagbag.py:545} INFO - Filling up the DagBag from /opt/airflow/dags/amazon_books_elt.py
[2025-09-14T00:08:12.884+0000] {processor.py:842} WARNING - No viable dags retrieved from /opt/airflow/dags/amazon_books_elt.py
[2025-09-14T00:08:12.892+0000] {processor.py:183} INFO - Processing /opt/airflow/dags/amazon_books_elt.py took 0.329 seconds
[2025-09-14T00:08:42.918+0000] {processor.py:161} INFO - Started process (PID=2783) to work on /opt/airflow/dags/amazon_books_elt.py
[2025-09-14T00:08:42.921+0000] {processor.py:830} INFO - Processing file /opt/airflow/dags/amazon_books_elt.py for tasks to queue
[2025-09-14T00:08:42.922+0000] {logging_mixin.py:188} INFO - [2025-09-14T00:08:42.922+0000] {dagbag.py:545} INFO - Filling up the DagBag from /opt/airflow/dags/amazon_books_elt.py
[2025-09-14T00:08:43.280+0000] {processor.py:842} WARNING - No viable dags retrieved from /opt/airflow/dags/amazon_books_elt.py
[2025-09-14T00:08:43.288+0000] {processor.py:183} INFO - Processing /opt/airflow/dags/amazon_books_elt.py took 0.373 seconds
[2025-09-14T00:09:14.932+0000] {processor.py:161} INFO - Started process (PID=2803) to work on /opt/airflow/dags/amazon_books_elt.py
[2025-09-14T00:09:14.933+0000] {processor.py:830} INFO - Processing file /opt/airflow/dags/amazon_books_elt.py for tasks to queue
[2025-09-14T00:09:14.934+0000] {logging_mixin.py:188} INFO - [2025-09-14T00:09:14.934+0000] {dagbag.py:545} INFO - Filling up the DagBag from /opt/airflow/dags/amazon_books_elt.py
[2025-09-14T00:09:15.254+0000] {processor.py:842} WARNING - No viable dags retrieved from /opt/airflow/dags/amazon_books_elt.py
[2025-09-14T00:09:15.262+0000] {processor.py:183} INFO - Processing /opt/airflow/dags/amazon_books_elt.py took 0.334 seconds
[2025-09-14T00:09:45.373+0000] {processor.py:161} INFO - Started process (PID=2823) to work on /opt/airflow/dags/amazon_books_elt.py
[2025-09-14T00:09:45.374+0000] {processor.py:830} INFO - Processing file /opt/airflow/dags/amazon_books_elt.py for tasks to queue
[2025-09-14T00:09:45.375+0000] {logging_mixin.py:188} INFO - [2025-09-14T00:09:45.375+0000] {dagbag.py:545} INFO - Filling up the DagBag from /opt/airflow/dags/amazon_books_elt.py
[2025-09-14T00:09:45.693+0000] {processor.py:842} WARNING - No viable dags retrieved from /opt/airflow/dags/amazon_books_elt.py
[2025-09-14T00:09:45.700+0000] {processor.py:183} INFO - Processing /opt/airflow/dags/amazon_books_elt.py took 0.331 seconds
[2025-09-14T00:10:15.723+0000] {processor.py:161} INFO - Started process (PID=2837) to work on /opt/airflow/dags/amazon_books_elt.py
[2025-09-14T00:10:15.724+0000] {processor.py:830} INFO - Processing file /opt/airflow/dags/amazon_books_elt.py for tasks to queue
[2025-09-14T00:10:15.725+0000] {logging_mixin.py:188} INFO - [2025-09-14T00:10:15.724+0000] {dagbag.py:545} INFO - Filling up the DagBag from /opt/airflow/dags/amazon_books_elt.py
[2025-09-14T00:10:16.038+0000] {processor.py:842} WARNING - No viable dags retrieved from /opt/airflow/dags/amazon_books_elt.py
[2025-09-14T00:10:16.046+0000] {processor.py:183} INFO - Processing /opt/airflow/dags/amazon_books_elt.py took 0.327 seconds
[2025-09-14T00:10:46.143+0000] {processor.py:161} INFO - Started process (PID=2857) to work on /opt/airflow/dags/amazon_books_elt.py
[2025-09-14T00:10:46.144+0000] {processor.py:830} INFO - Processing file /opt/airflow/dags/amazon_books_elt.py for tasks to queue
[2025-09-14T00:10:46.145+0000] {logging_mixin.py:188} INFO - [2025-09-14T00:10:46.145+0000] {dagbag.py:545} INFO - Filling up the DagBag from /opt/airflow/dags/amazon_books_elt.py
[2025-09-14T00:10:46.458+0000] {processor.py:842} WARNING - No viable dags retrieved from /opt/airflow/dags/amazon_books_elt.py
[2025-09-14T00:10:46.466+0000] {processor.py:183} INFO - Processing /opt/airflow/dags/amazon_books_elt.py took 0.327 seconds
[2025-09-14T00:11:17.148+0000] {processor.py:161} INFO - Started process (PID=2877) to work on /opt/airflow/dags/amazon_books_elt.py
[2025-09-14T00:11:17.151+0000] {processor.py:830} INFO - Processing file /opt/airflow/dags/amazon_books_elt.py for tasks to queue
[2025-09-14T00:11:17.152+0000] {logging_mixin.py:188} INFO - [2025-09-14T00:11:17.152+0000] {dagbag.py:545} INFO - Filling up the DagBag from /opt/airflow/dags/amazon_books_elt.py
[2025-09-14T00:11:17.463+0000] {processor.py:842} WARNING - No viable dags retrieved from /opt/airflow/dags/amazon_books_elt.py
[2025-09-14T00:11:17.471+0000] {processor.py:183} INFO - Processing /opt/airflow/dags/amazon_books_elt.py took 0.326 seconds
[2025-09-14T00:11:47.816+0000] {processor.py:161} INFO - Started process (PID=2897) to work on /opt/airflow/dags/amazon_books_elt.py
[2025-09-14T00:11:47.817+0000] {processor.py:830} INFO - Processing file /opt/airflow/dags/amazon_books_elt.py for tasks to queue
[2025-09-14T00:11:47.818+0000] {logging_mixin.py:188} INFO - [2025-09-14T00:11:47.818+0000] {dagbag.py:545} INFO - Filling up the DagBag from /opt/airflow/dags/amazon_books_elt.py
[2025-09-14T00:11:48.134+0000] {processor.py:842} WARNING - No viable dags retrieved from /opt/airflow/dags/amazon_books_elt.py
[2025-09-14T00:11:48.142+0000] {processor.py:183} INFO - Processing /opt/airflow/dags/amazon_books_elt.py took 0.330 seconds
[2025-09-14T00:12:18.819+0000] {processor.py:161} INFO - Started process (PID=2911) to work on /opt/airflow/dags/amazon_books_elt.py
[2025-09-14T00:12:18.819+0000] {processor.py:830} INFO - Processing file /opt/airflow/dags/amazon_books_elt.py for tasks to queue
[2025-09-14T00:12:18.821+0000] {logging_mixin.py:188} INFO - [2025-09-14T00:12:18.820+0000] {dagbag.py:545} INFO - Filling up the DagBag from /opt/airflow/dags/amazon_books_elt.py
[2025-09-14T00:12:19.209+0000] {processor.py:842} WARNING - No viable dags retrieved from /opt/airflow/dags/amazon_books_elt.py
[2025-09-14T00:12:19.217+0000] {processor.py:183} INFO - Processing /opt/airflow/dags/amazon_books_elt.py took 0.403 seconds
[2025-09-14T00:12:49.492+0000] {processor.py:161} INFO - Started process (PID=2931) to work on /opt/airflow/dags/amazon_books_elt.py
[2025-09-14T00:12:49.493+0000] {processor.py:830} INFO - Processing file /opt/airflow/dags/amazon_books_elt.py for tasks to queue
[2025-09-14T00:12:49.494+0000] {logging_mixin.py:188} INFO - [2025-09-14T00:12:49.494+0000] {dagbag.py:545} INFO - Filling up the DagBag from /opt/airflow/dags/amazon_books_elt.py
[2025-09-14T00:12:49.804+0000] {processor.py:842} WARNING - No viable dags retrieved from /opt/airflow/dags/amazon_books_elt.py
[2025-09-14T00:12:49.812+0000] {processor.py:183} INFO - Processing /opt/airflow/dags/amazon_books_elt.py took 0.323 seconds
[2025-09-14T00:13:19.906+0000] {processor.py:161} INFO - Started process (PID=2951) to work on /opt/airflow/dags/amazon_books_elt.py
[2025-09-14T00:13:19.907+0000] {processor.py:830} INFO - Processing file /opt/airflow/dags/amazon_books_elt.py for tasks to queue
[2025-09-14T00:13:19.908+0000] {logging_mixin.py:188} INFO - [2025-09-14T00:13:19.908+0000] {dagbag.py:545} INFO - Filling up the DagBag from /opt/airflow/dags/amazon_books_elt.py
[2025-09-14T00:13:20.221+0000] {processor.py:842} WARNING - No viable dags retrieved from /opt/airflow/dags/amazon_books_elt.py
[2025-09-14T00:13:20.229+0000] {processor.py:183} INFO - Processing /opt/airflow/dags/amazon_books_elt.py took 0.327 seconds
[2025-09-14T00:13:50.572+0000] {processor.py:161} INFO - Started process (PID=2971) to work on /opt/airflow/dags/amazon_books_elt.py
[2025-09-14T00:13:50.573+0000] {processor.py:830} INFO - Processing file /opt/airflow/dags/amazon_books_elt.py for tasks to queue
[2025-09-14T00:13:50.575+0000] {logging_mixin.py:188} INFO - [2025-09-14T00:13:50.574+0000] {dagbag.py:545} INFO - Filling up the DagBag from /opt/airflow/dags/amazon_books_elt.py
[2025-09-14T00:13:50.907+0000] {processor.py:842} WARNING - No viable dags retrieved from /opt/airflow/dags/amazon_books_elt.py
[2025-09-14T00:13:50.916+0000] {processor.py:183} INFO - Processing /opt/airflow/dags/amazon_books_elt.py took 0.348 seconds
[2025-09-14T00:14:21.100+0000] {processor.py:161} INFO - Started process (PID=2991) to work on /opt/airflow/dags/amazon_books_elt.py
[2025-09-14T00:14:21.101+0000] {processor.py:830} INFO - Processing file /opt/airflow/dags/amazon_books_elt.py for tasks to queue
[2025-09-14T00:14:21.102+0000] {logging_mixin.py:188} INFO - [2025-09-14T00:14:21.101+0000] {dagbag.py:545} INFO - Filling up the DagBag from /opt/airflow/dags/amazon_books_elt.py
[2025-09-14T00:14:21.417+0000] {processor.py:842} WARNING - No viable dags retrieved from /opt/airflow/dags/amazon_books_elt.py
[2025-09-14T00:14:21.425+0000] {processor.py:183} INFO - Processing /opt/airflow/dags/amazon_books_elt.py took 0.329 seconds
[2025-09-14T00:14:51.768+0000] {processor.py:161} INFO - Started process (PID=3005) to work on /opt/airflow/dags/amazon_books_elt.py
[2025-09-14T00:14:51.771+0000] {processor.py:830} INFO - Processing file /opt/airflow/dags/amazon_books_elt.py for tasks to queue
[2025-09-14T00:14:51.772+0000] {logging_mixin.py:188} INFO - [2025-09-14T00:14:51.772+0000] {dagbag.py:545} INFO - Filling up the DagBag from /opt/airflow/dags/amazon_books_elt.py
[2025-09-14T00:14:52.116+0000] {processor.py:842} WARNING - No viable dags retrieved from /opt/airflow/dags/amazon_books_elt.py
[2025-09-14T00:14:52.124+0000] {processor.py:183} INFO - Processing /opt/airflow/dags/amazon_books_elt.py took 0.360 seconds
[2025-09-14T00:15:22.312+0000] {processor.py:161} INFO - Started process (PID=3025) to work on /opt/airflow/dags/amazon_books_elt.py
[2025-09-14T00:15:22.313+0000] {processor.py:830} INFO - Processing file /opt/airflow/dags/amazon_books_elt.py for tasks to queue
[2025-09-14T00:15:22.314+0000] {logging_mixin.py:188} INFO - [2025-09-14T00:15:22.314+0000] {dagbag.py:545} INFO - Filling up the DagBag from /opt/airflow/dags/amazon_books_elt.py
[2025-09-14T00:15:22.680+0000] {processor.py:842} WARNING - No viable dags retrieved from /opt/airflow/dags/amazon_books_elt.py
[2025-09-14T00:15:22.694+0000] {processor.py:183} INFO - Processing /opt/airflow/dags/amazon_books_elt.py took 0.386 seconds
[2025-09-14T00:15:52.902+0000] {processor.py:161} INFO - Started process (PID=3045) to work on /opt/airflow/dags/amazon_books_elt.py
[2025-09-14T00:15:52.903+0000] {processor.py:830} INFO - Processing file /opt/airflow/dags/amazon_books_elt.py for tasks to queue
[2025-09-14T00:15:52.904+0000] {logging_mixin.py:188} INFO - [2025-09-14T00:15:52.904+0000] {dagbag.py:545} INFO - Filling up the DagBag from /opt/airflow/dags/amazon_books_elt.py
[2025-09-14T00:15:53.266+0000] {processor.py:842} WARNING - No viable dags retrieved from /opt/airflow/dags/amazon_books_elt.py
[2025-09-14T00:15:53.275+0000] {processor.py:183} INFO - Processing /opt/airflow/dags/amazon_books_elt.py took 0.377 seconds
[2025-09-14T00:16:23.642+0000] {processor.py:161} INFO - Started process (PID=3065) to work on /opt/airflow/dags/amazon_books_elt.py
[2025-09-14T00:16:23.642+0000] {processor.py:830} INFO - Processing file /opt/airflow/dags/amazon_books_elt.py for tasks to queue
[2025-09-14T00:16:23.643+0000] {logging_mixin.py:188} INFO - [2025-09-14T00:16:23.643+0000] {dagbag.py:545} INFO - Filling up the DagBag from /opt/airflow/dags/amazon_books_elt.py
[2025-09-14T00:16:23.988+0000] {processor.py:842} WARNING - No viable dags retrieved from /opt/airflow/dags/amazon_books_elt.py
[2025-09-14T00:16:23.997+0000] {processor.py:183} INFO - Processing /opt/airflow/dags/amazon_books_elt.py took 0.359 seconds
[2025-09-14T00:16:54.364+0000] {processor.py:161} INFO - Started process (PID=3085) to work on /opt/airflow/dags/amazon_books_elt.py
[2025-09-14T00:16:54.364+0000] {processor.py:830} INFO - Processing file /opt/airflow/dags/amazon_books_elt.py for tasks to queue
[2025-09-14T00:16:54.366+0000] {logging_mixin.py:188} INFO - [2025-09-14T00:16:54.365+0000] {dagbag.py:545} INFO - Filling up the DagBag from /opt/airflow/dags/amazon_books_elt.py
[2025-09-14T00:16:54.697+0000] {processor.py:842} WARNING - No viable dags retrieved from /opt/airflow/dags/amazon_books_elt.py
[2025-09-14T00:16:54.706+0000] {processor.py:183} INFO - Processing /opt/airflow/dags/amazon_books_elt.py took 0.346 seconds
[2025-09-14T00:17:24.957+0000] {processor.py:161} INFO - Started process (PID=3105) to work on /opt/airflow/dags/amazon_books_elt.py
[2025-09-14T00:17:24.958+0000] {processor.py:830} INFO - Processing file /opt/airflow/dags/amazon_books_elt.py for tasks to queue
[2025-09-14T00:17:24.959+0000] {logging_mixin.py:188} INFO - [2025-09-14T00:17:24.959+0000] {dagbag.py:545} INFO - Filling up the DagBag from /opt/airflow/dags/amazon_books_elt.py
[2025-09-14T00:17:25.315+0000] {processor.py:842} WARNING - No viable dags retrieved from /opt/airflow/dags/amazon_books_elt.py
[2025-09-14T00:17:25.324+0000] {processor.py:183} INFO - Processing /opt/airflow/dags/amazon_books_elt.py took 0.371 seconds
[2025-09-14T00:17:55.488+0000] {processor.py:161} INFO - Started process (PID=3125) to work on /opt/airflow/dags/amazon_books_elt.py
[2025-09-14T00:17:55.489+0000] {processor.py:830} INFO - Processing file /opt/airflow/dags/amazon_books_elt.py for tasks to queue
[2025-09-14T00:17:55.491+0000] {logging_mixin.py:188} INFO - [2025-09-14T00:17:55.490+0000] {dagbag.py:545} INFO - Filling up the DagBag from /opt/airflow/dags/amazon_books_elt.py
[2025-09-14T00:17:55.866+0000] {processor.py:842} WARNING - No viable dags retrieved from /opt/airflow/dags/amazon_books_elt.py
[2025-09-14T00:17:55.877+0000] {processor.py:183} INFO - Processing /opt/airflow/dags/amazon_books_elt.py took 0.394 seconds
[2025-09-14T00:18:27.098+0000] {processor.py:161} INFO - Started process (PID=3145) to work on /opt/airflow/dags/amazon_books_elt.py
[2025-09-14T00:18:27.099+0000] {processor.py:830} INFO - Processing file /opt/airflow/dags/amazon_books_elt.py for tasks to queue
[2025-09-14T00:18:27.100+0000] {logging_mixin.py:188} INFO - [2025-09-14T00:18:27.100+0000] {dagbag.py:545} INFO - Filling up the DagBag from /opt/airflow/dags/amazon_books_elt.py
[2025-09-14T00:18:27.447+0000] {processor.py:842} WARNING - No viable dags retrieved from /opt/airflow/dags/amazon_books_elt.py
[2025-09-14T00:18:27.456+0000] {processor.py:183} INFO - Processing /opt/airflow/dags/amazon_books_elt.py took 0.362 seconds
[2025-09-14T00:18:43.151+0000] {processor.py:161} INFO - Started process (PID=3159) to work on /opt/airflow/dags/amazon_books_elt.py
[2025-09-14T00:18:43.152+0000] {processor.py:830} INFO - Processing file /opt/airflow/dags/amazon_books_elt.py for tasks to queue
[2025-09-14T00:18:43.153+0000] {logging_mixin.py:188} INFO - [2025-09-14T00:18:43.153+0000] {dagbag.py:545} INFO - Filling up the DagBag from /opt/airflow/dags/amazon_books_elt.py
[2025-09-14T00:18:43.519+0000] {processor.py:840} INFO - DAG(s) 'amazon_books_elt' retrieved from /opt/airflow/dags/amazon_books_elt.py
[2025-09-14T00:18:43.700+0000] {logging_mixin.py:188} INFO - [2025-09-14T00:18:43.699+0000] {override.py:1829} INFO - Created Permission View: can edit on DAG:amazon_books_elt
[2025-09-14T00:18:43.707+0000] {logging_mixin.py:188} INFO - [2025-09-14T00:18:43.706+0000] {override.py:1829} INFO - Created Permission View: can read on DAG:amazon_books_elt
[2025-09-14T00:18:43.711+0000] {logging_mixin.py:188} INFO - [2025-09-14T00:18:43.711+0000] {override.py:1829} INFO - Created Permission View: can delete on DAG:amazon_books_elt
[2025-09-14T00:18:43.712+0000] {logging_mixin.py:188} INFO - [2025-09-14T00:18:43.712+0000] {dag.py:3096} INFO - Sync 1 DAGs
[2025-09-14T00:18:43.719+0000] {logging_mixin.py:188} INFO - [2025-09-14T00:18:43.719+0000] {dag.py:3118} INFO - Creating ORM DAG for amazon_books_elt
[2025-09-14T00:18:43.725+0000] {logging_mixin.py:188} INFO - [2025-09-14T00:18:43.725+0000] {dag.py:3954} INFO - Setting next_dagrun for amazon_books_elt to None, run_after=None
[2025-09-14T00:18:43.736+0000] {processor.py:183} INFO - Processing /opt/airflow/dags/amazon_books_elt.py took 0.590 seconds
[2025-09-14T00:19:13.948+0000] {processor.py:161} INFO - Started process (PID=3179) to work on /opt/airflow/dags/amazon_books_elt.py
[2025-09-14T00:19:13.950+0000] {processor.py:830} INFO - Processing file /opt/airflow/dags/amazon_books_elt.py for tasks to queue
[2025-09-14T00:19:13.952+0000] {logging_mixin.py:188} INFO - [2025-09-14T00:19:13.952+0000] {dagbag.py:545} INFO - Filling up the DagBag from /opt/airflow/dags/amazon_books_elt.py
[2025-09-14T00:19:14.273+0000] {processor.py:840} INFO - DAG(s) 'amazon_books_elt' retrieved from /opt/airflow/dags/amazon_books_elt.py
[2025-09-14T00:19:14.284+0000] {logging_mixin.py:188} INFO - [2025-09-14T00:19:14.284+0000] {dag.py:3096} INFO - Sync 1 DAGs
[2025-09-14T00:19:14.297+0000] {logging_mixin.py:188} INFO - [2025-09-14T00:19:14.297+0000] {dag.py:3954} INFO - Setting next_dagrun for amazon_books_elt to None, run_after=None
[2025-09-14T00:19:14.307+0000] {processor.py:183} INFO - Processing /opt/airflow/dags/amazon_books_elt.py took 0.363 seconds
[2025-09-14T00:19:44.515+0000] {processor.py:161} INFO - Started process (PID=3199) to work on /opt/airflow/dags/amazon_books_elt.py
[2025-09-14T00:19:44.516+0000] {processor.py:830} INFO - Processing file /opt/airflow/dags/amazon_books_elt.py for tasks to queue
[2025-09-14T00:19:44.517+0000] {logging_mixin.py:188} INFO - [2025-09-14T00:19:44.517+0000] {dagbag.py:545} INFO - Filling up the DagBag from /opt/airflow/dags/amazon_books_elt.py
[2025-09-14T00:19:44.902+0000] {processor.py:840} INFO - DAG(s) 'amazon_books_elt' retrieved from /opt/airflow/dags/amazon_books_elt.py
[2025-09-14T00:19:44.914+0000] {logging_mixin.py:188} INFO - [2025-09-14T00:19:44.914+0000] {dag.py:3096} INFO - Sync 1 DAGs
[2025-09-14T00:19:44.926+0000] {logging_mixin.py:188} INFO - [2025-09-14T00:19:44.926+0000] {dag.py:3954} INFO - Setting next_dagrun for amazon_books_elt to None, run_after=None
[2025-09-14T00:19:44.938+0000] {processor.py:183} INFO - Processing /opt/airflow/dags/amazon_books_elt.py took 0.428 seconds
[2025-09-14T00:20:15.133+0000] {processor.py:161} INFO - Started process (PID=3219) to work on /opt/airflow/dags/amazon_books_elt.py
[2025-09-14T00:20:15.135+0000] {processor.py:830} INFO - Processing file /opt/airflow/dags/amazon_books_elt.py for tasks to queue
[2025-09-14T00:20:15.137+0000] {logging_mixin.py:188} INFO - [2025-09-14T00:20:15.136+0000] {dagbag.py:545} INFO - Filling up the DagBag from /opt/airflow/dags/amazon_books_elt.py
[2025-09-14T00:20:15.473+0000] {processor.py:840} INFO - DAG(s) 'amazon_books_elt' retrieved from /opt/airflow/dags/amazon_books_elt.py
[2025-09-14T00:20:15.485+0000] {logging_mixin.py:188} INFO - [2025-09-14T00:20:15.484+0000] {dag.py:3096} INFO - Sync 1 DAGs
[2025-09-14T00:20:15.497+0000] {logging_mixin.py:188} INFO - [2025-09-14T00:20:15.496+0000] {dag.py:3954} INFO - Setting next_dagrun for amazon_books_elt to None, run_after=None
[2025-09-14T00:20:15.509+0000] {processor.py:183} INFO - Processing /opt/airflow/dags/amazon_books_elt.py took 0.381 seconds
[2025-09-14T00:20:45.695+0000] {processor.py:161} INFO - Started process (PID=3233) to work on /opt/airflow/dags/amazon_books_elt.py
[2025-09-14T00:20:45.696+0000] {processor.py:830} INFO - Processing file /opt/airflow/dags/amazon_books_elt.py for tasks to queue
[2025-09-14T00:20:45.697+0000] {logging_mixin.py:188} INFO - [2025-09-14T00:20:45.697+0000] {dagbag.py:545} INFO - Filling up the DagBag from /opt/airflow/dags/amazon_books_elt.py
[2025-09-14T00:20:46.017+0000] {processor.py:840} INFO - DAG(s) 'amazon_books_elt' retrieved from /opt/airflow/dags/amazon_books_elt.py
[2025-09-14T00:20:46.027+0000] {logging_mixin.py:188} INFO - [2025-09-14T00:20:46.027+0000] {dag.py:3096} INFO - Sync 1 DAGs
[2025-09-14T00:20:46.039+0000] {logging_mixin.py:188} INFO - [2025-09-14T00:20:46.039+0000] {dag.py:3954} INFO - Setting next_dagrun for amazon_books_elt to None, run_after=None
[2025-09-14T00:20:46.049+0000] {processor.py:183} INFO - Processing /opt/airflow/dags/amazon_books_elt.py took 0.358 seconds
[2025-09-14T00:21:16.232+0000] {processor.py:161} INFO - Started process (PID=3253) to work on /opt/airflow/dags/amazon_books_elt.py
[2025-09-14T00:21:16.233+0000] {processor.py:830} INFO - Processing file /opt/airflow/dags/amazon_books_elt.py for tasks to queue
[2025-09-14T00:21:16.234+0000] {logging_mixin.py:188} INFO - [2025-09-14T00:21:16.234+0000] {dagbag.py:545} INFO - Filling up the DagBag from /opt/airflow/dags/amazon_books_elt.py
[2025-09-14T00:21:16.573+0000] {processor.py:840} INFO - DAG(s) 'amazon_books_elt' retrieved from /opt/airflow/dags/amazon_books_elt.py
[2025-09-14T00:21:16.585+0000] {logging_mixin.py:188} INFO - [2025-09-14T00:21:16.584+0000] {dag.py:3096} INFO - Sync 1 DAGs
[2025-09-14T00:21:16.598+0000] {logging_mixin.py:188} INFO - [2025-09-14T00:21:16.597+0000] {dag.py:3954} INFO - Setting next_dagrun for amazon_books_elt to None, run_after=None
[2025-09-14T00:21:16.610+0000] {processor.py:183} INFO - Processing /opt/airflow/dags/amazon_books_elt.py took 0.382 seconds
[2025-09-14T00:21:47.232+0000] {processor.py:161} INFO - Started process (PID=3273) to work on /opt/airflow/dags/amazon_books_elt.py
[2025-09-14T00:21:47.233+0000] {processor.py:830} INFO - Processing file /opt/airflow/dags/amazon_books_elt.py for tasks to queue
[2025-09-14T00:21:47.235+0000] {logging_mixin.py:188} INFO - [2025-09-14T00:21:47.235+0000] {dagbag.py:545} INFO - Filling up the DagBag from /opt/airflow/dags/amazon_books_elt.py
[2025-09-14T00:21:47.596+0000] {processor.py:840} INFO - DAG(s) 'amazon_books_elt' retrieved from /opt/airflow/dags/amazon_books_elt.py
[2025-09-14T00:21:47.608+0000] {logging_mixin.py:188} INFO - [2025-09-14T00:21:47.608+0000] {dag.py:3096} INFO - Sync 1 DAGs
[2025-09-14T00:21:47.621+0000] {logging_mixin.py:188} INFO - [2025-09-14T00:21:47.621+0000] {dag.py:3954} INFO - Setting next_dagrun for amazon_books_elt to None, run_after=None
[2025-09-14T00:21:47.633+0000] {processor.py:183} INFO - Processing /opt/airflow/dags/amazon_books_elt.py took 0.405 seconds
[2025-09-14T00:22:17.732+0000] {processor.py:161} INFO - Started process (PID=3293) to work on /opt/airflow/dags/amazon_books_elt.py
[2025-09-14T00:22:17.735+0000] {processor.py:830} INFO - Processing file /opt/airflow/dags/amazon_books_elt.py for tasks to queue
[2025-09-14T00:22:17.737+0000] {logging_mixin.py:188} INFO - [2025-09-14T00:22:17.736+0000] {dagbag.py:545} INFO - Filling up the DagBag from /opt/airflow/dags/amazon_books_elt.py
[2025-09-14T00:22:18.089+0000] {processor.py:840} INFO - DAG(s) 'amazon_books_elt' retrieved from /opt/airflow/dags/amazon_books_elt.py
[2025-09-14T00:22:18.102+0000] {logging_mixin.py:188} INFO - [2025-09-14T00:22:18.101+0000] {dag.py:3096} INFO - Sync 1 DAGs
[2025-09-14T00:22:18.117+0000] {logging_mixin.py:188} INFO - [2025-09-14T00:22:18.117+0000] {dag.py:3954} INFO - Setting next_dagrun for amazon_books_elt to None, run_after=None
[2025-09-14T00:22:18.128+0000] {processor.py:183} INFO - Processing /opt/airflow/dags/amazon_books_elt.py took 0.400 seconds
[2025-09-14T00:22:48.686+0000] {processor.py:161} INFO - Started process (PID=3313) to work on /opt/airflow/dags/amazon_books_elt.py
[2025-09-14T00:22:48.687+0000] {processor.py:830} INFO - Processing file /opt/airflow/dags/amazon_books_elt.py for tasks to queue
[2025-09-14T00:22:48.689+0000] {logging_mixin.py:188} INFO - [2025-09-14T00:22:48.689+0000] {dagbag.py:545} INFO - Filling up the DagBag from /opt/airflow/dags/amazon_books_elt.py
[2025-09-14T00:22:49.014+0000] {processor.py:840} INFO - DAG(s) 'amazon_books_elt' retrieved from /opt/airflow/dags/amazon_books_elt.py
[2025-09-14T00:22:49.026+0000] {logging_mixin.py:188} INFO - [2025-09-14T00:22:49.025+0000] {dag.py:3096} INFO - Sync 1 DAGs
[2025-09-14T00:22:49.040+0000] {logging_mixin.py:188} INFO - [2025-09-14T00:22:49.039+0000] {dag.py:3954} INFO - Setting next_dagrun for amazon_books_elt to None, run_after=None
[2025-09-14T00:22:49.053+0000] {processor.py:183} INFO - Processing /opt/airflow/dags/amazon_books_elt.py took 0.370 seconds
[2025-09-14T00:23:19.606+0000] {processor.py:161} INFO - Started process (PID=3333) to work on /opt/airflow/dags/amazon_books_elt.py
[2025-09-14T00:23:19.607+0000] {processor.py:830} INFO - Processing file /opt/airflow/dags/amazon_books_elt.py for tasks to queue
[2025-09-14T00:23:19.609+0000] {logging_mixin.py:188} INFO - [2025-09-14T00:23:19.609+0000] {dagbag.py:545} INFO - Filling up the DagBag from /opt/airflow/dags/amazon_books_elt.py
[2025-09-14T00:23:19.981+0000] {processor.py:840} INFO - DAG(s) 'amazon_books_elt' retrieved from /opt/airflow/dags/amazon_books_elt.py
[2025-09-14T00:23:19.993+0000] {logging_mixin.py:188} INFO - [2025-09-14T00:23:19.993+0000] {dag.py:3096} INFO - Sync 1 DAGs
[2025-09-14T00:23:20.005+0000] {logging_mixin.py:188} INFO - [2025-09-14T00:23:20.005+0000] {dag.py:3954} INFO - Setting next_dagrun for amazon_books_elt to None, run_after=None
[2025-09-14T00:23:20.017+0000] {processor.py:183} INFO - Processing /opt/airflow/dags/amazon_books_elt.py took 0.415 seconds
[2025-09-14T00:23:50.999+0000] {processor.py:161} INFO - Started process (PID=3353) to work on /opt/airflow/dags/amazon_books_elt.py
[2025-09-14T00:23:51.000+0000] {processor.py:830} INFO - Processing file /opt/airflow/dags/amazon_books_elt.py for tasks to queue
[2025-09-14T00:23:51.001+0000] {logging_mixin.py:188} INFO - [2025-09-14T00:23:51.001+0000] {dagbag.py:545} INFO - Filling up the DagBag from /opt/airflow/dags/amazon_books_elt.py
[2025-09-14T00:23:51.374+0000] {processor.py:840} INFO - DAG(s) 'amazon_books_elt' retrieved from /opt/airflow/dags/amazon_books_elt.py
[2025-09-14T00:23:51.386+0000] {logging_mixin.py:188} INFO - [2025-09-14T00:23:51.386+0000] {dag.py:3096} INFO - Sync 1 DAGs
[2025-09-14T00:23:51.399+0000] {logging_mixin.py:188} INFO - [2025-09-14T00:23:51.399+0000] {dag.py:3954} INFO - Setting next_dagrun for amazon_books_elt to None, run_after=None
[2025-09-14T00:23:51.413+0000] {processor.py:183} INFO - Processing /opt/airflow/dags/amazon_books_elt.py took 0.418 seconds
[2025-09-14T00:24:21.474+0000] {processor.py:161} INFO - Started process (PID=3373) to work on /opt/airflow/dags/amazon_books_elt.py
[2025-09-14T00:24:21.475+0000] {processor.py:830} INFO - Processing file /opt/airflow/dags/amazon_books_elt.py for tasks to queue
[2025-09-14T00:24:21.476+0000] {logging_mixin.py:188} INFO - [2025-09-14T00:24:21.476+0000] {dagbag.py:545} INFO - Filling up the DagBag from /opt/airflow/dags/amazon_books_elt.py
[2025-09-14T00:24:21.854+0000] {processor.py:840} INFO - DAG(s) 'amazon_books_elt' retrieved from /opt/airflow/dags/amazon_books_elt.py
[2025-09-14T00:24:21.865+0000] {logging_mixin.py:188} INFO - [2025-09-14T00:24:21.865+0000] {dag.py:3096} INFO - Sync 1 DAGs
[2025-09-14T00:24:21.878+0000] {logging_mixin.py:188} INFO - [2025-09-14T00:24:21.878+0000] {dag.py:3954} INFO - Setting next_dagrun for amazon_books_elt to None, run_after=None
[2025-09-14T00:24:21.889+0000] {processor.py:183} INFO - Processing /opt/airflow/dags/amazon_books_elt.py took 0.419 seconds
[2025-09-14T00:24:51.965+0000] {processor.py:161} INFO - Started process (PID=3393) to work on /opt/airflow/dags/amazon_books_elt.py
[2025-09-14T00:24:51.966+0000] {processor.py:830} INFO - Processing file /opt/airflow/dags/amazon_books_elt.py for tasks to queue
[2025-09-14T00:24:51.967+0000] {logging_mixin.py:188} INFO - [2025-09-14T00:24:51.967+0000] {dagbag.py:545} INFO - Filling up the DagBag from /opt/airflow/dags/amazon_books_elt.py
[2025-09-14T00:24:52.311+0000] {processor.py:840} INFO - DAG(s) 'amazon_books_elt' retrieved from /opt/airflow/dags/amazon_books_elt.py
[2025-09-14T00:24:52.324+0000] {logging_mixin.py:188} INFO - [2025-09-14T00:24:52.323+0000] {dag.py:3096} INFO - Sync 1 DAGs
[2025-09-14T00:24:52.350+0000] {logging_mixin.py:188} INFO - [2025-09-14T00:24:52.350+0000] {dag.py:3954} INFO - Setting next_dagrun for amazon_books_elt to None, run_after=None
[2025-09-14T00:24:52.369+0000] {processor.py:183} INFO - Processing /opt/airflow/dags/amazon_books_elt.py took 0.408 seconds
[2025-09-14T00:25:22.452+0000] {processor.py:161} INFO - Started process (PID=3413) to work on /opt/airflow/dags/amazon_books_elt.py
[2025-09-14T00:25:22.454+0000] {processor.py:830} INFO - Processing file /opt/airflow/dags/amazon_books_elt.py for tasks to queue
[2025-09-14T00:25:22.456+0000] {logging_mixin.py:188} INFO - [2025-09-14T00:25:22.456+0000] {dagbag.py:545} INFO - Filling up the DagBag from /opt/airflow/dags/amazon_books_elt.py
[2025-09-14T00:25:22.804+0000] {processor.py:840} INFO - DAG(s) 'amazon_books_elt' retrieved from /opt/airflow/dags/amazon_books_elt.py
[2025-09-14T00:25:22.815+0000] {logging_mixin.py:188} INFO - [2025-09-14T00:25:22.815+0000] {dag.py:3096} INFO - Sync 1 DAGs
[2025-09-14T00:25:22.829+0000] {logging_mixin.py:188} INFO - [2025-09-14T00:25:22.828+0000] {dag.py:3954} INFO - Setting next_dagrun for amazon_books_elt to None, run_after=None
[2025-09-14T00:25:22.839+0000] {processor.py:183} INFO - Processing /opt/airflow/dags/amazon_books_elt.py took 0.391 seconds
[2025-09-14T00:25:52.877+0000] {processor.py:161} INFO - Started process (PID=3433) to work on /opt/airflow/dags/amazon_books_elt.py
[2025-09-14T00:25:52.878+0000] {processor.py:830} INFO - Processing file /opt/airflow/dags/amazon_books_elt.py for tasks to queue
[2025-09-14T00:25:52.880+0000] {logging_mixin.py:188} INFO - [2025-09-14T00:25:52.879+0000] {dagbag.py:545} INFO - Filling up the DagBag from /opt/airflow/dags/amazon_books_elt.py
[2025-09-14T00:25:53.230+0000] {processor.py:840} INFO - DAG(s) 'amazon_books_elt' retrieved from /opt/airflow/dags/amazon_books_elt.py
[2025-09-14T00:25:53.241+0000] {logging_mixin.py:188} INFO - [2025-09-14T00:25:53.241+0000] {dag.py:3096} INFO - Sync 1 DAGs
[2025-09-14T00:25:53.255+0000] {logging_mixin.py:188} INFO - [2025-09-14T00:25:53.255+0000] {dag.py:3954} INFO - Setting next_dagrun for amazon_books_elt to None, run_after=None
[2025-09-14T00:25:53.265+0000] {processor.py:183} INFO - Processing /opt/airflow/dags/amazon_books_elt.py took 0.392 seconds
[2025-09-14T00:26:23.313+0000] {processor.py:161} INFO - Started process (PID=3453) to work on /opt/airflow/dags/amazon_books_elt.py
[2025-09-14T00:26:23.314+0000] {processor.py:830} INFO - Processing file /opt/airflow/dags/amazon_books_elt.py for tasks to queue
[2025-09-14T00:26:23.316+0000] {logging_mixin.py:188} INFO - [2025-09-14T00:26:23.316+0000] {dagbag.py:545} INFO - Filling up the DagBag from /opt/airflow/dags/amazon_books_elt.py
[2025-09-14T00:26:23.698+0000] {processor.py:840} INFO - DAG(s) 'amazon_books_elt' retrieved from /opt/airflow/dags/amazon_books_elt.py
[2025-09-14T00:26:23.714+0000] {logging_mixin.py:188} INFO - [2025-09-14T00:26:23.714+0000] {dag.py:3096} INFO - Sync 1 DAGs
[2025-09-14T00:26:23.729+0000] {logging_mixin.py:188} INFO - [2025-09-14T00:26:23.729+0000] {dag.py:3954} INFO - Setting next_dagrun for amazon_books_elt to None, run_after=None
[2025-09-14T00:26:23.748+0000] {processor.py:183} INFO - Processing /opt/airflow/dags/amazon_books_elt.py took 0.440 seconds
[2025-09-14T00:26:53.795+0000] {processor.py:161} INFO - Started process (PID=3473) to work on /opt/airflow/dags/amazon_books_elt.py
[2025-09-14T00:26:53.798+0000] {processor.py:830} INFO - Processing file /opt/airflow/dags/amazon_books_elt.py for tasks to queue
[2025-09-14T00:26:53.799+0000] {logging_mixin.py:188} INFO - [2025-09-14T00:26:53.799+0000] {dagbag.py:545} INFO - Filling up the DagBag from /opt/airflow/dags/amazon_books_elt.py
[2025-09-14T00:26:54.158+0000] {processor.py:840} INFO - DAG(s) 'amazon_books_elt' retrieved from /opt/airflow/dags/amazon_books_elt.py
[2025-09-14T00:26:54.169+0000] {logging_mixin.py:188} INFO - [2025-09-14T00:26:54.169+0000] {dag.py:3096} INFO - Sync 1 DAGs
[2025-09-14T00:26:54.181+0000] {logging_mixin.py:188} INFO - [2025-09-14T00:26:54.181+0000] {dag.py:3954} INFO - Setting next_dagrun for amazon_books_elt to None, run_after=None
[2025-09-14T00:26:54.194+0000] {processor.py:183} INFO - Processing /opt/airflow/dags/amazon_books_elt.py took 0.403 seconds
[2025-09-14T00:27:24.233+0000] {processor.py:161} INFO - Started process (PID=3493) to work on /opt/airflow/dags/amazon_books_elt.py
[2025-09-14T00:27:24.235+0000] {processor.py:830} INFO - Processing file /opt/airflow/dags/amazon_books_elt.py for tasks to queue
[2025-09-14T00:27:24.237+0000] {logging_mixin.py:188} INFO - [2025-09-14T00:27:24.236+0000] {dagbag.py:545} INFO - Filling up the DagBag from /opt/airflow/dags/amazon_books_elt.py
[2025-09-14T00:27:24.580+0000] {processor.py:840} INFO - DAG(s) 'amazon_books_elt' retrieved from /opt/airflow/dags/amazon_books_elt.py
[2025-09-14T00:27:24.590+0000] {logging_mixin.py:188} INFO - [2025-09-14T00:27:24.590+0000] {dag.py:3096} INFO - Sync 1 DAGs
[2025-09-14T00:27:24.603+0000] {logging_mixin.py:188} INFO - [2025-09-14T00:27:24.603+0000] {dag.py:3954} INFO - Setting next_dagrun for amazon_books_elt to None, run_after=None
[2025-09-14T00:27:24.616+0000] {processor.py:183} INFO - Processing /opt/airflow/dags/amazon_books_elt.py took 0.387 seconds
[2025-09-14T00:27:54.648+0000] {processor.py:161} INFO - Started process (PID=3513) to work on /opt/airflow/dags/amazon_books_elt.py
[2025-09-14T00:27:54.649+0000] {processor.py:830} INFO - Processing file /opt/airflow/dags/amazon_books_elt.py for tasks to queue
[2025-09-14T00:27:54.650+0000] {logging_mixin.py:188} INFO - [2025-09-14T00:27:54.650+0000] {dagbag.py:545} INFO - Filling up the DagBag from /opt/airflow/dags/amazon_books_elt.py
[2025-09-14T00:27:54.975+0000] {processor.py:840} INFO - DAG(s) 'amazon_books_elt' retrieved from /opt/airflow/dags/amazon_books_elt.py
[2025-09-14T00:27:54.986+0000] {logging_mixin.py:188} INFO - [2025-09-14T00:27:54.986+0000] {dag.py:3096} INFO - Sync 1 DAGs
[2025-09-14T00:27:54.998+0000] {logging_mixin.py:188} INFO - [2025-09-14T00:27:54.997+0000] {dag.py:3954} INFO - Setting next_dagrun for amazon_books_elt to None, run_after=None
[2025-09-14T00:27:55.010+0000] {processor.py:183} INFO - Processing /opt/airflow/dags/amazon_books_elt.py took 0.366 seconds
[2025-09-14T00:28:25.039+0000] {processor.py:161} INFO - Started process (PID=3533) to work on /opt/airflow/dags/amazon_books_elt.py
[2025-09-14T00:28:25.042+0000] {processor.py:830} INFO - Processing file /opt/airflow/dags/amazon_books_elt.py for tasks to queue
[2025-09-14T00:28:25.043+0000] {logging_mixin.py:188} INFO - [2025-09-14T00:28:25.043+0000] {dagbag.py:545} INFO - Filling up the DagBag from /opt/airflow/dags/amazon_books_elt.py
[2025-09-14T00:28:25.397+0000] {processor.py:840} INFO - DAG(s) 'amazon_books_elt' retrieved from /opt/airflow/dags/amazon_books_elt.py
[2025-09-14T00:28:25.408+0000] {logging_mixin.py:188} INFO - [2025-09-14T00:28:25.408+0000] {dag.py:3096} INFO - Sync 1 DAGs
[2025-09-14T00:28:25.421+0000] {logging_mixin.py:188} INFO - [2025-09-14T00:28:25.421+0000] {dag.py:3954} INFO - Setting next_dagrun for amazon_books_elt to None, run_after=None
[2025-09-14T00:28:25.436+0000] {processor.py:183} INFO - Processing /opt/airflow/dags/amazon_books_elt.py took 0.401 seconds
[2025-09-14T00:28:55.561+0000] {processor.py:161} INFO - Started process (PID=3553) to work on /opt/airflow/dags/amazon_books_elt.py
[2025-09-14T00:28:55.562+0000] {processor.py:830} INFO - Processing file /opt/airflow/dags/amazon_books_elt.py for tasks to queue
[2025-09-14T00:28:55.563+0000] {logging_mixin.py:188} INFO - [2025-09-14T00:28:55.563+0000] {dagbag.py:545} INFO - Filling up the DagBag from /opt/airflow/dags/amazon_books_elt.py
[2025-09-14T00:28:55.940+0000] {processor.py:840} INFO - DAG(s) 'amazon_books_elt' retrieved from /opt/airflow/dags/amazon_books_elt.py
[2025-09-14T00:28:55.952+0000] {logging_mixin.py:188} INFO - [2025-09-14T00:28:55.951+0000] {dag.py:3096} INFO - Sync 1 DAGs
[2025-09-14T00:28:55.966+0000] {logging_mixin.py:188} INFO - [2025-09-14T00:28:55.966+0000] {dag.py:3954} INFO - Setting next_dagrun for amazon_books_elt to None, run_after=None
[2025-09-14T00:28:55.978+0000] {processor.py:183} INFO - Processing /opt/airflow/dags/amazon_books_elt.py took 0.422 seconds
[2025-09-14T00:29:26.151+0000] {processor.py:161} INFO - Started process (PID=3573) to work on /opt/airflow/dags/amazon_books_elt.py
[2025-09-14T00:29:26.153+0000] {processor.py:830} INFO - Processing file /opt/airflow/dags/amazon_books_elt.py for tasks to queue
[2025-09-14T00:29:26.155+0000] {logging_mixin.py:188} INFO - [2025-09-14T00:29:26.155+0000] {dagbag.py:545} INFO - Filling up the DagBag from /opt/airflow/dags/amazon_books_elt.py
[2025-09-14T00:29:26.552+0000] {processor.py:840} INFO - DAG(s) 'amazon_books_elt' retrieved from /opt/airflow/dags/amazon_books_elt.py
[2025-09-14T00:29:26.564+0000] {logging_mixin.py:188} INFO - [2025-09-14T00:29:26.564+0000] {dag.py:3096} INFO - Sync 1 DAGs
[2025-09-14T00:29:26.579+0000] {logging_mixin.py:188} INFO - [2025-09-14T00:29:26.578+0000] {dag.py:3954} INFO - Setting next_dagrun for amazon_books_elt to None, run_after=None
[2025-09-14T00:29:26.591+0000] {processor.py:183} INFO - Processing /opt/airflow/dags/amazon_books_elt.py took 0.445 seconds
[2025-09-14T00:29:56.725+0000] {processor.py:161} INFO - Started process (PID=3593) to work on /opt/airflow/dags/amazon_books_elt.py
[2025-09-14T00:29:56.726+0000] {processor.py:830} INFO - Processing file /opt/airflow/dags/amazon_books_elt.py for tasks to queue
[2025-09-14T00:29:56.728+0000] {logging_mixin.py:188} INFO - [2025-09-14T00:29:56.728+0000] {dagbag.py:545} INFO - Filling up the DagBag from /opt/airflow/dags/amazon_books_elt.py
[2025-09-14T00:29:57.108+0000] {processor.py:840} INFO - DAG(s) 'amazon_books_elt' retrieved from /opt/airflow/dags/amazon_books_elt.py
[2025-09-14T00:29:57.120+0000] {logging_mixin.py:188} INFO - [2025-09-14T00:29:57.119+0000] {dag.py:3096} INFO - Sync 1 DAGs
[2025-09-14T00:29:57.134+0000] {logging_mixin.py:188} INFO - [2025-09-14T00:29:57.134+0000] {dag.py:3954} INFO - Setting next_dagrun for amazon_books_elt to None, run_after=None
[2025-09-14T00:29:57.147+0000] {processor.py:183} INFO - Processing /opt/airflow/dags/amazon_books_elt.py took 0.426 seconds
[2025-09-14T00:30:27.290+0000] {processor.py:161} INFO - Started process (PID=3613) to work on /opt/airflow/dags/amazon_books_elt.py
[2025-09-14T00:30:27.291+0000] {processor.py:830} INFO - Processing file /opt/airflow/dags/amazon_books_elt.py for tasks to queue
[2025-09-14T00:30:27.294+0000] {logging_mixin.py:188} INFO - [2025-09-14T00:30:27.293+0000] {dagbag.py:545} INFO - Filling up the DagBag from /opt/airflow/dags/amazon_books_elt.py
[2025-09-14T00:30:27.649+0000] {processor.py:840} INFO - DAG(s) 'amazon_books_elt' retrieved from /opt/airflow/dags/amazon_books_elt.py
[2025-09-14T00:30:27.660+0000] {logging_mixin.py:188} INFO - [2025-09-14T00:30:27.660+0000] {dag.py:3096} INFO - Sync 1 DAGs
[2025-09-14T00:30:27.673+0000] {logging_mixin.py:188} INFO - [2025-09-14T00:30:27.673+0000] {dag.py:3954} INFO - Setting next_dagrun for amazon_books_elt to None, run_after=None
[2025-09-14T00:30:27.684+0000] {processor.py:183} INFO - Processing /opt/airflow/dags/amazon_books_elt.py took 0.398 seconds
[2025-09-14T00:30:57.820+0000] {processor.py:161} INFO - Started process (PID=3633) to work on /opt/airflow/dags/amazon_books_elt.py
[2025-09-14T00:30:57.822+0000] {processor.py:830} INFO - Processing file /opt/airflow/dags/amazon_books_elt.py for tasks to queue
[2025-09-14T00:30:57.824+0000] {logging_mixin.py:188} INFO - [2025-09-14T00:30:57.823+0000] {dagbag.py:545} INFO - Filling up the DagBag from /opt/airflow/dags/amazon_books_elt.py
[2025-09-14T00:30:58.168+0000] {processor.py:840} INFO - DAG(s) 'amazon_books_elt' retrieved from /opt/airflow/dags/amazon_books_elt.py
[2025-09-14T00:30:58.180+0000] {logging_mixin.py:188} INFO - [2025-09-14T00:30:58.180+0000] {dag.py:3096} INFO - Sync 1 DAGs
[2025-09-14T00:30:58.196+0000] {logging_mixin.py:188} INFO - [2025-09-14T00:30:58.195+0000] {dag.py:3954} INFO - Setting next_dagrun for amazon_books_elt to None, run_after=None
[2025-09-14T00:30:58.208+0000] {processor.py:183} INFO - Processing /opt/airflow/dags/amazon_books_elt.py took 0.392 seconds
[2025-09-14T00:31:28.350+0000] {processor.py:161} INFO - Started process (PID=3653) to work on /opt/airflow/dags/amazon_books_elt.py
[2025-09-14T00:31:28.351+0000] {processor.py:830} INFO - Processing file /opt/airflow/dags/amazon_books_elt.py for tasks to queue
[2025-09-14T00:31:28.352+0000] {logging_mixin.py:188} INFO - [2025-09-14T00:31:28.352+0000] {dagbag.py:545} INFO - Filling up the DagBag from /opt/airflow/dags/amazon_books_elt.py
[2025-09-14T00:31:28.719+0000] {processor.py:840} INFO - DAG(s) 'amazon_books_elt' retrieved from /opt/airflow/dags/amazon_books_elt.py
[2025-09-14T00:31:28.730+0000] {logging_mixin.py:188} INFO - [2025-09-14T00:31:28.730+0000] {dag.py:3096} INFO - Sync 1 DAGs
[2025-09-14T00:31:28.743+0000] {logging_mixin.py:188} INFO - [2025-09-14T00:31:28.743+0000] {dag.py:3954} INFO - Setting next_dagrun for amazon_books_elt to None, run_after=None
[2025-09-14T00:31:28.755+0000] {processor.py:183} INFO - Processing /opt/airflow/dags/amazon_books_elt.py took 0.409 seconds
[2025-09-14T00:31:58.879+0000] {processor.py:161} INFO - Started process (PID=3673) to work on /opt/airflow/dags/amazon_books_elt.py
[2025-09-14T00:31:58.880+0000] {processor.py:830} INFO - Processing file /opt/airflow/dags/amazon_books_elt.py for tasks to queue
[2025-09-14T00:31:58.881+0000] {logging_mixin.py:188} INFO - [2025-09-14T00:31:58.881+0000] {dagbag.py:545} INFO - Filling up the DagBag from /opt/airflow/dags/amazon_books_elt.py
[2025-09-14T00:31:59.244+0000] {processor.py:840} INFO - DAG(s) 'amazon_books_elt' retrieved from /opt/airflow/dags/amazon_books_elt.py
[2025-09-14T00:31:59.255+0000] {logging_mixin.py:188} INFO - [2025-09-14T00:31:59.255+0000] {dag.py:3096} INFO - Sync 1 DAGs
[2025-09-14T00:31:59.270+0000] {logging_mixin.py:188} INFO - [2025-09-14T00:31:59.269+0000] {dag.py:3954} INFO - Setting next_dagrun for amazon_books_elt to None, run_after=None
[2025-09-14T00:31:59.282+0000] {processor.py:183} INFO - Processing /opt/airflow/dags/amazon_books_elt.py took 0.407 seconds
[2025-09-14T00:32:29.399+0000] {processor.py:161} INFO - Started process (PID=3693) to work on /opt/airflow/dags/amazon_books_elt.py
[2025-09-14T00:32:29.402+0000] {processor.py:830} INFO - Processing file /opt/airflow/dags/amazon_books_elt.py for tasks to queue
[2025-09-14T00:32:29.403+0000] {logging_mixin.py:188} INFO - [2025-09-14T00:32:29.403+0000] {dagbag.py:545} INFO - Filling up the DagBag from /opt/airflow/dags/amazon_books_elt.py
[2025-09-14T00:32:29.761+0000] {processor.py:840} INFO - DAG(s) 'amazon_books_elt' retrieved from /opt/airflow/dags/amazon_books_elt.py
[2025-09-14T00:32:29.773+0000] {logging_mixin.py:188} INFO - [2025-09-14T00:32:29.773+0000] {dag.py:3096} INFO - Sync 1 DAGs
[2025-09-14T00:32:29.788+0000] {logging_mixin.py:188} INFO - [2025-09-14T00:32:29.788+0000] {dag.py:3954} INFO - Setting next_dagrun for amazon_books_elt to None, run_after=None
[2025-09-14T00:32:29.801+0000] {processor.py:183} INFO - Processing /opt/airflow/dags/amazon_books_elt.py took 0.405 seconds
[2025-09-14T00:32:59.924+0000] {processor.py:161} INFO - Started process (PID=3713) to work on /opt/airflow/dags/amazon_books_elt.py
[2025-09-14T00:32:59.925+0000] {processor.py:830} INFO - Processing file /opt/airflow/dags/amazon_books_elt.py for tasks to queue
[2025-09-14T00:32:59.927+0000] {logging_mixin.py:188} INFO - [2025-09-14T00:32:59.926+0000] {dagbag.py:545} INFO - Filling up the DagBag from /opt/airflow/dags/amazon_books_elt.py
[2025-09-14T00:33:00.285+0000] {processor.py:840} INFO - DAG(s) 'amazon_books_elt' retrieved from /opt/airflow/dags/amazon_books_elt.py
[2025-09-14T00:33:00.297+0000] {logging_mixin.py:188} INFO - [2025-09-14T00:33:00.296+0000] {dag.py:3096} INFO - Sync 1 DAGs
[2025-09-14T00:33:00.310+0000] {logging_mixin.py:188} INFO - [2025-09-14T00:33:00.310+0000] {dag.py:3954} INFO - Setting next_dagrun for amazon_books_elt to None, run_after=None
[2025-09-14T00:33:00.325+0000] {processor.py:183} INFO - Processing /opt/airflow/dags/amazon_books_elt.py took 0.406 seconds
[2025-09-14T00:33:30.452+0000] {processor.py:161} INFO - Started process (PID=3733) to work on /opt/airflow/dags/amazon_books_elt.py
[2025-09-14T00:33:30.455+0000] {processor.py:830} INFO - Processing file /opt/airflow/dags/amazon_books_elt.py for tasks to queue
[2025-09-14T00:33:30.456+0000] {logging_mixin.py:188} INFO - [2025-09-14T00:33:30.456+0000] {dagbag.py:545} INFO - Filling up the DagBag from /opt/airflow/dags/amazon_books_elt.py
[2025-09-14T00:33:30.807+0000] {processor.py:840} INFO - DAG(s) 'amazon_books_elt' retrieved from /opt/airflow/dags/amazon_books_elt.py
[2025-09-14T00:33:30.818+0000] {logging_mixin.py:188} INFO - [2025-09-14T00:33:30.818+0000] {dag.py:3096} INFO - Sync 1 DAGs
[2025-09-14T00:33:30.832+0000] {logging_mixin.py:188} INFO - [2025-09-14T00:33:30.831+0000] {dag.py:3954} INFO - Setting next_dagrun for amazon_books_elt to None, run_after=None
[2025-09-14T00:33:30.843+0000] {processor.py:183} INFO - Processing /opt/airflow/dags/amazon_books_elt.py took 0.395 seconds
[2025-09-14T00:34:00.969+0000] {processor.py:161} INFO - Started process (PID=3753) to work on /opt/airflow/dags/amazon_books_elt.py
[2025-09-14T00:34:00.970+0000] {processor.py:830} INFO - Processing file /opt/airflow/dags/amazon_books_elt.py for tasks to queue
[2025-09-14T00:34:00.971+0000] {logging_mixin.py:188} INFO - [2025-09-14T00:34:00.971+0000] {dagbag.py:545} INFO - Filling up the DagBag from /opt/airflow/dags/amazon_books_elt.py
[2025-09-14T00:34:01.319+0000] {processor.py:840} INFO - DAG(s) 'amazon_books_elt' retrieved from /opt/airflow/dags/amazon_books_elt.py
[2025-09-14T00:34:01.329+0000] {logging_mixin.py:188} INFO - [2025-09-14T00:34:01.329+0000] {dag.py:3096} INFO - Sync 1 DAGs
[2025-09-14T00:34:01.342+0000] {logging_mixin.py:188} INFO - [2025-09-14T00:34:01.342+0000] {dag.py:3954} INFO - Setting next_dagrun for amazon_books_elt to None, run_after=None
[2025-09-14T00:34:01.353+0000] {processor.py:183} INFO - Processing /opt/airflow/dags/amazon_books_elt.py took 0.389 seconds
[2025-09-14T00:34:31.483+0000] {processor.py:161} INFO - Started process (PID=3773) to work on /opt/airflow/dags/amazon_books_elt.py
[2025-09-14T00:34:31.484+0000] {processor.py:830} INFO - Processing file /opt/airflow/dags/amazon_books_elt.py for tasks to queue
[2025-09-14T00:34:31.486+0000] {logging_mixin.py:188} INFO - [2025-09-14T00:34:31.486+0000] {dagbag.py:545} INFO - Filling up the DagBag from /opt/airflow/dags/amazon_books_elt.py
[2025-09-14T00:34:31.859+0000] {processor.py:840} INFO - DAG(s) 'amazon_books_elt' retrieved from /opt/airflow/dags/amazon_books_elt.py
[2025-09-14T00:34:31.871+0000] {logging_mixin.py:188} INFO - [2025-09-14T00:34:31.871+0000] {dag.py:3096} INFO - Sync 1 DAGs
[2025-09-14T00:34:31.885+0000] {logging_mixin.py:188} INFO - [2025-09-14T00:34:31.884+0000] {dag.py:3954} INFO - Setting next_dagrun for amazon_books_elt to None, run_after=None
[2025-09-14T00:34:31.900+0000] {processor.py:183} INFO - Processing /opt/airflow/dags/amazon_books_elt.py took 0.421 seconds
[2025-09-14T00:35:02.028+0000] {processor.py:161} INFO - Started process (PID=3793) to work on /opt/airflow/dags/amazon_books_elt.py
[2025-09-14T00:35:02.031+0000] {processor.py:830} INFO - Processing file /opt/airflow/dags/amazon_books_elt.py for tasks to queue
[2025-09-14T00:35:02.033+0000] {logging_mixin.py:188} INFO - [2025-09-14T00:35:02.033+0000] {dagbag.py:545} INFO - Filling up the DagBag from /opt/airflow/dags/amazon_books_elt.py
[2025-09-14T00:35:02.425+0000] {processor.py:840} INFO - DAG(s) 'amazon_books_elt' retrieved from /opt/airflow/dags/amazon_books_elt.py
[2025-09-14T00:35:02.437+0000] {logging_mixin.py:188} INFO - [2025-09-14T00:35:02.437+0000] {dag.py:3096} INFO - Sync 1 DAGs
[2025-09-14T00:35:02.454+0000] {logging_mixin.py:188} INFO - [2025-09-14T00:35:02.454+0000] {dag.py:3954} INFO - Setting next_dagrun for amazon_books_elt to None, run_after=None
[2025-09-14T00:35:02.468+0000] {processor.py:183} INFO - Processing /opt/airflow/dags/amazon_books_elt.py took 0.443 seconds
[2025-09-14T00:35:32.603+0000] {processor.py:161} INFO - Started process (PID=3813) to work on /opt/airflow/dags/amazon_books_elt.py
[2025-09-14T00:35:32.604+0000] {processor.py:830} INFO - Processing file /opt/airflow/dags/amazon_books_elt.py for tasks to queue
[2025-09-14T00:35:32.605+0000] {logging_mixin.py:188} INFO - [2025-09-14T00:35:32.605+0000] {dagbag.py:545} INFO - Filling up the DagBag from /opt/airflow/dags/amazon_books_elt.py
[2025-09-14T00:35:32.949+0000] {processor.py:840} INFO - DAG(s) 'amazon_books_elt' retrieved from /opt/airflow/dags/amazon_books_elt.py
[2025-09-14T00:35:32.961+0000] {logging_mixin.py:188} INFO - [2025-09-14T00:35:32.961+0000] {dag.py:3096} INFO - Sync 1 DAGs
[2025-09-14T00:35:32.974+0000] {logging_mixin.py:188} INFO - [2025-09-14T00:35:32.974+0000] {dag.py:3954} INFO - Setting next_dagrun for amazon_books_elt to None, run_after=None
[2025-09-14T00:35:32.986+0000] {processor.py:183} INFO - Processing /opt/airflow/dags/amazon_books_elt.py took 0.387 seconds
[2025-09-14T00:36:03.108+0000] {processor.py:161} INFO - Started process (PID=3839) to work on /opt/airflow/dags/amazon_books_elt.py
[2025-09-14T00:36:03.111+0000] {processor.py:830} INFO - Processing file /opt/airflow/dags/amazon_books_elt.py for tasks to queue
[2025-09-14T00:36:03.112+0000] {logging_mixin.py:188} INFO - [2025-09-14T00:36:03.112+0000] {dagbag.py:545} INFO - Filling up the DagBag from /opt/airflow/dags/amazon_books_elt.py
[2025-09-14T00:36:03.500+0000] {processor.py:840} INFO - DAG(s) 'amazon_books_elt' retrieved from /opt/airflow/dags/amazon_books_elt.py
[2025-09-14T00:36:03.513+0000] {logging_mixin.py:188} INFO - [2025-09-14T00:36:03.513+0000] {dag.py:3096} INFO - Sync 1 DAGs
[2025-09-14T00:36:03.528+0000] {logging_mixin.py:188} INFO - [2025-09-14T00:36:03.528+0000] {dag.py:3954} INFO - Setting next_dagrun for amazon_books_elt to None, run_after=None
[2025-09-14T00:36:03.543+0000] {processor.py:183} INFO - Processing /opt/airflow/dags/amazon_books_elt.py took 0.439 seconds
[2025-09-14T00:36:33.671+0000] {processor.py:161} INFO - Started process (PID=3859) to work on /opt/airflow/dags/amazon_books_elt.py
[2025-09-14T00:36:33.672+0000] {processor.py:830} INFO - Processing file /opt/airflow/dags/amazon_books_elt.py for tasks to queue
[2025-09-14T00:36:33.673+0000] {logging_mixin.py:188} INFO - [2025-09-14T00:36:33.673+0000] {dagbag.py:545} INFO - Filling up the DagBag from /opt/airflow/dags/amazon_books_elt.py
[2025-09-14T00:36:34.026+0000] {processor.py:840} INFO - DAG(s) 'amazon_books_elt' retrieved from /opt/airflow/dags/amazon_books_elt.py
[2025-09-14T00:36:34.037+0000] {logging_mixin.py:188} INFO - [2025-09-14T00:36:34.037+0000] {dag.py:3096} INFO - Sync 1 DAGs
[2025-09-14T00:36:34.049+0000] {logging_mixin.py:188} INFO - [2025-09-14T00:36:34.049+0000] {dag.py:3954} INFO - Setting next_dagrun for amazon_books_elt to None, run_after=None
[2025-09-14T00:36:34.060+0000] {processor.py:183} INFO - Processing /opt/airflow/dags/amazon_books_elt.py took 0.394 seconds
[2025-09-14T00:37:04.183+0000] {processor.py:161} INFO - Started process (PID=3879) to work on /opt/airflow/dags/amazon_books_elt.py
[2025-09-14T00:37:04.184+0000] {processor.py:830} INFO - Processing file /opt/airflow/dags/amazon_books_elt.py for tasks to queue
[2025-09-14T00:37:04.185+0000] {logging_mixin.py:188} INFO - [2025-09-14T00:37:04.185+0000] {dagbag.py:545} INFO - Filling up the DagBag from /opt/airflow/dags/amazon_books_elt.py
[2025-09-14T00:37:04.525+0000] {processor.py:840} INFO - DAG(s) 'amazon_books_elt' retrieved from /opt/airflow/dags/amazon_books_elt.py
[2025-09-14T00:37:04.537+0000] {logging_mixin.py:188} INFO - [2025-09-14T00:37:04.537+0000] {dag.py:3096} INFO - Sync 1 DAGs
[2025-09-14T00:37:04.550+0000] {logging_mixin.py:188} INFO - [2025-09-14T00:37:04.550+0000] {dag.py:3954} INFO - Setting next_dagrun for amazon_books_elt to None, run_after=None
[2025-09-14T00:37:04.563+0000] {processor.py:183} INFO - Processing /opt/airflow/dags/amazon_books_elt.py took 0.385 seconds
[2025-09-14T00:37:34.682+0000] {processor.py:161} INFO - Started process (PID=3899) to work on /opt/airflow/dags/amazon_books_elt.py
[2025-09-14T00:37:34.685+0000] {processor.py:830} INFO - Processing file /opt/airflow/dags/amazon_books_elt.py for tasks to queue
[2025-09-14T00:37:34.686+0000] {logging_mixin.py:188} INFO - [2025-09-14T00:37:34.686+0000] {dagbag.py:545} INFO - Filling up the DagBag from /opt/airflow/dags/amazon_books_elt.py
[2025-09-14T00:37:35.024+0000] {processor.py:840} INFO - DAG(s) 'amazon_books_elt' retrieved from /opt/airflow/dags/amazon_books_elt.py
[2025-09-14T00:37:35.035+0000] {logging_mixin.py:188} INFO - [2025-09-14T00:37:35.035+0000] {dag.py:3096} INFO - Sync 1 DAGs
[2025-09-14T00:37:35.047+0000] {logging_mixin.py:188} INFO - [2025-09-14T00:37:35.047+0000] {dag.py:3954} INFO - Setting next_dagrun for amazon_books_elt to None, run_after=None
[2025-09-14T00:37:35.059+0000] {processor.py:183} INFO - Processing /opt/airflow/dags/amazon_books_elt.py took 0.381 seconds
[2025-09-14T00:38:05.181+0000] {processor.py:161} INFO - Started process (PID=3919) to work on /opt/airflow/dags/amazon_books_elt.py
[2025-09-14T00:38:05.186+0000] {processor.py:830} INFO - Processing file /opt/airflow/dags/amazon_books_elt.py for tasks to queue
[2025-09-14T00:38:05.188+0000] {logging_mixin.py:188} INFO - [2025-09-14T00:38:05.187+0000] {dagbag.py:545} INFO - Filling up the DagBag from /opt/airflow/dags/amazon_books_elt.py
[2025-09-14T00:38:05.563+0000] {processor.py:840} INFO - DAG(s) 'amazon_books_elt' retrieved from /opt/airflow/dags/amazon_books_elt.py
[2025-09-14T00:38:05.575+0000] {logging_mixin.py:188} INFO - [2025-09-14T00:38:05.575+0000] {dag.py:3096} INFO - Sync 1 DAGs
[2025-09-14T00:38:05.590+0000] {logging_mixin.py:188} INFO - [2025-09-14T00:38:05.590+0000] {dag.py:3954} INFO - Setting next_dagrun for amazon_books_elt to None, run_after=None
[2025-09-14T00:38:05.602+0000] {processor.py:183} INFO - Processing /opt/airflow/dags/amazon_books_elt.py took 0.425 seconds
[2025-09-14T00:38:35.728+0000] {processor.py:161} INFO - Started process (PID=3939) to work on /opt/airflow/dags/amazon_books_elt.py
[2025-09-14T00:38:35.729+0000] {processor.py:830} INFO - Processing file /opt/airflow/dags/amazon_books_elt.py for tasks to queue
[2025-09-14T00:38:35.731+0000] {logging_mixin.py:188} INFO - [2025-09-14T00:38:35.731+0000] {dagbag.py:545} INFO - Filling up the DagBag from /opt/airflow/dags/amazon_books_elt.py
[2025-09-14T00:38:36.214+0000] {processor.py:840} INFO - DAG(s) 'amazon_books_elt' retrieved from /opt/airflow/dags/amazon_books_elt.py
[2025-09-14T00:38:36.229+0000] {logging_mixin.py:188} INFO - [2025-09-14T00:38:36.228+0000] {dag.py:3096} INFO - Sync 1 DAGs
[2025-09-14T00:38:36.258+0000] {logging_mixin.py:188} INFO - [2025-09-14T00:38:36.257+0000] {dag.py:3954} INFO - Setting next_dagrun for amazon_books_elt to None, run_after=None
[2025-09-14T00:38:36.277+0000] {processor.py:183} INFO - Processing /opt/airflow/dags/amazon_books_elt.py took 0.553 seconds
[2025-09-14T00:39:06.402+0000] {processor.py:161} INFO - Started process (PID=3959) to work on /opt/airflow/dags/amazon_books_elt.py
[2025-09-14T00:39:06.405+0000] {processor.py:830} INFO - Processing file /opt/airflow/dags/amazon_books_elt.py for tasks to queue
[2025-09-14T00:39:06.406+0000] {logging_mixin.py:188} INFO - [2025-09-14T00:39:06.406+0000] {dagbag.py:545} INFO - Filling up the DagBag from /opt/airflow/dags/amazon_books_elt.py
[2025-09-14T00:39:06.751+0000] {processor.py:840} INFO - DAG(s) 'amazon_books_elt' retrieved from /opt/airflow/dags/amazon_books_elt.py
[2025-09-14T00:39:06.763+0000] {logging_mixin.py:188} INFO - [2025-09-14T00:39:06.763+0000] {dag.py:3096} INFO - Sync 1 DAGs
[2025-09-14T00:39:06.776+0000] {logging_mixin.py:188} INFO - [2025-09-14T00:39:06.776+0000] {dag.py:3954} INFO - Setting next_dagrun for amazon_books_elt to None, run_after=None
[2025-09-14T00:39:06.787+0000] {processor.py:183} INFO - Processing /opt/airflow/dags/amazon_books_elt.py took 0.389 seconds
[2025-09-14T00:39:36.907+0000] {processor.py:161} INFO - Started process (PID=3979) to work on /opt/airflow/dags/amazon_books_elt.py
[2025-09-14T00:39:36.908+0000] {processor.py:830} INFO - Processing file /opt/airflow/dags/amazon_books_elt.py for tasks to queue
[2025-09-14T00:39:36.910+0000] {logging_mixin.py:188} INFO - [2025-09-14T00:39:36.909+0000] {dagbag.py:545} INFO - Filling up the DagBag from /opt/airflow/dags/amazon_books_elt.py
[2025-09-14T00:39:37.256+0000] {processor.py:840} INFO - DAG(s) 'amazon_books_elt' retrieved from /opt/airflow/dags/amazon_books_elt.py
[2025-09-14T00:39:37.267+0000] {logging_mixin.py:188} INFO - [2025-09-14T00:39:37.267+0000] {dag.py:3096} INFO - Sync 1 DAGs
[2025-09-14T00:39:37.279+0000] {logging_mixin.py:188} INFO - [2025-09-14T00:39:37.279+0000] {dag.py:3954} INFO - Setting next_dagrun for amazon_books_elt to None, run_after=None
[2025-09-14T00:39:37.292+0000] {processor.py:183} INFO - Processing /opt/airflow/dags/amazon_books_elt.py took 0.389 seconds
[2025-09-14T00:40:07.428+0000] {processor.py:161} INFO - Started process (PID=3999) to work on /opt/airflow/dags/amazon_books_elt.py
[2025-09-14T00:40:07.430+0000] {processor.py:830} INFO - Processing file /opt/airflow/dags/amazon_books_elt.py for tasks to queue
[2025-09-14T00:40:07.432+0000] {logging_mixin.py:188} INFO - [2025-09-14T00:40:07.431+0000] {dagbag.py:545} INFO - Filling up the DagBag from /opt/airflow/dags/amazon_books_elt.py
[2025-09-14T00:40:07.816+0000] {processor.py:840} INFO - DAG(s) 'amazon_books_elt' retrieved from /opt/airflow/dags/amazon_books_elt.py
[2025-09-14T00:40:07.828+0000] {logging_mixin.py:188} INFO - [2025-09-14T00:40:07.828+0000] {dag.py:3096} INFO - Sync 1 DAGs
[2025-09-14T00:40:07.842+0000] {logging_mixin.py:188} INFO - [2025-09-14T00:40:07.842+0000] {dag.py:3954} INFO - Setting next_dagrun for amazon_books_elt to None, run_after=None
[2025-09-14T00:40:07.853+0000] {processor.py:183} INFO - Processing /opt/airflow/dags/amazon_books_elt.py took 0.430 seconds
[2025-09-14T00:40:29.965+0000] {processor.py:161} INFO - Started process (PID=4013) to work on /opt/airflow/dags/amazon_books_elt.py
[2025-09-14T00:40:29.965+0000] {processor.py:830} INFO - Processing file /opt/airflow/dags/amazon_books_elt.py for tasks to queue
[2025-09-14T00:40:29.967+0000] {logging_mixin.py:188} INFO - [2025-09-14T00:40:29.967+0000] {dagbag.py:545} INFO - Filling up the DagBag from /opt/airflow/dags/amazon_books_elt.py
[2025-09-14T00:40:30.426+0000] {processor.py:840} INFO - DAG(s) 'amazon_books_elt' retrieved from /opt/airflow/dags/amazon_books_elt.py
[2025-09-14T00:40:30.439+0000] {logging_mixin.py:188} INFO - [2025-09-14T00:40:30.438+0000] {dag.py:3096} INFO - Sync 1 DAGs
[2025-09-14T00:40:30.451+0000] {logging_mixin.py:188} INFO - [2025-09-14T00:40:30.451+0000] {dag.py:3954} INFO - Setting next_dagrun for amazon_books_elt to None, run_after=None
[2025-09-14T00:40:30.463+0000] {processor.py:183} INFO - Processing /opt/airflow/dags/amazon_books_elt.py took 0.503 seconds
[2025-09-14T00:41:00.590+0000] {processor.py:161} INFO - Started process (PID=4033) to work on /opt/airflow/dags/amazon_books_elt.py
[2025-09-14T00:41:00.591+0000] {processor.py:830} INFO - Processing file /opt/airflow/dags/amazon_books_elt.py for tasks to queue
[2025-09-14T00:41:00.592+0000] {logging_mixin.py:188} INFO - [2025-09-14T00:41:00.592+0000] {dagbag.py:545} INFO - Filling up the DagBag from /opt/airflow/dags/amazon_books_elt.py
[2025-09-14T00:41:00.983+0000] {processor.py:840} INFO - DAG(s) 'amazon_books_elt' retrieved from /opt/airflow/dags/amazon_books_elt.py
[2025-09-14T00:41:00.994+0000] {logging_mixin.py:188} INFO - [2025-09-14T00:41:00.994+0000] {dag.py:3096} INFO - Sync 1 DAGs
[2025-09-14T00:41:01.007+0000] {logging_mixin.py:188} INFO - [2025-09-14T00:41:01.007+0000] {dag.py:3954} INFO - Setting next_dagrun for amazon_books_elt to None, run_after=None
[2025-09-14T00:41:01.018+0000] {processor.py:183} INFO - Processing /opt/airflow/dags/amazon_books_elt.py took 0.432 seconds
[2025-09-14T00:41:31.139+0000] {processor.py:161} INFO - Started process (PID=4053) to work on /opt/airflow/dags/amazon_books_elt.py
[2025-09-14T00:41:31.141+0000] {processor.py:830} INFO - Processing file /opt/airflow/dags/amazon_books_elt.py for tasks to queue
[2025-09-14T00:41:31.143+0000] {logging_mixin.py:188} INFO - [2025-09-14T00:41:31.142+0000] {dagbag.py:545} INFO - Filling up the DagBag from /opt/airflow/dags/amazon_books_elt.py
[2025-09-14T00:41:31.565+0000] {processor.py:840} INFO - DAG(s) 'amazon_books_elt' retrieved from /opt/airflow/dags/amazon_books_elt.py
[2025-09-14T00:41:31.577+0000] {logging_mixin.py:188} INFO - [2025-09-14T00:41:31.577+0000] {dag.py:3096} INFO - Sync 1 DAGs
[2025-09-14T00:41:31.591+0000] {logging_mixin.py:188} INFO - [2025-09-14T00:41:31.590+0000] {dag.py:3954} INFO - Setting next_dagrun for amazon_books_elt to None, run_after=None
[2025-09-14T00:41:31.604+0000] {processor.py:183} INFO - Processing /opt/airflow/dags/amazon_books_elt.py took 0.469 seconds
[2025-09-14T00:42:01.733+0000] {processor.py:161} INFO - Started process (PID=4073) to work on /opt/airflow/dags/amazon_books_elt.py
[2025-09-14T00:42:01.736+0000] {processor.py:830} INFO - Processing file /opt/airflow/dags/amazon_books_elt.py for tasks to queue
[2025-09-14T00:42:01.738+0000] {logging_mixin.py:188} INFO - [2025-09-14T00:42:01.737+0000] {dagbag.py:545} INFO - Filling up the DagBag from /opt/airflow/dags/amazon_books_elt.py
[2025-09-14T00:42:02.163+0000] {processor.py:840} INFO - DAG(s) 'amazon_books_elt' retrieved from /opt/airflow/dags/amazon_books_elt.py
[2025-09-14T00:42:02.175+0000] {logging_mixin.py:188} INFO - [2025-09-14T00:42:02.174+0000] {dag.py:3096} INFO - Sync 1 DAGs
[2025-09-14T00:42:02.188+0000] {logging_mixin.py:188} INFO - [2025-09-14T00:42:02.187+0000] {dag.py:3954} INFO - Setting next_dagrun for amazon_books_elt to None, run_after=None
[2025-09-14T00:42:02.201+0000] {processor.py:183} INFO - Processing /opt/airflow/dags/amazon_books_elt.py took 0.472 seconds
[2025-09-14T00:42:32.321+0000] {processor.py:161} INFO - Started process (PID=4093) to work on /opt/airflow/dags/amazon_books_elt.py
[2025-09-14T00:42:32.322+0000] {processor.py:830} INFO - Processing file /opt/airflow/dags/amazon_books_elt.py for tasks to queue
[2025-09-14T00:42:32.323+0000] {logging_mixin.py:188} INFO - [2025-09-14T00:42:32.323+0000] {dagbag.py:545} INFO - Filling up the DagBag from /opt/airflow/dags/amazon_books_elt.py
[2025-09-14T00:42:32.740+0000] {processor.py:840} INFO - DAG(s) 'amazon_books_elt' retrieved from /opt/airflow/dags/amazon_books_elt.py
[2025-09-14T00:42:32.752+0000] {logging_mixin.py:188} INFO - [2025-09-14T00:42:32.751+0000] {dag.py:3096} INFO - Sync 1 DAGs
[2025-09-14T00:42:32.765+0000] {logging_mixin.py:188} INFO - [2025-09-14T00:42:32.765+0000] {dag.py:3954} INFO - Setting next_dagrun for amazon_books_elt to None, run_after=None
[2025-09-14T00:42:32.778+0000] {processor.py:183} INFO - Processing /opt/airflow/dags/amazon_books_elt.py took 0.461 seconds
[2025-09-14T00:43:02.916+0000] {processor.py:161} INFO - Started process (PID=4113) to work on /opt/airflow/dags/amazon_books_elt.py
[2025-09-14T00:43:02.919+0000] {processor.py:830} INFO - Processing file /opt/airflow/dags/amazon_books_elt.py for tasks to queue
[2025-09-14T00:43:02.920+0000] {logging_mixin.py:188} INFO - [2025-09-14T00:43:02.920+0000] {dagbag.py:545} INFO - Filling up the DagBag from /opt/airflow/dags/amazon_books_elt.py
[2025-09-14T00:43:03.506+0000] {processor.py:840} INFO - DAG(s) 'amazon_books_elt' retrieved from /opt/airflow/dags/amazon_books_elt.py
[2025-09-14T00:43:03.520+0000] {logging_mixin.py:188} INFO - [2025-09-14T00:43:03.519+0000] {dag.py:3096} INFO - Sync 1 DAGs
[2025-09-14T00:43:03.536+0000] {logging_mixin.py:188} INFO - [2025-09-14T00:43:03.535+0000] {dag.py:3954} INFO - Setting next_dagrun for amazon_books_elt to None, run_after=None
[2025-09-14T00:43:03.548+0000] {processor.py:183} INFO - Processing /opt/airflow/dags/amazon_books_elt.py took 0.637 seconds
[2025-09-14T00:43:33.658+0000] {processor.py:161} INFO - Started process (PID=4133) to work on /opt/airflow/dags/amazon_books_elt.py
[2025-09-14T00:43:33.661+0000] {processor.py:830} INFO - Processing file /opt/airflow/dags/amazon_books_elt.py for tasks to queue
[2025-09-14T00:43:33.662+0000] {logging_mixin.py:188} INFO - [2025-09-14T00:43:33.662+0000] {dagbag.py:545} INFO - Filling up the DagBag from /opt/airflow/dags/amazon_books_elt.py
[2025-09-14T00:43:34.065+0000] {processor.py:840} INFO - DAG(s) 'amazon_books_elt' retrieved from /opt/airflow/dags/amazon_books_elt.py
[2025-09-14T00:43:34.076+0000] {logging_mixin.py:188} INFO - [2025-09-14T00:43:34.075+0000] {dag.py:3096} INFO - Sync 1 DAGs
[2025-09-14T00:43:34.087+0000] {logging_mixin.py:188} INFO - [2025-09-14T00:43:34.087+0000] {dag.py:3954} INFO - Setting next_dagrun for amazon_books_elt to None, run_after=None
[2025-09-14T00:43:34.098+0000] {processor.py:183} INFO - Processing /opt/airflow/dags/amazon_books_elt.py took 0.444 seconds
[2025-09-14T00:44:04.219+0000] {processor.py:161} INFO - Started process (PID=4153) to work on /opt/airflow/dags/amazon_books_elt.py
[2025-09-14T00:44:04.222+0000] {processor.py:830} INFO - Processing file /opt/airflow/dags/amazon_books_elt.py for tasks to queue
[2025-09-14T00:44:04.223+0000] {logging_mixin.py:188} INFO - [2025-09-14T00:44:04.223+0000] {dagbag.py:545} INFO - Filling up the DagBag from /opt/airflow/dags/amazon_books_elt.py
[2025-09-14T00:44:04.644+0000] {processor.py:840} INFO - DAG(s) 'amazon_books_elt' retrieved from /opt/airflow/dags/amazon_books_elt.py
[2025-09-14T00:44:04.657+0000] {logging_mixin.py:188} INFO - [2025-09-14T00:44:04.656+0000] {dag.py:3096} INFO - Sync 1 DAGs
[2025-09-14T00:44:04.672+0000] {logging_mixin.py:188} INFO - [2025-09-14T00:44:04.672+0000] {dag.py:3954} INFO - Setting next_dagrun for amazon_books_elt to None, run_after=None
[2025-09-14T00:44:04.685+0000] {processor.py:183} INFO - Processing /opt/airflow/dags/amazon_books_elt.py took 0.470 seconds
[2025-09-14T00:44:34.812+0000] {processor.py:161} INFO - Started process (PID=4179) to work on /opt/airflow/dags/amazon_books_elt.py
[2025-09-14T00:44:34.812+0000] {processor.py:830} INFO - Processing file /opt/airflow/dags/amazon_books_elt.py for tasks to queue
[2025-09-14T00:44:34.814+0000] {logging_mixin.py:188} INFO - [2025-09-14T00:44:34.813+0000] {dagbag.py:545} INFO - Filling up the DagBag from /opt/airflow/dags/amazon_books_elt.py
[2025-09-14T00:44:35.289+0000] {processor.py:840} INFO - DAG(s) 'amazon_books_elt' retrieved from /opt/airflow/dags/amazon_books_elt.py
[2025-09-14T00:44:35.307+0000] {logging_mixin.py:188} INFO - [2025-09-14T00:44:35.306+0000] {dag.py:3096} INFO - Sync 1 DAGs
[2025-09-14T00:44:35.324+0000] {logging_mixin.py:188} INFO - [2025-09-14T00:44:35.324+0000] {dag.py:3954} INFO - Setting next_dagrun for amazon_books_elt to None, run_after=None
[2025-09-14T00:44:35.339+0000] {processor.py:183} INFO - Processing /opt/airflow/dags/amazon_books_elt.py took 0.531 seconds
[2025-09-14T00:45:05.446+0000] {processor.py:161} INFO - Started process (PID=4199) to work on /opt/airflow/dags/amazon_books_elt.py
[2025-09-14T00:45:05.448+0000] {processor.py:830} INFO - Processing file /opt/airflow/dags/amazon_books_elt.py for tasks to queue
[2025-09-14T00:45:05.449+0000] {logging_mixin.py:188} INFO - [2025-09-14T00:45:05.449+0000] {dagbag.py:545} INFO - Filling up the DagBag from /opt/airflow/dags/amazon_books_elt.py
[2025-09-14T00:45:05.878+0000] {processor.py:840} INFO - DAG(s) 'amazon_books_elt' retrieved from /opt/airflow/dags/amazon_books_elt.py
[2025-09-14T00:45:05.890+0000] {logging_mixin.py:188} INFO - [2025-09-14T00:45:05.890+0000] {dag.py:3096} INFO - Sync 1 DAGs
[2025-09-14T00:45:05.905+0000] {logging_mixin.py:188} INFO - [2025-09-14T00:45:05.904+0000] {dag.py:3954} INFO - Setting next_dagrun for amazon_books_elt to None, run_after=None
[2025-09-14T00:45:05.921+0000] {processor.py:183} INFO - Processing /opt/airflow/dags/amazon_books_elt.py took 0.479 seconds
[2025-09-14T00:45:36.043+0000] {processor.py:161} INFO - Started process (PID=4219) to work on /opt/airflow/dags/amazon_books_elt.py
[2025-09-14T00:45:36.045+0000] {processor.py:830} INFO - Processing file /opt/airflow/dags/amazon_books_elt.py for tasks to queue
[2025-09-14T00:45:36.046+0000] {logging_mixin.py:188} INFO - [2025-09-14T00:45:36.046+0000] {dagbag.py:545} INFO - Filling up the DagBag from /opt/airflow/dags/amazon_books_elt.py
[2025-09-14T00:45:36.440+0000] {processor.py:840} INFO - DAG(s) 'amazon_books_elt' retrieved from /opt/airflow/dags/amazon_books_elt.py
[2025-09-14T00:45:36.454+0000] {logging_mixin.py:188} INFO - [2025-09-14T00:45:36.453+0000] {dag.py:3096} INFO - Sync 1 DAGs
[2025-09-14T00:45:36.468+0000] {logging_mixin.py:188} INFO - [2025-09-14T00:45:36.468+0000] {dag.py:3954} INFO - Setting next_dagrun for amazon_books_elt to None, run_after=None
[2025-09-14T00:45:36.480+0000] {processor.py:183} INFO - Processing /opt/airflow/dags/amazon_books_elt.py took 0.442 seconds
[2025-09-14T00:46:06.603+0000] {processor.py:161} INFO - Started process (PID=4239) to work on /opt/airflow/dags/amazon_books_elt.py
[2025-09-14T00:46:06.604+0000] {processor.py:830} INFO - Processing file /opt/airflow/dags/amazon_books_elt.py for tasks to queue
[2025-09-14T00:46:06.605+0000] {logging_mixin.py:188} INFO - [2025-09-14T00:46:06.605+0000] {dagbag.py:545} INFO - Filling up the DagBag from /opt/airflow/dags/amazon_books_elt.py
[2025-09-14T00:46:06.995+0000] {processor.py:840} INFO - DAG(s) 'amazon_books_elt' retrieved from /opt/airflow/dags/amazon_books_elt.py
[2025-09-14T00:46:07.007+0000] {logging_mixin.py:188} INFO - [2025-09-14T00:46:07.007+0000] {dag.py:3096} INFO - Sync 1 DAGs
[2025-09-14T00:46:07.024+0000] {logging_mixin.py:188} INFO - [2025-09-14T00:46:07.024+0000] {dag.py:3954} INFO - Setting next_dagrun for amazon_books_elt to None, run_after=None
[2025-09-14T00:46:07.038+0000] {processor.py:183} INFO - Processing /opt/airflow/dags/amazon_books_elt.py took 0.439 seconds
[2025-09-14T00:46:37.160+0000] {processor.py:161} INFO - Started process (PID=4259) to work on /opt/airflow/dags/amazon_books_elt.py
[2025-09-14T00:46:37.162+0000] {processor.py:830} INFO - Processing file /opt/airflow/dags/amazon_books_elt.py for tasks to queue
[2025-09-14T00:46:37.164+0000] {logging_mixin.py:188} INFO - [2025-09-14T00:46:37.164+0000] {dagbag.py:545} INFO - Filling up the DagBag from /opt/airflow/dags/amazon_books_elt.py
[2025-09-14T00:46:37.547+0000] {processor.py:840} INFO - DAG(s) 'amazon_books_elt' retrieved from /opt/airflow/dags/amazon_books_elt.py
[2025-09-14T00:46:37.558+0000] {logging_mixin.py:188} INFO - [2025-09-14T00:46:37.558+0000] {dag.py:3096} INFO - Sync 1 DAGs
[2025-09-14T00:46:37.571+0000] {logging_mixin.py:188} INFO - [2025-09-14T00:46:37.571+0000] {dag.py:3954} INFO - Setting next_dagrun for amazon_books_elt to None, run_after=None
[2025-09-14T00:46:37.582+0000] {processor.py:183} INFO - Processing /opt/airflow/dags/amazon_books_elt.py took 0.425 seconds
[2025-09-14T00:46:40.175+0000] {processor.py:161} INFO - Started process (PID=4261) to work on /opt/airflow/dags/amazon_books_elt.py
[2025-09-14T00:46:40.176+0000] {processor.py:830} INFO - Processing file /opt/airflow/dags/amazon_books_elt.py for tasks to queue
[2025-09-14T00:46:40.177+0000] {logging_mixin.py:188} INFO - [2025-09-14T00:46:40.177+0000] {dagbag.py:545} INFO - Filling up the DagBag from /opt/airflow/dags/amazon_books_elt.py
[2025-09-14T00:46:40.572+0000] {processor.py:840} INFO - DAG(s) 'amazon_books_elt' retrieved from /opt/airflow/dags/amazon_books_elt.py
[2025-09-14T00:46:40.583+0000] {logging_mixin.py:188} INFO - [2025-09-14T00:46:40.583+0000] {dag.py:3096} INFO - Sync 1 DAGs
[2025-09-14T00:46:40.595+0000] {logging_mixin.py:188} INFO - [2025-09-14T00:46:40.595+0000] {dag.py:3954} INFO - Setting next_dagrun for amazon_books_elt to None, run_after=None
[2025-09-14T00:46:40.607+0000] {processor.py:183} INFO - Processing /opt/airflow/dags/amazon_books_elt.py took 0.436 seconds
[2025-09-14T00:47:10.730+0000] {processor.py:161} INFO - Started process (PID=4281) to work on /opt/airflow/dags/amazon_books_elt.py
[2025-09-14T00:47:10.731+0000] {processor.py:830} INFO - Processing file /opt/airflow/dags/amazon_books_elt.py for tasks to queue
[2025-09-14T00:47:10.733+0000] {logging_mixin.py:188} INFO - [2025-09-14T00:47:10.733+0000] {dagbag.py:545} INFO - Filling up the DagBag from /opt/airflow/dags/amazon_books_elt.py
[2025-09-14T00:47:11.146+0000] {processor.py:840} INFO - DAG(s) 'amazon_books_elt' retrieved from /opt/airflow/dags/amazon_books_elt.py
[2025-09-14T00:47:11.157+0000] {logging_mixin.py:188} INFO - [2025-09-14T00:47:11.157+0000] {dag.py:3096} INFO - Sync 1 DAGs
[2025-09-14T00:47:11.171+0000] {logging_mixin.py:188} INFO - [2025-09-14T00:47:11.170+0000] {dag.py:3954} INFO - Setting next_dagrun for amazon_books_elt to None, run_after=None
[2025-09-14T00:47:11.182+0000] {processor.py:183} INFO - Processing /opt/airflow/dags/amazon_books_elt.py took 0.456 seconds
[2025-09-14T00:48:24.922+0000] {processor.py:161} INFO - Started process (PID=4295) to work on /opt/airflow/dags/amazon_books_elt.py
[2025-09-14T00:48:24.924+0000] {processor.py:830} INFO - Processing file /opt/airflow/dags/amazon_books_elt.py for tasks to queue
[2025-09-14T00:48:24.928+0000] {logging_mixin.py:188} INFO - [2025-09-14T00:48:24.928+0000] {dagbag.py:545} INFO - Filling up the DagBag from /opt/airflow/dags/amazon_books_elt.py
[2025-09-14T00:48:25.551+0000] {processor.py:840} INFO - DAG(s) 'amazon_books_elt' retrieved from /opt/airflow/dags/amazon_books_elt.py
[2025-09-14T00:48:25.565+0000] {logging_mixin.py:188} INFO - [2025-09-14T00:48:25.564+0000] {dag.py:3096} INFO - Sync 1 DAGs
[2025-09-14T00:48:25.586+0000] {logging_mixin.py:188} INFO - [2025-09-14T00:48:25.586+0000] {dag.py:3954} INFO - Setting next_dagrun for amazon_books_elt to None, run_after=None
[2025-09-14T00:48:25.613+0000] {processor.py:183} INFO - Processing /opt/airflow/dags/amazon_books_elt.py took 0.703 seconds
[2025-09-14T00:48:55.763+0000] {processor.py:161} INFO - Started process (PID=4315) to work on /opt/airflow/dags/amazon_books_elt.py
[2025-09-14T00:48:55.765+0000] {processor.py:830} INFO - Processing file /opt/airflow/dags/amazon_books_elt.py for tasks to queue
[2025-09-14T00:48:55.767+0000] {logging_mixin.py:188} INFO - [2025-09-14T00:48:55.767+0000] {dagbag.py:545} INFO - Filling up the DagBag from /opt/airflow/dags/amazon_books_elt.py
[2025-09-14T00:48:56.150+0000] {processor.py:840} INFO - DAG(s) 'amazon_books_elt' retrieved from /opt/airflow/dags/amazon_books_elt.py
[2025-09-14T00:48:56.161+0000] {logging_mixin.py:188} INFO - [2025-09-14T00:48:56.161+0000] {dag.py:3096} INFO - Sync 1 DAGs
[2025-09-14T00:48:56.173+0000] {logging_mixin.py:188} INFO - [2025-09-14T00:48:56.173+0000] {dag.py:3954} INFO - Setting next_dagrun for amazon_books_elt to None, run_after=None
[2025-09-14T00:48:56.185+0000] {processor.py:183} INFO - Processing /opt/airflow/dags/amazon_books_elt.py took 0.426 seconds
[2025-09-14T00:49:26.297+0000] {processor.py:161} INFO - Started process (PID=4335) to work on /opt/airflow/dags/amazon_books_elt.py
[2025-09-14T00:49:26.302+0000] {processor.py:830} INFO - Processing file /opt/airflow/dags/amazon_books_elt.py for tasks to queue
[2025-09-14T00:49:26.304+0000] {logging_mixin.py:188} INFO - [2025-09-14T00:49:26.303+0000] {dagbag.py:545} INFO - Filling up the DagBag from /opt/airflow/dags/amazon_books_elt.py
[2025-09-14T00:49:26.804+0000] {processor.py:840} INFO - DAG(s) 'amazon_books_elt' retrieved from /opt/airflow/dags/amazon_books_elt.py
[2025-09-14T00:49:26.815+0000] {logging_mixin.py:188} INFO - [2025-09-14T00:49:26.814+0000] {dag.py:3096} INFO - Sync 1 DAGs
[2025-09-14T00:49:26.827+0000] {logging_mixin.py:188} INFO - [2025-09-14T00:49:26.827+0000] {dag.py:3954} INFO - Setting next_dagrun for amazon_books_elt to None, run_after=None
[2025-09-14T00:49:26.840+0000] {processor.py:183} INFO - Processing /opt/airflow/dags/amazon_books_elt.py took 0.547 seconds
[2025-09-14T00:49:56.972+0000] {processor.py:161} INFO - Started process (PID=4355) to work on /opt/airflow/dags/amazon_books_elt.py
[2025-09-14T00:49:56.973+0000] {processor.py:830} INFO - Processing file /opt/airflow/dags/amazon_books_elt.py for tasks to queue
[2025-09-14T00:49:56.975+0000] {logging_mixin.py:188} INFO - [2025-09-14T00:49:56.974+0000] {dagbag.py:545} INFO - Filling up the DagBag from /opt/airflow/dags/amazon_books_elt.py
[2025-09-14T00:49:57.399+0000] {processor.py:840} INFO - DAG(s) 'amazon_books_elt' retrieved from /opt/airflow/dags/amazon_books_elt.py
[2025-09-14T00:49:57.410+0000] {logging_mixin.py:188} INFO - [2025-09-14T00:49:57.410+0000] {dag.py:3096} INFO - Sync 1 DAGs
[2025-09-14T00:49:57.423+0000] {logging_mixin.py:188} INFO - [2025-09-14T00:49:57.423+0000] {dag.py:3954} INFO - Setting next_dagrun for amazon_books_elt to None, run_after=None
[2025-09-14T00:49:57.434+0000] {processor.py:183} INFO - Processing /opt/airflow/dags/amazon_books_elt.py took 0.466 seconds
[2025-09-14T00:50:27.534+0000] {processor.py:161} INFO - Started process (PID=4375) to work on /opt/airflow/dags/amazon_books_elt.py
[2025-09-14T00:50:27.535+0000] {processor.py:830} INFO - Processing file /opt/airflow/dags/amazon_books_elt.py for tasks to queue
[2025-09-14T00:50:27.536+0000] {logging_mixin.py:188} INFO - [2025-09-14T00:50:27.536+0000] {dagbag.py:545} INFO - Filling up the DagBag from /opt/airflow/dags/amazon_books_elt.py
[2025-09-14T00:50:27.936+0000] {processor.py:840} INFO - DAG(s) 'amazon_books_elt' retrieved from /opt/airflow/dags/amazon_books_elt.py
[2025-09-14T00:50:27.947+0000] {logging_mixin.py:188} INFO - [2025-09-14T00:50:27.947+0000] {dag.py:3096} INFO - Sync 1 DAGs
[2025-09-14T00:50:27.960+0000] {logging_mixin.py:188} INFO - [2025-09-14T00:50:27.960+0000] {dag.py:3954} INFO - Setting next_dagrun for amazon_books_elt to None, run_after=None
[2025-09-14T00:50:27.973+0000] {processor.py:183} INFO - Processing /opt/airflow/dags/amazon_books_elt.py took 0.443 seconds
[2025-09-14T00:50:58.096+0000] {processor.py:161} INFO - Started process (PID=4395) to work on /opt/airflow/dags/amazon_books_elt.py
[2025-09-14T00:50:58.097+0000] {processor.py:830} INFO - Processing file /opt/airflow/dags/amazon_books_elt.py for tasks to queue
[2025-09-14T00:50:58.098+0000] {logging_mixin.py:188} INFO - [2025-09-14T00:50:58.098+0000] {dagbag.py:545} INFO - Filling up the DagBag from /opt/airflow/dags/amazon_books_elt.py
[2025-09-14T00:50:58.494+0000] {processor.py:840} INFO - DAG(s) 'amazon_books_elt' retrieved from /opt/airflow/dags/amazon_books_elt.py
[2025-09-14T00:50:58.505+0000] {logging_mixin.py:188} INFO - [2025-09-14T00:50:58.505+0000] {dag.py:3096} INFO - Sync 1 DAGs
[2025-09-14T00:50:58.518+0000] {logging_mixin.py:188} INFO - [2025-09-14T00:50:58.517+0000] {dag.py:3954} INFO - Setting next_dagrun for amazon_books_elt to None, run_after=None
[2025-09-14T00:50:58.531+0000] {processor.py:183} INFO - Processing /opt/airflow/dags/amazon_books_elt.py took 0.440 seconds
[2025-09-14T00:51:28.699+0000] {processor.py:161} INFO - Started process (PID=4415) to work on /opt/airflow/dags/amazon_books_elt.py
[2025-09-14T00:51:28.700+0000] {processor.py:830} INFO - Processing file /opt/airflow/dags/amazon_books_elt.py for tasks to queue
[2025-09-14T00:51:28.701+0000] {logging_mixin.py:188} INFO - [2025-09-14T00:51:28.701+0000] {dagbag.py:545} INFO - Filling up the DagBag from /opt/airflow/dags/amazon_books_elt.py
[2025-09-14T00:51:29.104+0000] {processor.py:840} INFO - DAG(s) 'amazon_books_elt' retrieved from /opt/airflow/dags/amazon_books_elt.py
[2025-09-14T00:51:29.116+0000] {logging_mixin.py:188} INFO - [2025-09-14T00:51:29.116+0000] {dag.py:3096} INFO - Sync 1 DAGs
[2025-09-14T00:51:29.129+0000] {logging_mixin.py:188} INFO - [2025-09-14T00:51:29.129+0000] {dag.py:3954} INFO - Setting next_dagrun for amazon_books_elt to None, run_after=None
[2025-09-14T00:51:29.142+0000] {processor.py:183} INFO - Processing /opt/airflow/dags/amazon_books_elt.py took 0.447 seconds
[2025-09-14T00:51:59.264+0000] {processor.py:161} INFO - Started process (PID=4435) to work on /opt/airflow/dags/amazon_books_elt.py
[2025-09-14T00:51:59.266+0000] {processor.py:830} INFO - Processing file /opt/airflow/dags/amazon_books_elt.py for tasks to queue
[2025-09-14T00:51:59.267+0000] {logging_mixin.py:188} INFO - [2025-09-14T00:51:59.267+0000] {dagbag.py:545} INFO - Filling up the DagBag from /opt/airflow/dags/amazon_books_elt.py
[2025-09-14T00:51:59.673+0000] {processor.py:840} INFO - DAG(s) 'amazon_books_elt' retrieved from /opt/airflow/dags/amazon_books_elt.py
[2025-09-14T00:51:59.684+0000] {logging_mixin.py:188} INFO - [2025-09-14T00:51:59.684+0000] {dag.py:3096} INFO - Sync 1 DAGs
[2025-09-14T00:51:59.697+0000] {logging_mixin.py:188} INFO - [2025-09-14T00:51:59.697+0000] {dag.py:3954} INFO - Setting next_dagrun for amazon_books_elt to None, run_after=None
[2025-09-14T00:51:59.710+0000] {processor.py:183} INFO - Processing /opt/airflow/dags/amazon_books_elt.py took 0.451 seconds
[2025-09-14T00:52:29.839+0000] {processor.py:161} INFO - Started process (PID=4455) to work on /opt/airflow/dags/amazon_books_elt.py
[2025-09-14T00:52:29.840+0000] {processor.py:830} INFO - Processing file /opt/airflow/dags/amazon_books_elt.py for tasks to queue
[2025-09-14T00:52:29.841+0000] {logging_mixin.py:188} INFO - [2025-09-14T00:52:29.841+0000] {dagbag.py:545} INFO - Filling up the DagBag from /opt/airflow/dags/amazon_books_elt.py
[2025-09-14T00:52:30.269+0000] {processor.py:840} INFO - DAG(s) 'amazon_books_elt' retrieved from /opt/airflow/dags/amazon_books_elt.py
[2025-09-14T00:52:30.280+0000] {logging_mixin.py:188} INFO - [2025-09-14T00:52:30.279+0000] {dag.py:3096} INFO - Sync 1 DAGs
[2025-09-14T00:52:30.292+0000] {logging_mixin.py:188} INFO - [2025-09-14T00:52:30.292+0000] {dag.py:3954} INFO - Setting next_dagrun for amazon_books_elt to None, run_after=None
[2025-09-14T00:52:30.303+0000] {processor.py:183} INFO - Processing /opt/airflow/dags/amazon_books_elt.py took 0.469 seconds
[2025-09-14T00:53:00.429+0000] {processor.py:161} INFO - Started process (PID=4475) to work on /opt/airflow/dags/amazon_books_elt.py
[2025-09-14T00:53:00.430+0000] {processor.py:830} INFO - Processing file /opt/airflow/dags/amazon_books_elt.py for tasks to queue
[2025-09-14T00:53:00.432+0000] {logging_mixin.py:188} INFO - [2025-09-14T00:53:00.432+0000] {dagbag.py:545} INFO - Filling up the DagBag from /opt/airflow/dags/amazon_books_elt.py
[2025-09-14T00:53:00.850+0000] {processor.py:840} INFO - DAG(s) 'amazon_books_elt' retrieved from /opt/airflow/dags/amazon_books_elt.py
[2025-09-14T00:53:00.861+0000] {logging_mixin.py:188} INFO - [2025-09-14T00:53:00.860+0000] {dag.py:3096} INFO - Sync 1 DAGs
[2025-09-14T00:53:00.873+0000] {logging_mixin.py:188} INFO - [2025-09-14T00:53:00.873+0000] {dag.py:3954} INFO - Setting next_dagrun for amazon_books_elt to None, run_after=None
[2025-09-14T00:53:00.884+0000] {processor.py:183} INFO - Processing /opt/airflow/dags/amazon_books_elt.py took 0.460 seconds
[2025-09-14T00:53:31.024+0000] {processor.py:161} INFO - Started process (PID=4495) to work on /opt/airflow/dags/amazon_books_elt.py
[2025-09-14T00:53:31.026+0000] {processor.py:830} INFO - Processing file /opt/airflow/dags/amazon_books_elt.py for tasks to queue
[2025-09-14T00:53:31.028+0000] {logging_mixin.py:188} INFO - [2025-09-14T00:53:31.027+0000] {dagbag.py:545} INFO - Filling up the DagBag from /opt/airflow/dags/amazon_books_elt.py
[2025-09-14T00:53:31.439+0000] {processor.py:840} INFO - DAG(s) 'amazon_books_elt' retrieved from /opt/airflow/dags/amazon_books_elt.py
[2025-09-14T00:53:31.451+0000] {logging_mixin.py:188} INFO - [2025-09-14T00:53:31.451+0000] {dag.py:3096} INFO - Sync 1 DAGs
[2025-09-14T00:53:31.464+0000] {logging_mixin.py:188} INFO - [2025-09-14T00:53:31.464+0000] {dag.py:3954} INFO - Setting next_dagrun for amazon_books_elt to None, run_after=None
[2025-09-14T00:53:31.476+0000] {processor.py:183} INFO - Processing /opt/airflow/dags/amazon_books_elt.py took 0.458 seconds
[2025-09-14T00:54:01.607+0000] {processor.py:161} INFO - Started process (PID=4515) to work on /opt/airflow/dags/amazon_books_elt.py
[2025-09-14T00:54:01.610+0000] {processor.py:830} INFO - Processing file /opt/airflow/dags/amazon_books_elt.py for tasks to queue
[2025-09-14T00:54:01.611+0000] {logging_mixin.py:188} INFO - [2025-09-14T00:54:01.611+0000] {dagbag.py:545} INFO - Filling up the DagBag from /opt/airflow/dags/amazon_books_elt.py
[2025-09-14T00:54:02.023+0000] {processor.py:840} INFO - DAG(s) 'amazon_books_elt' retrieved from /opt/airflow/dags/amazon_books_elt.py
[2025-09-14T00:54:02.035+0000] {logging_mixin.py:188} INFO - [2025-09-14T00:54:02.034+0000] {dag.py:3096} INFO - Sync 1 DAGs
[2025-09-14T00:54:02.047+0000] {logging_mixin.py:188} INFO - [2025-09-14T00:54:02.047+0000] {dag.py:3954} INFO - Setting next_dagrun for amazon_books_elt to None, run_after=None
[2025-09-14T00:54:02.059+0000] {processor.py:183} INFO - Processing /opt/airflow/dags/amazon_books_elt.py took 0.456 seconds
[2025-09-14T00:54:32.182+0000] {processor.py:161} INFO - Started process (PID=4535) to work on /opt/airflow/dags/amazon_books_elt.py
[2025-09-14T00:54:32.183+0000] {processor.py:830} INFO - Processing file /opt/airflow/dags/amazon_books_elt.py for tasks to queue
[2025-09-14T00:54:32.184+0000] {logging_mixin.py:188} INFO - [2025-09-14T00:54:32.184+0000] {dagbag.py:545} INFO - Filling up the DagBag from /opt/airflow/dags/amazon_books_elt.py
[2025-09-14T00:54:32.583+0000] {processor.py:840} INFO - DAG(s) 'amazon_books_elt' retrieved from /opt/airflow/dags/amazon_books_elt.py
[2025-09-14T00:54:32.595+0000] {logging_mixin.py:188} INFO - [2025-09-14T00:54:32.594+0000] {dag.py:3096} INFO - Sync 1 DAGs
[2025-09-14T00:54:32.607+0000] {logging_mixin.py:188} INFO - [2025-09-14T00:54:32.606+0000] {dag.py:3954} INFO - Setting next_dagrun for amazon_books_elt to None, run_after=None
[2025-09-14T00:54:32.619+0000] {processor.py:183} INFO - Processing /opt/airflow/dags/amazon_books_elt.py took 0.441 seconds
[2025-09-14T00:55:02.749+0000] {processor.py:161} INFO - Started process (PID=4555) to work on /opt/airflow/dags/amazon_books_elt.py
[2025-09-14T00:55:02.763+0000] {processor.py:830} INFO - Processing file /opt/airflow/dags/amazon_books_elt.py for tasks to queue
[2025-09-14T00:55:02.765+0000] {logging_mixin.py:188} INFO - [2025-09-14T00:55:02.765+0000] {dagbag.py:545} INFO - Filling up the DagBag from /opt/airflow/dags/amazon_books_elt.py
[2025-09-14T00:55:03.187+0000] {processor.py:840} INFO - DAG(s) 'amazon_books_elt' retrieved from /opt/airflow/dags/amazon_books_elt.py
[2025-09-14T00:55:03.198+0000] {logging_mixin.py:188} INFO - [2025-09-14T00:55:03.198+0000] {dag.py:3096} INFO - Sync 1 DAGs
[2025-09-14T00:55:03.210+0000] {logging_mixin.py:188} INFO - [2025-09-14T00:55:03.210+0000] {dag.py:3954} INFO - Setting next_dagrun for amazon_books_elt to None, run_after=None
[2025-09-14T00:55:03.223+0000] {processor.py:183} INFO - Processing /opt/airflow/dags/amazon_books_elt.py took 0.479 seconds
[2025-09-14T00:55:33.365+0000] {processor.py:161} INFO - Started process (PID=4575) to work on /opt/airflow/dags/amazon_books_elt.py
[2025-09-14T00:55:33.368+0000] {processor.py:830} INFO - Processing file /opt/airflow/dags/amazon_books_elt.py for tasks to queue
[2025-09-14T00:55:33.369+0000] {logging_mixin.py:188} INFO - [2025-09-14T00:55:33.369+0000] {dagbag.py:545} INFO - Filling up the DagBag from /opt/airflow/dags/amazon_books_elt.py
[2025-09-14T00:55:33.769+0000] {processor.py:840} INFO - DAG(s) 'amazon_books_elt' retrieved from /opt/airflow/dags/amazon_books_elt.py
[2025-09-14T00:55:33.780+0000] {logging_mixin.py:188} INFO - [2025-09-14T00:55:33.779+0000] {dag.py:3096} INFO - Sync 1 DAGs
[2025-09-14T00:55:33.793+0000] {logging_mixin.py:188} INFO - [2025-09-14T00:55:33.793+0000] {dag.py:3954} INFO - Setting next_dagrun for amazon_books_elt to None, run_after=None
[2025-09-14T00:55:33.803+0000] {processor.py:183} INFO - Processing /opt/airflow/dags/amazon_books_elt.py took 0.442 seconds
[2025-09-14T00:56:03.925+0000] {processor.py:161} INFO - Started process (PID=4595) to work on /opt/airflow/dags/amazon_books_elt.py
[2025-09-14T00:56:03.928+0000] {processor.py:830} INFO - Processing file /opt/airflow/dags/amazon_books_elt.py for tasks to queue
[2025-09-14T00:56:03.929+0000] {logging_mixin.py:188} INFO - [2025-09-14T00:56:03.929+0000] {dagbag.py:545} INFO - Filling up the DagBag from /opt/airflow/dags/amazon_books_elt.py
[2025-09-14T00:56:04.324+0000] {processor.py:840} INFO - DAG(s) 'amazon_books_elt' retrieved from /opt/airflow/dags/amazon_books_elt.py
[2025-09-14T00:56:04.335+0000] {logging_mixin.py:188} INFO - [2025-09-14T00:56:04.335+0000] {dag.py:3096} INFO - Sync 1 DAGs
[2025-09-14T00:56:04.349+0000] {logging_mixin.py:188} INFO - [2025-09-14T00:56:04.349+0000] {dag.py:3954} INFO - Setting next_dagrun for amazon_books_elt to None, run_after=None
[2025-09-14T00:56:04.362+0000] {processor.py:183} INFO - Processing /opt/airflow/dags/amazon_books_elt.py took 0.441 seconds
[2025-09-14T00:56:34.498+0000] {processor.py:161} INFO - Started process (PID=4615) to work on /opt/airflow/dags/amazon_books_elt.py
[2025-09-14T00:56:34.499+0000] {processor.py:830} INFO - Processing file /opt/airflow/dags/amazon_books_elt.py for tasks to queue
[2025-09-14T00:56:34.500+0000] {logging_mixin.py:188} INFO - [2025-09-14T00:56:34.500+0000] {dagbag.py:545} INFO - Filling up the DagBag from /opt/airflow/dags/amazon_books_elt.py
[2025-09-14T00:56:34.912+0000] {processor.py:840} INFO - DAG(s) 'amazon_books_elt' retrieved from /opt/airflow/dags/amazon_books_elt.py
[2025-09-14T00:56:34.924+0000] {logging_mixin.py:188} INFO - [2025-09-14T00:56:34.923+0000] {dag.py:3096} INFO - Sync 1 DAGs
[2025-09-14T00:56:34.938+0000] {logging_mixin.py:188} INFO - [2025-09-14T00:56:34.938+0000] {dag.py:3954} INFO - Setting next_dagrun for amazon_books_elt to None, run_after=None
[2025-09-14T00:56:34.949+0000] {processor.py:183} INFO - Processing /opt/airflow/dags/amazon_books_elt.py took 0.456 seconds
[2025-09-14T00:57:39.884+0000] {processor.py:161} INFO - Started process (PID=4628) to work on /opt/airflow/dags/amazon_books_elt.py
[2025-09-14T00:57:39.885+0000] {processor.py:830} INFO - Processing file /opt/airflow/dags/amazon_books_elt.py for tasks to queue
[2025-09-14T00:57:39.887+0000] {logging_mixin.py:188} INFO - [2025-09-14T00:57:39.886+0000] {dagbag.py:545} INFO - Filling up the DagBag from /opt/airflow/dags/amazon_books_elt.py
[2025-09-14T00:57:40.431+0000] {processor.py:840} INFO - DAG(s) 'amazon_books_elt' retrieved from /opt/airflow/dags/amazon_books_elt.py
[2025-09-14T00:57:40.446+0000] {logging_mixin.py:188} INFO - [2025-09-14T00:57:40.445+0000] {dag.py:3096} INFO - Sync 1 DAGs
[2025-09-14T00:57:40.461+0000] {logging_mixin.py:188} INFO - [2025-09-14T00:57:40.461+0000] {dag.py:3954} INFO - Setting next_dagrun for amazon_books_elt to None, run_after=None
[2025-09-14T00:57:40.474+0000] {processor.py:183} INFO - Processing /opt/airflow/dags/amazon_books_elt.py took 0.594 seconds
[2025-09-14T00:58:10.664+0000] {processor.py:161} INFO - Started process (PID=4648) to work on /opt/airflow/dags/amazon_books_elt.py
[2025-09-14T00:58:10.667+0000] {processor.py:830} INFO - Processing file /opt/airflow/dags/amazon_books_elt.py for tasks to queue
[2025-09-14T00:58:10.668+0000] {logging_mixin.py:188} INFO - [2025-09-14T00:58:10.668+0000] {dagbag.py:545} INFO - Filling up the DagBag from /opt/airflow/dags/amazon_books_elt.py
[2025-09-14T00:58:11.063+0000] {processor.py:840} INFO - DAG(s) 'amazon_books_elt' retrieved from /opt/airflow/dags/amazon_books_elt.py
[2025-09-14T00:58:11.075+0000] {logging_mixin.py:188} INFO - [2025-09-14T00:58:11.074+0000] {dag.py:3096} INFO - Sync 1 DAGs
[2025-09-14T00:58:11.088+0000] {logging_mixin.py:188} INFO - [2025-09-14T00:58:11.087+0000] {dag.py:3954} INFO - Setting next_dagrun for amazon_books_elt to None, run_after=None
[2025-09-14T00:58:11.100+0000] {processor.py:183} INFO - Processing /opt/airflow/dags/amazon_books_elt.py took 0.440 seconds
[2025-09-14T00:58:41.129+0000] {processor.py:161} INFO - Started process (PID=4668) to work on /opt/airflow/dags/amazon_books_elt.py
[2025-09-14T00:58:41.130+0000] {processor.py:830} INFO - Processing file /opt/airflow/dags/amazon_books_elt.py for tasks to queue
[2025-09-14T00:58:41.131+0000] {logging_mixin.py:188} INFO - [2025-09-14T00:58:41.131+0000] {dagbag.py:545} INFO - Filling up the DagBag from /opt/airflow/dags/amazon_books_elt.py
[2025-09-14T00:58:41.541+0000] {processor.py:840} INFO - DAG(s) 'amazon_books_elt' retrieved from /opt/airflow/dags/amazon_books_elt.py
[2025-09-14T00:58:41.552+0000] {logging_mixin.py:188} INFO - [2025-09-14T00:58:41.551+0000] {dag.py:3096} INFO - Sync 1 DAGs
[2025-09-14T00:58:41.564+0000] {logging_mixin.py:188} INFO - [2025-09-14T00:58:41.564+0000] {dag.py:3954} INFO - Setting next_dagrun for amazon_books_elt to None, run_after=None
[2025-09-14T00:58:41.578+0000] {processor.py:183} INFO - Processing /opt/airflow/dags/amazon_books_elt.py took 0.453 seconds
[2025-09-14T00:59:11.704+0000] {processor.py:161} INFO - Started process (PID=4688) to work on /opt/airflow/dags/amazon_books_elt.py
[2025-09-14T00:59:11.705+0000] {processor.py:830} INFO - Processing file /opt/airflow/dags/amazon_books_elt.py for tasks to queue
[2025-09-14T00:59:11.707+0000] {logging_mixin.py:188} INFO - [2025-09-14T00:59:11.707+0000] {dagbag.py:545} INFO - Filling up the DagBag from /opt/airflow/dags/amazon_books_elt.py
[2025-09-14T00:59:12.107+0000] {processor.py:840} INFO - DAG(s) 'amazon_books_elt' retrieved from /opt/airflow/dags/amazon_books_elt.py
[2025-09-14T00:59:12.118+0000] {logging_mixin.py:188} INFO - [2025-09-14T00:59:12.118+0000] {dag.py:3096} INFO - Sync 1 DAGs
[2025-09-14T00:59:12.131+0000] {logging_mixin.py:188} INFO - [2025-09-14T00:59:12.131+0000] {dag.py:3954} INFO - Setting next_dagrun for amazon_books_elt to None, run_after=None
[2025-09-14T00:59:12.142+0000] {processor.py:183} INFO - Processing /opt/airflow/dags/amazon_books_elt.py took 0.442 seconds
[2025-09-14T00:59:42.313+0000] {processor.py:161} INFO - Started process (PID=4708) to work on /opt/airflow/dags/amazon_books_elt.py
[2025-09-14T00:59:42.316+0000] {processor.py:830} INFO - Processing file /opt/airflow/dags/amazon_books_elt.py for tasks to queue
[2025-09-14T00:59:42.318+0000] {logging_mixin.py:188} INFO - [2025-09-14T00:59:42.317+0000] {dagbag.py:545} INFO - Filling up the DagBag from /opt/airflow/dags/amazon_books_elt.py
[2025-09-14T00:59:42.729+0000] {processor.py:840} INFO - DAG(s) 'amazon_books_elt' retrieved from /opt/airflow/dags/amazon_books_elt.py
[2025-09-14T00:59:42.741+0000] {logging_mixin.py:188} INFO - [2025-09-14T00:59:42.741+0000] {dag.py:3096} INFO - Sync 1 DAGs
[2025-09-14T00:59:42.754+0000] {logging_mixin.py:188} INFO - [2025-09-14T00:59:42.754+0000] {dag.py:3954} INFO - Setting next_dagrun for amazon_books_elt to None, run_after=None
[2025-09-14T00:59:42.765+0000] {processor.py:183} INFO - Processing /opt/airflow/dags/amazon_books_elt.py took 0.456 seconds
[2025-09-14T01:00:12.906+0000] {processor.py:161} INFO - Started process (PID=4728) to work on /opt/airflow/dags/amazon_books_elt.py
[2025-09-14T01:00:12.907+0000] {processor.py:830} INFO - Processing file /opt/airflow/dags/amazon_books_elt.py for tasks to queue
[2025-09-14T01:00:12.908+0000] {logging_mixin.py:188} INFO - [2025-09-14T01:00:12.908+0000] {dagbag.py:545} INFO - Filling up the DagBag from /opt/airflow/dags/amazon_books_elt.py
[2025-09-14T01:00:13.315+0000] {processor.py:840} INFO - DAG(s) 'amazon_books_elt' retrieved from /opt/airflow/dags/amazon_books_elt.py
[2025-09-14T01:00:13.327+0000] {logging_mixin.py:188} INFO - [2025-09-14T01:00:13.326+0000] {dag.py:3096} INFO - Sync 1 DAGs
[2025-09-14T01:00:13.339+0000] {logging_mixin.py:188} INFO - [2025-09-14T01:00:13.339+0000] {dag.py:3954} INFO - Setting next_dagrun for amazon_books_elt to None, run_after=None
[2025-09-14T01:00:13.351+0000] {processor.py:183} INFO - Processing /opt/airflow/dags/amazon_books_elt.py took 0.449 seconds
[2025-09-14T01:00:43.489+0000] {processor.py:161} INFO - Started process (PID=4748) to work on /opt/airflow/dags/amazon_books_elt.py
[2025-09-14T01:00:43.491+0000] {processor.py:830} INFO - Processing file /opt/airflow/dags/amazon_books_elt.py for tasks to queue
[2025-09-14T01:00:43.492+0000] {logging_mixin.py:188} INFO - [2025-09-14T01:00:43.492+0000] {dagbag.py:545} INFO - Filling up the DagBag from /opt/airflow/dags/amazon_books_elt.py
[2025-09-14T01:00:43.899+0000] {processor.py:840} INFO - DAG(s) 'amazon_books_elt' retrieved from /opt/airflow/dags/amazon_books_elt.py
[2025-09-14T01:00:43.910+0000] {logging_mixin.py:188} INFO - [2025-09-14T01:00:43.910+0000] {dag.py:3096} INFO - Sync 1 DAGs
[2025-09-14T01:00:43.924+0000] {logging_mixin.py:188} INFO - [2025-09-14T01:00:43.923+0000] {dag.py:3954} INFO - Setting next_dagrun for amazon_books_elt to None, run_after=None
[2025-09-14T01:00:43.936+0000] {processor.py:183} INFO - Processing /opt/airflow/dags/amazon_books_elt.py took 0.452 seconds
[2025-09-14T01:01:14.074+0000] {processor.py:161} INFO - Started process (PID=4768) to work on /opt/airflow/dags/amazon_books_elt.py
[2025-09-14T01:01:14.077+0000] {processor.py:830} INFO - Processing file /opt/airflow/dags/amazon_books_elt.py for tasks to queue
[2025-09-14T01:01:14.078+0000] {logging_mixin.py:188} INFO - [2025-09-14T01:01:14.078+0000] {dagbag.py:545} INFO - Filling up the DagBag from /opt/airflow/dags/amazon_books_elt.py
[2025-09-14T01:01:14.483+0000] {processor.py:840} INFO - DAG(s) 'amazon_books_elt' retrieved from /opt/airflow/dags/amazon_books_elt.py
[2025-09-14T01:01:14.495+0000] {logging_mixin.py:188} INFO - [2025-09-14T01:01:14.494+0000] {dag.py:3096} INFO - Sync 1 DAGs
[2025-09-14T01:01:14.507+0000] {logging_mixin.py:188} INFO - [2025-09-14T01:01:14.507+0000] {dag.py:3954} INFO - Setting next_dagrun for amazon_books_elt to None, run_after=None
[2025-09-14T01:01:14.519+0000] {processor.py:183} INFO - Processing /opt/airflow/dags/amazon_books_elt.py took 0.449 seconds
[2025-09-14T01:01:44.643+0000] {processor.py:161} INFO - Started process (PID=4788) to work on /opt/airflow/dags/amazon_books_elt.py
[2025-09-14T01:01:44.645+0000] {processor.py:830} INFO - Processing file /opt/airflow/dags/amazon_books_elt.py for tasks to queue
[2025-09-14T01:01:44.647+0000] {logging_mixin.py:188} INFO - [2025-09-14T01:01:44.647+0000] {dagbag.py:545} INFO - Filling up the DagBag from /opt/airflow/dags/amazon_books_elt.py
[2025-09-14T01:01:45.051+0000] {processor.py:840} INFO - DAG(s) 'amazon_books_elt' retrieved from /opt/airflow/dags/amazon_books_elt.py
[2025-09-14T01:01:45.062+0000] {logging_mixin.py:188} INFO - [2025-09-14T01:01:45.061+0000] {dag.py:3096} INFO - Sync 1 DAGs
[2025-09-14T01:01:45.074+0000] {logging_mixin.py:188} INFO - [2025-09-14T01:01:45.074+0000] {dag.py:3954} INFO - Setting next_dagrun for amazon_books_elt to None, run_after=None
[2025-09-14T01:01:45.088+0000] {processor.py:183} INFO - Processing /opt/airflow/dags/amazon_books_elt.py took 0.450 seconds
[2025-09-14T01:02:15.215+0000] {processor.py:161} INFO - Started process (PID=4808) to work on /opt/airflow/dags/amazon_books_elt.py
[2025-09-14T01:02:15.217+0000] {processor.py:830} INFO - Processing file /opt/airflow/dags/amazon_books_elt.py for tasks to queue
[2025-09-14T01:02:15.218+0000] {logging_mixin.py:188} INFO - [2025-09-14T01:02:15.218+0000] {dagbag.py:545} INFO - Filling up the DagBag from /opt/airflow/dags/amazon_books_elt.py
[2025-09-14T01:02:15.610+0000] {processor.py:840} INFO - DAG(s) 'amazon_books_elt' retrieved from /opt/airflow/dags/amazon_books_elt.py
[2025-09-14T01:02:15.621+0000] {logging_mixin.py:188} INFO - [2025-09-14T01:02:15.620+0000] {dag.py:3096} INFO - Sync 1 DAGs
[2025-09-14T01:02:15.633+0000] {logging_mixin.py:188} INFO - [2025-09-14T01:02:15.633+0000] {dag.py:3954} INFO - Setting next_dagrun for amazon_books_elt to None, run_after=None
[2025-09-14T01:02:15.643+0000] {processor.py:183} INFO - Processing /opt/airflow/dags/amazon_books_elt.py took 0.433 seconds
[2025-09-14T01:02:45.791+0000] {processor.py:161} INFO - Started process (PID=4828) to work on /opt/airflow/dags/amazon_books_elt.py
[2025-09-14T01:02:45.792+0000] {processor.py:830} INFO - Processing file /opt/airflow/dags/amazon_books_elt.py for tasks to queue
[2025-09-14T01:02:45.794+0000] {logging_mixin.py:188} INFO - [2025-09-14T01:02:45.793+0000] {dagbag.py:545} INFO - Filling up the DagBag from /opt/airflow/dags/amazon_books_elt.py
[2025-09-14T01:02:46.200+0000] {processor.py:840} INFO - DAG(s) 'amazon_books_elt' retrieved from /opt/airflow/dags/amazon_books_elt.py
[2025-09-14T01:02:46.212+0000] {logging_mixin.py:188} INFO - [2025-09-14T01:02:46.212+0000] {dag.py:3096} INFO - Sync 1 DAGs
[2025-09-14T01:02:46.226+0000] {logging_mixin.py:188} INFO - [2025-09-14T01:02:46.226+0000] {dag.py:3954} INFO - Setting next_dagrun for amazon_books_elt to None, run_after=None
[2025-09-14T01:02:46.238+0000] {processor.py:183} INFO - Processing /opt/airflow/dags/amazon_books_elt.py took 0.451 seconds
[2025-09-14T01:03:16.365+0000] {processor.py:161} INFO - Started process (PID=4848) to work on /opt/airflow/dags/amazon_books_elt.py
[2025-09-14T01:03:16.367+0000] {processor.py:830} INFO - Processing file /opt/airflow/dags/amazon_books_elt.py for tasks to queue
[2025-09-14T01:03:16.369+0000] {logging_mixin.py:188} INFO - [2025-09-14T01:03:16.368+0000] {dagbag.py:545} INFO - Filling up the DagBag from /opt/airflow/dags/amazon_books_elt.py
[2025-09-14T01:03:16.789+0000] {processor.py:840} INFO - DAG(s) 'amazon_books_elt' retrieved from /opt/airflow/dags/amazon_books_elt.py
[2025-09-14T01:03:16.801+0000] {logging_mixin.py:188} INFO - [2025-09-14T01:03:16.801+0000] {dag.py:3096} INFO - Sync 1 DAGs
[2025-09-14T01:03:16.814+0000] {logging_mixin.py:188} INFO - [2025-09-14T01:03:16.814+0000] {dag.py:3954} INFO - Setting next_dagrun for amazon_books_elt to None, run_after=None
[2025-09-14T01:03:16.826+0000] {processor.py:183} INFO - Processing /opt/airflow/dags/amazon_books_elt.py took 0.465 seconds
[2025-09-14T01:03:46.977+0000] {processor.py:161} INFO - Started process (PID=4868) to work on /opt/airflow/dags/amazon_books_elt.py
[2025-09-14T01:03:46.978+0000] {processor.py:830} INFO - Processing file /opt/airflow/dags/amazon_books_elt.py for tasks to queue
[2025-09-14T01:03:46.979+0000] {logging_mixin.py:188} INFO - [2025-09-14T01:03:46.979+0000] {dagbag.py:545} INFO - Filling up the DagBag from /opt/airflow/dags/amazon_books_elt.py
[2025-09-14T01:03:47.374+0000] {processor.py:840} INFO - DAG(s) 'amazon_books_elt' retrieved from /opt/airflow/dags/amazon_books_elt.py
[2025-09-14T01:03:47.385+0000] {logging_mixin.py:188} INFO - [2025-09-14T01:03:47.385+0000] {dag.py:3096} INFO - Sync 1 DAGs
[2025-09-14T01:03:47.397+0000] {logging_mixin.py:188} INFO - [2025-09-14T01:03:47.397+0000] {dag.py:3954} INFO - Setting next_dagrun for amazon_books_elt to None, run_after=None
[2025-09-14T01:03:47.409+0000] {processor.py:183} INFO - Processing /opt/airflow/dags/amazon_books_elt.py took 0.437 seconds
[2025-09-14T01:04:17.552+0000] {processor.py:161} INFO - Started process (PID=4888) to work on /opt/airflow/dags/amazon_books_elt.py
[2025-09-14T01:04:17.553+0000] {processor.py:830} INFO - Processing file /opt/airflow/dags/amazon_books_elt.py for tasks to queue
[2025-09-14T01:04:17.554+0000] {logging_mixin.py:188} INFO - [2025-09-14T01:04:17.554+0000] {dagbag.py:545} INFO - Filling up the DagBag from /opt/airflow/dags/amazon_books_elt.py
[2025-09-14T01:04:17.964+0000] {processor.py:840} INFO - DAG(s) 'amazon_books_elt' retrieved from /opt/airflow/dags/amazon_books_elt.py
[2025-09-14T01:04:17.977+0000] {logging_mixin.py:188} INFO - [2025-09-14T01:04:17.977+0000] {dag.py:3096} INFO - Sync 1 DAGs
[2025-09-14T01:04:17.994+0000] {logging_mixin.py:188} INFO - [2025-09-14T01:04:17.993+0000] {dag.py:3954} INFO - Setting next_dagrun for amazon_books_elt to None, run_after=None
[2025-09-14T01:04:18.009+0000] {processor.py:183} INFO - Processing /opt/airflow/dags/amazon_books_elt.py took 0.462 seconds
[2025-09-14T01:04:48.139+0000] {processor.py:161} INFO - Started process (PID=4908) to work on /opt/airflow/dags/amazon_books_elt.py
[2025-09-14T01:04:48.140+0000] {processor.py:830} INFO - Processing file /opt/airflow/dags/amazon_books_elt.py for tasks to queue
[2025-09-14T01:04:48.141+0000] {logging_mixin.py:188} INFO - [2025-09-14T01:04:48.141+0000] {dagbag.py:545} INFO - Filling up the DagBag from /opt/airflow/dags/amazon_books_elt.py
[2025-09-14T01:04:48.567+0000] {processor.py:840} INFO - DAG(s) 'amazon_books_elt' retrieved from /opt/airflow/dags/amazon_books_elt.py
[2025-09-14T01:04:48.580+0000] {logging_mixin.py:188} INFO - [2025-09-14T01:04:48.580+0000] {dag.py:3096} INFO - Sync 1 DAGs
[2025-09-14T01:04:48.594+0000] {logging_mixin.py:188} INFO - [2025-09-14T01:04:48.594+0000] {dag.py:3954} INFO - Setting next_dagrun for amazon_books_elt to None, run_after=None
[2025-09-14T01:04:48.607+0000] {processor.py:183} INFO - Processing /opt/airflow/dags/amazon_books_elt.py took 0.473 seconds
[2025-09-14T01:05:18.771+0000] {processor.py:161} INFO - Started process (PID=4928) to work on /opt/airflow/dags/amazon_books_elt.py
[2025-09-14T01:05:18.772+0000] {processor.py:830} INFO - Processing file /opt/airflow/dags/amazon_books_elt.py for tasks to queue
[2025-09-14T01:05:18.775+0000] {logging_mixin.py:188} INFO - [2025-09-14T01:05:18.774+0000] {dagbag.py:545} INFO - Filling up the DagBag from /opt/airflow/dags/amazon_books_elt.py
[2025-09-14T01:05:19.311+0000] {processor.py:840} INFO - DAG(s) 'amazon_books_elt' retrieved from /opt/airflow/dags/amazon_books_elt.py
[2025-09-14T01:05:19.323+0000] {logging_mixin.py:188} INFO - [2025-09-14T01:05:19.322+0000] {dag.py:3096} INFO - Sync 1 DAGs
[2025-09-14T01:05:19.338+0000] {logging_mixin.py:188} INFO - [2025-09-14T01:05:19.338+0000] {dag.py:3954} INFO - Setting next_dagrun for amazon_books_elt to None, run_after=None
[2025-09-14T01:05:19.349+0000] {processor.py:183} INFO - Processing /opt/airflow/dags/amazon_books_elt.py took 0.586 seconds
[2025-09-14T16:01:32.228+0000] {processor.py:161} INFO - Started process (PID=56) to work on /opt/airflow/dags/amazon_books_elt.py
[2025-09-14T16:01:32.231+0000] {processor.py:830} INFO - Processing file /opt/airflow/dags/amazon_books_elt.py for tasks to queue
[2025-09-14T16:01:32.233+0000] {logging_mixin.py:188} INFO - [2025-09-14T16:01:32.233+0000] {dagbag.py:545} INFO - Filling up the DagBag from /opt/airflow/dags/amazon_books_elt.py
[2025-09-14T16:01:33.645+0000] {processor.py:840} INFO - DAG(s) 'amazon_books_elt' retrieved from /opt/airflow/dags/amazon_books_elt.py
[2025-09-14T16:01:35.939+0000] {logging_mixin.py:188} INFO - [2025-09-14T16:01:35.938+0000] {dag.py:3096} INFO - Sync 1 DAGs
[2025-09-14T16:01:35.955+0000] {logging_mixin.py:188} INFO - [2025-09-14T16:01:35.955+0000] {dag.py:3954} INFO - Setting next_dagrun for amazon_books_elt to None, run_after=None
[2025-09-14T16:01:35.985+0000] {processor.py:183} INFO - Processing /opt/airflow/dags/amazon_books_elt.py took 3.765 seconds
[2025-09-14T16:02:06.740+0000] {processor.py:161} INFO - Started process (PID=76) to work on /opt/airflow/dags/amazon_books_elt.py
[2025-09-14T16:02:06.740+0000] {processor.py:830} INFO - Processing file /opt/airflow/dags/amazon_books_elt.py for tasks to queue
[2025-09-14T16:02:06.741+0000] {logging_mixin.py:188} INFO - [2025-09-14T16:02:06.741+0000] {dagbag.py:545} INFO - Filling up the DagBag from /opt/airflow/dags/amazon_books_elt.py
[2025-09-14T16:02:07.299+0000] {processor.py:840} INFO - DAG(s) 'amazon_books_elt' retrieved from /opt/airflow/dags/amazon_books_elt.py
[2025-09-14T16:02:07.388+0000] {logging_mixin.py:188} INFO - [2025-09-14T16:02:07.388+0000] {dag.py:3096} INFO - Sync 1 DAGs
[2025-09-14T16:02:07.401+0000] {logging_mixin.py:188} INFO - [2025-09-14T16:02:07.401+0000] {dag.py:3954} INFO - Setting next_dagrun for amazon_books_elt to None, run_after=None
[2025-09-14T16:02:07.412+0000] {processor.py:183} INFO - Processing /opt/airflow/dags/amazon_books_elt.py took 0.677 seconds
[2025-09-14T16:02:37.856+0000] {processor.py:161} INFO - Started process (PID=101) to work on /opt/airflow/dags/amazon_books_elt.py
[2025-09-14T16:02:37.863+0000] {processor.py:830} INFO - Processing file /opt/airflow/dags/amazon_books_elt.py for tasks to queue
[2025-09-14T16:02:37.864+0000] {logging_mixin.py:188} INFO - [2025-09-14T16:02:37.864+0000] {dagbag.py:545} INFO - Filling up the DagBag from /opt/airflow/dags/amazon_books_elt.py
[2025-09-14T16:02:38.402+0000] {processor.py:840} INFO - DAG(s) 'amazon_books_elt' retrieved from /opt/airflow/dags/amazon_books_elt.py
[2025-09-14T16:02:38.413+0000] {logging_mixin.py:188} INFO - [2025-09-14T16:02:38.413+0000] {dag.py:3096} INFO - Sync 1 DAGs
[2025-09-14T16:02:38.428+0000] {logging_mixin.py:188} INFO - [2025-09-14T16:02:38.428+0000] {dag.py:3954} INFO - Setting next_dagrun for amazon_books_elt to None, run_after=None
[2025-09-14T16:02:38.442+0000] {processor.py:183} INFO - Processing /opt/airflow/dags/amazon_books_elt.py took 0.595 seconds
[2025-09-14T16:03:09.171+0000] {processor.py:161} INFO - Started process (PID=121) to work on /opt/airflow/dags/amazon_books_elt.py
[2025-09-14T16:03:09.173+0000] {processor.py:830} INFO - Processing file /opt/airflow/dags/amazon_books_elt.py for tasks to queue
[2025-09-14T16:03:09.174+0000] {logging_mixin.py:188} INFO - [2025-09-14T16:03:09.174+0000] {dagbag.py:545} INFO - Filling up the DagBag from /opt/airflow/dags/amazon_books_elt.py
[2025-09-14T16:03:10.190+0000] {processor.py:840} INFO - DAG(s) 'amazon_books_elt' retrieved from /opt/airflow/dags/amazon_books_elt.py
[2025-09-14T16:03:10.212+0000] {logging_mixin.py:188} INFO - [2025-09-14T16:03:10.211+0000] {dag.py:3096} INFO - Sync 1 DAGs
[2025-09-14T16:03:10.236+0000] {logging_mixin.py:188} INFO - [2025-09-14T16:03:10.236+0000] {dag.py:3954} INFO - Setting next_dagrun for amazon_books_elt to None, run_after=None
[2025-09-14T16:03:10.258+0000] {processor.py:183} INFO - Processing /opt/airflow/dags/amazon_books_elt.py took 1.093 seconds
[2025-09-14T16:03:41.017+0000] {processor.py:161} INFO - Started process (PID=141) to work on /opt/airflow/dags/amazon_books_elt.py
[2025-09-14T16:03:41.018+0000] {processor.py:830} INFO - Processing file /opt/airflow/dags/amazon_books_elt.py for tasks to queue
[2025-09-14T16:03:41.019+0000] {logging_mixin.py:188} INFO - [2025-09-14T16:03:41.019+0000] {dagbag.py:545} INFO - Filling up the DagBag from /opt/airflow/dags/amazon_books_elt.py
[2025-09-14T16:03:41.412+0000] {processor.py:840} INFO - DAG(s) 'amazon_books_elt' retrieved from /opt/airflow/dags/amazon_books_elt.py
[2025-09-14T16:03:41.422+0000] {logging_mixin.py:188} INFO - [2025-09-14T16:03:41.422+0000] {dag.py:3096} INFO - Sync 1 DAGs
[2025-09-14T16:03:41.435+0000] {logging_mixin.py:188} INFO - [2025-09-14T16:03:41.435+0000] {dag.py:3954} INFO - Setting next_dagrun for amazon_books_elt to None, run_after=None
[2025-09-14T16:03:41.448+0000] {processor.py:183} INFO - Processing /opt/airflow/dags/amazon_books_elt.py took 0.435 seconds
[2025-09-14T16:04:11.822+0000] {processor.py:161} INFO - Started process (PID=161) to work on /opt/airflow/dags/amazon_books_elt.py
[2025-09-14T16:04:11.823+0000] {processor.py:830} INFO - Processing file /opt/airflow/dags/amazon_books_elt.py for tasks to queue
[2025-09-14T16:04:11.824+0000] {logging_mixin.py:188} INFO - [2025-09-14T16:04:11.824+0000] {dagbag.py:545} INFO - Filling up the DagBag from /opt/airflow/dags/amazon_books_elt.py
[2025-09-14T16:04:12.192+0000] {processor.py:840} INFO - DAG(s) 'amazon_books_elt' retrieved from /opt/airflow/dags/amazon_books_elt.py
[2025-09-14T16:04:12.202+0000] {logging_mixin.py:188} INFO - [2025-09-14T16:04:12.201+0000] {dag.py:3096} INFO - Sync 1 DAGs
[2025-09-14T16:04:12.213+0000] {logging_mixin.py:188} INFO - [2025-09-14T16:04:12.213+0000] {dag.py:3954} INFO - Setting next_dagrun for amazon_books_elt to None, run_after=None
[2025-09-14T16:04:12.223+0000] {processor.py:183} INFO - Processing /opt/airflow/dags/amazon_books_elt.py took 0.404 seconds
[2025-09-14T16:04:42.927+0000] {processor.py:161} INFO - Started process (PID=181) to work on /opt/airflow/dags/amazon_books_elt.py
[2025-09-14T16:04:42.929+0000] {processor.py:830} INFO - Processing file /opt/airflow/dags/amazon_books_elt.py for tasks to queue
[2025-09-14T16:04:42.931+0000] {logging_mixin.py:188} INFO - [2025-09-14T16:04:42.930+0000] {dagbag.py:545} INFO - Filling up the DagBag from /opt/airflow/dags/amazon_books_elt.py
[2025-09-14T16:04:43.322+0000] {processor.py:840} INFO - DAG(s) 'amazon_books_elt' retrieved from /opt/airflow/dags/amazon_books_elt.py
[2025-09-14T16:04:43.332+0000] {logging_mixin.py:188} INFO - [2025-09-14T16:04:43.332+0000] {dag.py:3096} INFO - Sync 1 DAGs
[2025-09-14T16:04:43.345+0000] {logging_mixin.py:188} INFO - [2025-09-14T16:04:43.345+0000] {dag.py:3954} INFO - Setting next_dagrun for amazon_books_elt to None, run_after=None
[2025-09-14T16:04:43.355+0000] {processor.py:183} INFO - Processing /opt/airflow/dags/amazon_books_elt.py took 0.431 seconds
[2025-09-14T16:05:13.699+0000] {processor.py:161} INFO - Started process (PID=201) to work on /opt/airflow/dags/amazon_books_elt.py
[2025-09-14T16:05:13.700+0000] {processor.py:830} INFO - Processing file /opt/airflow/dags/amazon_books_elt.py for tasks to queue
[2025-09-14T16:05:13.701+0000] {logging_mixin.py:188} INFO - [2025-09-14T16:05:13.701+0000] {dagbag.py:545} INFO - Filling up the DagBag from /opt/airflow/dags/amazon_books_elt.py
[2025-09-14T16:05:14.084+0000] {processor.py:840} INFO - DAG(s) 'amazon_books_elt' retrieved from /opt/airflow/dags/amazon_books_elt.py
[2025-09-14T16:05:14.094+0000] {logging_mixin.py:188} INFO - [2025-09-14T16:05:14.094+0000] {dag.py:3096} INFO - Sync 1 DAGs
[2025-09-14T16:05:14.107+0000] {logging_mixin.py:188} INFO - [2025-09-14T16:05:14.107+0000] {dag.py:3954} INFO - Setting next_dagrun for amazon_books_elt to None, run_after=None
[2025-09-14T16:05:14.117+0000] {processor.py:183} INFO - Processing /opt/airflow/dags/amazon_books_elt.py took 0.422 seconds
[2025-09-14T16:05:44.853+0000] {processor.py:161} INFO - Started process (PID=222) to work on /opt/airflow/dags/amazon_books_elt.py
[2025-09-14T16:05:44.854+0000] {processor.py:830} INFO - Processing file /opt/airflow/dags/amazon_books_elt.py for tasks to queue
[2025-09-14T16:05:44.855+0000] {logging_mixin.py:188} INFO - [2025-09-14T16:05:44.855+0000] {dagbag.py:545} INFO - Filling up the DagBag from /opt/airflow/dags/amazon_books_elt.py
[2025-09-14T16:05:45.231+0000] {processor.py:840} INFO - DAG(s) 'amazon_books_elt' retrieved from /opt/airflow/dags/amazon_books_elt.py
[2025-09-14T16:05:45.241+0000] {logging_mixin.py:188} INFO - [2025-09-14T16:05:45.241+0000] {dag.py:3096} INFO - Sync 1 DAGs
[2025-09-14T16:05:45.253+0000] {logging_mixin.py:188} INFO - [2025-09-14T16:05:45.253+0000] {dag.py:3954} INFO - Setting next_dagrun for amazon_books_elt to None, run_after=None
[2025-09-14T16:05:45.263+0000] {processor.py:183} INFO - Processing /opt/airflow/dags/amazon_books_elt.py took 0.413 seconds
[2025-09-14T16:06:15.595+0000] {processor.py:161} INFO - Started process (PID=242) to work on /opt/airflow/dags/amazon_books_elt.py
[2025-09-14T16:06:15.596+0000] {processor.py:830} INFO - Processing file /opt/airflow/dags/amazon_books_elt.py for tasks to queue
[2025-09-14T16:06:15.597+0000] {logging_mixin.py:188} INFO - [2025-09-14T16:06:15.597+0000] {dagbag.py:545} INFO - Filling up the DagBag from /opt/airflow/dags/amazon_books_elt.py
[2025-09-14T16:06:15.966+0000] {processor.py:840} INFO - DAG(s) 'amazon_books_elt' retrieved from /opt/airflow/dags/amazon_books_elt.py
[2025-09-14T16:06:15.976+0000] {logging_mixin.py:188} INFO - [2025-09-14T16:06:15.976+0000] {dag.py:3096} INFO - Sync 1 DAGs
[2025-09-14T16:06:15.988+0000] {logging_mixin.py:188} INFO - [2025-09-14T16:06:15.987+0000] {dag.py:3954} INFO - Setting next_dagrun for amazon_books_elt to None, run_after=None
[2025-09-14T16:06:15.997+0000] {processor.py:183} INFO - Processing /opt/airflow/dags/amazon_books_elt.py took 0.406 seconds
[2025-09-14T16:06:46.770+0000] {processor.py:161} INFO - Started process (PID=262) to work on /opt/airflow/dags/amazon_books_elt.py
[2025-09-14T16:06:46.771+0000] {processor.py:830} INFO - Processing file /opt/airflow/dags/amazon_books_elt.py for tasks to queue
[2025-09-14T16:06:46.772+0000] {logging_mixin.py:188} INFO - [2025-09-14T16:06:46.772+0000] {dagbag.py:545} INFO - Filling up the DagBag from /opt/airflow/dags/amazon_books_elt.py
[2025-09-14T16:06:47.176+0000] {processor.py:840} INFO - DAG(s) 'amazon_books_elt' retrieved from /opt/airflow/dags/amazon_books_elt.py
[2025-09-14T16:06:47.186+0000] {logging_mixin.py:188} INFO - [2025-09-14T16:06:47.186+0000] {dag.py:3096} INFO - Sync 1 DAGs
[2025-09-14T16:06:47.200+0000] {logging_mixin.py:188} INFO - [2025-09-14T16:06:47.199+0000] {dag.py:3954} INFO - Setting next_dagrun for amazon_books_elt to None, run_after=None
[2025-09-14T16:06:47.211+0000] {processor.py:183} INFO - Processing /opt/airflow/dags/amazon_books_elt.py took 0.444 seconds
[2025-09-14T16:07:17.524+0000] {processor.py:161} INFO - Started process (PID=282) to work on /opt/airflow/dags/amazon_books_elt.py
[2025-09-14T16:07:17.527+0000] {processor.py:830} INFO - Processing file /opt/airflow/dags/amazon_books_elt.py for tasks to queue
[2025-09-14T16:07:17.528+0000] {logging_mixin.py:188} INFO - [2025-09-14T16:07:17.528+0000] {dagbag.py:545} INFO - Filling up the DagBag from /opt/airflow/dags/amazon_books_elt.py
[2025-09-14T16:07:17.939+0000] {processor.py:840} INFO - DAG(s) 'amazon_books_elt' retrieved from /opt/airflow/dags/amazon_books_elt.py
[2025-09-14T16:07:17.952+0000] {logging_mixin.py:188} INFO - [2025-09-14T16:07:17.951+0000] {dag.py:3096} INFO - Sync 1 DAGs
[2025-09-14T16:07:17.967+0000] {logging_mixin.py:188} INFO - [2025-09-14T16:07:17.966+0000] {dag.py:3954} INFO - Setting next_dagrun for amazon_books_elt to None, run_after=None
[2025-09-14T16:07:17.980+0000] {processor.py:183} INFO - Processing /opt/airflow/dags/amazon_books_elt.py took 0.459 seconds
[2025-09-14T16:07:48.086+0000] {processor.py:161} INFO - Started process (PID=302) to work on /opt/airflow/dags/amazon_books_elt.py
[2025-09-14T16:07:48.097+0000] {processor.py:830} INFO - Processing file /opt/airflow/dags/amazon_books_elt.py for tasks to queue
[2025-09-14T16:07:48.099+0000] {logging_mixin.py:188} INFO - [2025-09-14T16:07:48.098+0000] {dagbag.py:545} INFO - Filling up the DagBag from /opt/airflow/dags/amazon_books_elt.py
[2025-09-14T16:07:48.570+0000] {processor.py:840} INFO - DAG(s) 'amazon_books_elt' retrieved from /opt/airflow/dags/amazon_books_elt.py
[2025-09-14T16:07:48.580+0000] {logging_mixin.py:188} INFO - [2025-09-14T16:07:48.580+0000] {dag.py:3096} INFO - Sync 1 DAGs
[2025-09-14T16:07:48.594+0000] {logging_mixin.py:188} INFO - [2025-09-14T16:07:48.594+0000] {dag.py:3954} INFO - Setting next_dagrun for amazon_books_elt to None, run_after=None
[2025-09-14T16:07:48.606+0000] {processor.py:183} INFO - Processing /opt/airflow/dags/amazon_books_elt.py took 0.523 seconds
[2025-09-14T16:08:18.942+0000] {processor.py:161} INFO - Started process (PID=322) to work on /opt/airflow/dags/amazon_books_elt.py
[2025-09-14T16:08:18.943+0000] {processor.py:830} INFO - Processing file /opt/airflow/dags/amazon_books_elt.py for tasks to queue
[2025-09-14T16:08:18.944+0000] {logging_mixin.py:188} INFO - [2025-09-14T16:08:18.944+0000] {dagbag.py:545} INFO - Filling up the DagBag from /opt/airflow/dags/amazon_books_elt.py
[2025-09-14T16:08:19.416+0000] {processor.py:840} INFO - DAG(s) 'amazon_books_elt' retrieved from /opt/airflow/dags/amazon_books_elt.py
[2025-09-14T16:08:19.428+0000] {logging_mixin.py:188} INFO - [2025-09-14T16:08:19.427+0000] {dag.py:3096} INFO - Sync 1 DAGs
[2025-09-14T16:08:19.441+0000] {logging_mixin.py:188} INFO - [2025-09-14T16:08:19.441+0000] {dag.py:3954} INFO - Setting next_dagrun for amazon_books_elt to None, run_after=None
[2025-09-14T16:08:19.453+0000] {processor.py:183} INFO - Processing /opt/airflow/dags/amazon_books_elt.py took 0.515 seconds
[2025-09-14T16:08:49.800+0000] {processor.py:161} INFO - Started process (PID=342) to work on /opt/airflow/dags/amazon_books_elt.py
[2025-09-14T16:08:49.800+0000] {processor.py:830} INFO - Processing file /opt/airflow/dags/amazon_books_elt.py for tasks to queue
[2025-09-14T16:08:49.802+0000] {logging_mixin.py:188} INFO - [2025-09-14T16:08:49.801+0000] {dagbag.py:545} INFO - Filling up the DagBag from /opt/airflow/dags/amazon_books_elt.py
[2025-09-14T16:08:50.251+0000] {processor.py:840} INFO - DAG(s) 'amazon_books_elt' retrieved from /opt/airflow/dags/amazon_books_elt.py
[2025-09-14T16:08:50.262+0000] {logging_mixin.py:188} INFO - [2025-09-14T16:08:50.262+0000] {dag.py:3096} INFO - Sync 1 DAGs
[2025-09-14T16:08:50.275+0000] {logging_mixin.py:188} INFO - [2025-09-14T16:08:50.274+0000] {dag.py:3954} INFO - Setting next_dagrun for amazon_books_elt to None, run_after=None
[2025-09-14T16:08:50.286+0000] {processor.py:183} INFO - Processing /opt/airflow/dags/amazon_books_elt.py took 0.490 seconds
[2025-09-14T16:09:20.602+0000] {processor.py:161} INFO - Started process (PID=362) to work on /opt/airflow/dags/amazon_books_elt.py
[2025-09-14T16:09:20.603+0000] {processor.py:830} INFO - Processing file /opt/airflow/dags/amazon_books_elt.py for tasks to queue
[2025-09-14T16:09:20.605+0000] {logging_mixin.py:188} INFO - [2025-09-14T16:09:20.604+0000] {dagbag.py:545} INFO - Filling up the DagBag from /opt/airflow/dags/amazon_books_elt.py
[2025-09-14T16:09:21.113+0000] {processor.py:840} INFO - DAG(s) 'amazon_books_elt' retrieved from /opt/airflow/dags/amazon_books_elt.py
[2025-09-14T16:09:21.126+0000] {logging_mixin.py:188} INFO - [2025-09-14T16:09:21.126+0000] {dag.py:3096} INFO - Sync 1 DAGs
[2025-09-14T16:09:21.139+0000] {logging_mixin.py:188} INFO - [2025-09-14T16:09:21.139+0000] {dag.py:3954} INFO - Setting next_dagrun for amazon_books_elt to None, run_after=None
[2025-09-14T16:09:21.152+0000] {processor.py:183} INFO - Processing /opt/airflow/dags/amazon_books_elt.py took 0.554 seconds
[2025-09-14T16:09:51.939+0000] {processor.py:161} INFO - Started process (PID=382) to work on /opt/airflow/dags/amazon_books_elt.py
[2025-09-14T16:09:51.940+0000] {processor.py:830} INFO - Processing file /opt/airflow/dags/amazon_books_elt.py for tasks to queue
[2025-09-14T16:09:51.941+0000] {logging_mixin.py:188} INFO - [2025-09-14T16:09:51.941+0000] {dagbag.py:545} INFO - Filling up the DagBag from /opt/airflow/dags/amazon_books_elt.py
[2025-09-14T16:09:52.360+0000] {processor.py:840} INFO - DAG(s) 'amazon_books_elt' retrieved from /opt/airflow/dags/amazon_books_elt.py
[2025-09-14T16:09:52.371+0000] {logging_mixin.py:188} INFO - [2025-09-14T16:09:52.370+0000] {dag.py:3096} INFO - Sync 1 DAGs
[2025-09-14T16:09:52.383+0000] {logging_mixin.py:188} INFO - [2025-09-14T16:09:52.383+0000] {dag.py:3954} INFO - Setting next_dagrun for amazon_books_elt to None, run_after=None
[2025-09-14T16:09:52.395+0000] {processor.py:183} INFO - Processing /opt/airflow/dags/amazon_books_elt.py took 0.459 seconds
[2025-09-14T16:10:22.730+0000] {processor.py:161} INFO - Started process (PID=402) to work on /opt/airflow/dags/amazon_books_elt.py
[2025-09-14T16:10:22.731+0000] {processor.py:830} INFO - Processing file /opt/airflow/dags/amazon_books_elt.py for tasks to queue
[2025-09-14T16:10:22.732+0000] {logging_mixin.py:188} INFO - [2025-09-14T16:10:22.732+0000] {dagbag.py:545} INFO - Filling up the DagBag from /opt/airflow/dags/amazon_books_elt.py
[2025-09-14T16:10:23.129+0000] {processor.py:840} INFO - DAG(s) 'amazon_books_elt' retrieved from /opt/airflow/dags/amazon_books_elt.py
[2025-09-14T16:10:23.139+0000] {logging_mixin.py:188} INFO - [2025-09-14T16:10:23.138+0000] {dag.py:3096} INFO - Sync 1 DAGs
[2025-09-14T16:10:23.150+0000] {logging_mixin.py:188} INFO - [2025-09-14T16:10:23.150+0000] {dag.py:3954} INFO - Setting next_dagrun for amazon_books_elt to None, run_after=None
[2025-09-14T16:10:23.161+0000] {processor.py:183} INFO - Processing /opt/airflow/dags/amazon_books_elt.py took 0.434 seconds
[2025-09-14T16:10:54.014+0000] {processor.py:161} INFO - Started process (PID=422) to work on /opt/airflow/dags/amazon_books_elt.py
[2025-09-14T16:10:54.014+0000] {processor.py:830} INFO - Processing file /opt/airflow/dags/amazon_books_elt.py for tasks to queue
[2025-09-14T16:10:54.015+0000] {logging_mixin.py:188} INFO - [2025-09-14T16:10:54.015+0000] {dagbag.py:545} INFO - Filling up the DagBag from /opt/airflow/dags/amazon_books_elt.py
[2025-09-14T16:10:54.525+0000] {processor.py:840} INFO - DAG(s) 'amazon_books_elt' retrieved from /opt/airflow/dags/amazon_books_elt.py
[2025-09-14T16:10:54.539+0000] {logging_mixin.py:188} INFO - [2025-09-14T16:10:54.538+0000] {dag.py:3096} INFO - Sync 1 DAGs
[2025-09-14T16:10:54.557+0000] {logging_mixin.py:188} INFO - [2025-09-14T16:10:54.557+0000] {dag.py:3954} INFO - Setting next_dagrun for amazon_books_elt to None, run_after=None
[2025-09-14T16:10:54.570+0000] {processor.py:183} INFO - Processing /opt/airflow/dags/amazon_books_elt.py took 0.560 seconds
[2025-09-14T16:11:11.811+0000] {processor.py:161} INFO - Started process (PID=436) to work on /opt/airflow/dags/amazon_books_elt.py
[2025-09-14T16:11:11.812+0000] {processor.py:830} INFO - Processing file /opt/airflow/dags/amazon_books_elt.py for tasks to queue
[2025-09-14T16:11:11.813+0000] {logging_mixin.py:188} INFO - [2025-09-14T16:11:11.813+0000] {dagbag.py:545} INFO - Filling up the DagBag from /opt/airflow/dags/amazon_books_elt.py
[2025-09-14T16:11:12.215+0000] {processor.py:840} INFO - DAG(s) 'amazon_books_elt' retrieved from /opt/airflow/dags/amazon_books_elt.py
[2025-09-14T16:11:12.294+0000] {logging_mixin.py:188} INFO - [2025-09-14T16:11:12.294+0000] {dag.py:3096} INFO - Sync 1 DAGs
[2025-09-14T16:11:12.306+0000] {logging_mixin.py:188} INFO - [2025-09-14T16:11:12.306+0000] {dag.py:3954} INFO - Setting next_dagrun for amazon_books_elt to 2025-09-12 00:00:00+00:00, run_after=2025-09-13 00:00:00+00:00
[2025-09-14T16:11:12.322+0000] {processor.py:183} INFO - Processing /opt/airflow/dags/amazon_books_elt.py took 0.514 seconds
[2025-09-14T16:11:42.742+0000] {processor.py:161} INFO - Started process (PID=454) to work on /opt/airflow/dags/amazon_books_elt.py
[2025-09-14T16:11:42.743+0000] {processor.py:830} INFO - Processing file /opt/airflow/dags/amazon_books_elt.py for tasks to queue
[2025-09-14T16:11:42.744+0000] {logging_mixin.py:188} INFO - [2025-09-14T16:11:42.743+0000] {dagbag.py:545} INFO - Filling up the DagBag from /opt/airflow/dags/amazon_books_elt.py
[2025-09-14T16:11:43.191+0000] {processor.py:840} INFO - DAG(s) 'amazon_books_elt' retrieved from /opt/airflow/dags/amazon_books_elt.py
[2025-09-14T16:11:43.229+0000] {logging_mixin.py:188} INFO - [2025-09-14T16:11:43.229+0000] {dag.py:3096} INFO - Sync 1 DAGs
[2025-09-14T16:11:43.249+0000] {logging_mixin.py:188} INFO - [2025-09-14T16:11:43.249+0000] {dag.py:3954} INFO - Setting next_dagrun for amazon_books_elt to 2025-09-14 00:00:00+00:00, run_after=2025-09-15 00:00:00+00:00
[2025-09-14T16:11:43.280+0000] {processor.py:183} INFO - Processing /opt/airflow/dags/amazon_books_elt.py took 0.541 seconds
[2025-09-14T16:12:13.687+0000] {processor.py:161} INFO - Started process (PID=474) to work on /opt/airflow/dags/amazon_books_elt.py
[2025-09-14T16:12:13.690+0000] {processor.py:830} INFO - Processing file /opt/airflow/dags/amazon_books_elt.py for tasks to queue
[2025-09-14T16:12:13.691+0000] {logging_mixin.py:188} INFO - [2025-09-14T16:12:13.691+0000] {dagbag.py:545} INFO - Filling up the DagBag from /opt/airflow/dags/amazon_books_elt.py
[2025-09-14T16:12:14.172+0000] {processor.py:840} INFO - DAG(s) 'amazon_books_elt' retrieved from /opt/airflow/dags/amazon_books_elt.py
[2025-09-14T16:12:14.188+0000] {logging_mixin.py:188} INFO - [2025-09-14T16:12:14.187+0000] {dag.py:3096} INFO - Sync 1 DAGs
[2025-09-14T16:12:14.201+0000] {logging_mixin.py:188} INFO - [2025-09-14T16:12:14.201+0000] {dag.py:3954} INFO - Setting next_dagrun for amazon_books_elt to 2025-09-14 00:00:00+00:00, run_after=2025-09-15 00:00:00+00:00
[2025-09-14T16:12:14.213+0000] {processor.py:183} INFO - Processing /opt/airflow/dags/amazon_books_elt.py took 0.529 seconds
[2025-09-14T16:12:44.327+0000] {processor.py:161} INFO - Started process (PID=494) to work on /opt/airflow/dags/amazon_books_elt.py
[2025-09-14T16:12:44.330+0000] {processor.py:830} INFO - Processing file /opt/airflow/dags/amazon_books_elt.py for tasks to queue
[2025-09-14T16:12:44.331+0000] {logging_mixin.py:188} INFO - [2025-09-14T16:12:44.331+0000] {dagbag.py:545} INFO - Filling up the DagBag from /opt/airflow/dags/amazon_books_elt.py
[2025-09-14T16:12:44.719+0000] {processor.py:840} INFO - DAG(s) 'amazon_books_elt' retrieved from /opt/airflow/dags/amazon_books_elt.py
[2025-09-14T16:12:44.735+0000] {logging_mixin.py:188} INFO - [2025-09-14T16:12:44.734+0000] {dag.py:3096} INFO - Sync 1 DAGs
[2025-09-14T16:12:44.748+0000] {logging_mixin.py:188} INFO - [2025-09-14T16:12:44.748+0000] {dag.py:3954} INFO - Setting next_dagrun for amazon_books_elt to 2025-09-14 00:00:00+00:00, run_after=2025-09-15 00:00:00+00:00
[2025-09-14T16:12:44.759+0000] {processor.py:183} INFO - Processing /opt/airflow/dags/amazon_books_elt.py took 0.436 seconds
[2025-09-14T16:13:15.208+0000] {processor.py:161} INFO - Started process (PID=514) to work on /opt/airflow/dags/amazon_books_elt.py
[2025-09-14T16:13:15.211+0000] {processor.py:830} INFO - Processing file /opt/airflow/dags/amazon_books_elt.py for tasks to queue
[2025-09-14T16:13:15.212+0000] {logging_mixin.py:188} INFO - [2025-09-14T16:13:15.212+0000] {dagbag.py:545} INFO - Filling up the DagBag from /opt/airflow/dags/amazon_books_elt.py
[2025-09-14T16:13:15.626+0000] {processor.py:840} INFO - DAG(s) 'amazon_books_elt' retrieved from /opt/airflow/dags/amazon_books_elt.py
[2025-09-14T16:13:15.648+0000] {logging_mixin.py:188} INFO - [2025-09-14T16:13:15.647+0000] {dag.py:3096} INFO - Sync 1 DAGs
[2025-09-14T16:13:15.676+0000] {logging_mixin.py:188} INFO - [2025-09-14T16:13:15.675+0000] {dag.py:3954} INFO - Setting next_dagrun for amazon_books_elt to 2025-09-14 00:00:00+00:00, run_after=2025-09-15 00:00:00+00:00
[2025-09-14T16:13:15.709+0000] {processor.py:183} INFO - Processing /opt/airflow/dags/amazon_books_elt.py took 0.504 seconds
[2025-09-14T16:13:46.585+0000] {processor.py:161} INFO - Started process (PID=540) to work on /opt/airflow/dags/amazon_books_elt.py
[2025-09-14T16:13:46.587+0000] {processor.py:830} INFO - Processing file /opt/airflow/dags/amazon_books_elt.py for tasks to queue
[2025-09-14T16:13:46.589+0000] {logging_mixin.py:188} INFO - [2025-09-14T16:13:46.589+0000] {dagbag.py:545} INFO - Filling up the DagBag from /opt/airflow/dags/amazon_books_elt.py
[2025-09-14T16:13:46.994+0000] {processor.py:840} INFO - DAG(s) 'amazon_books_elt' retrieved from /opt/airflow/dags/amazon_books_elt.py
[2025-09-14T16:13:47.010+0000] {logging_mixin.py:188} INFO - [2025-09-14T16:13:47.009+0000] {dag.py:3096} INFO - Sync 1 DAGs
[2025-09-14T16:13:47.023+0000] {logging_mixin.py:188} INFO - [2025-09-14T16:13:47.023+0000] {dag.py:3954} INFO - Setting next_dagrun for amazon_books_elt to 2025-09-14 00:00:00+00:00, run_after=2025-09-15 00:00:00+00:00
[2025-09-14T16:13:47.034+0000] {processor.py:183} INFO - Processing /opt/airflow/dags/amazon_books_elt.py took 0.453 seconds
[2025-09-14T16:14:17.511+0000] {processor.py:161} INFO - Started process (PID=560) to work on /opt/airflow/dags/amazon_books_elt.py
[2025-09-14T16:14:17.511+0000] {processor.py:830} INFO - Processing file /opt/airflow/dags/amazon_books_elt.py for tasks to queue
[2025-09-14T16:14:17.513+0000] {logging_mixin.py:188} INFO - [2025-09-14T16:14:17.512+0000] {dagbag.py:545} INFO - Filling up the DagBag from /opt/airflow/dags/amazon_books_elt.py
[2025-09-14T16:14:17.896+0000] {processor.py:840} INFO - DAG(s) 'amazon_books_elt' retrieved from /opt/airflow/dags/amazon_books_elt.py
[2025-09-14T16:14:17.913+0000] {logging_mixin.py:188} INFO - [2025-09-14T16:14:17.913+0000] {dag.py:3096} INFO - Sync 1 DAGs
[2025-09-14T16:14:17.927+0000] {logging_mixin.py:188} INFO - [2025-09-14T16:14:17.926+0000] {dag.py:3954} INFO - Setting next_dagrun for amazon_books_elt to 2025-09-14 00:00:00+00:00, run_after=2025-09-15 00:00:00+00:00
[2025-09-14T16:14:17.938+0000] {processor.py:183} INFO - Processing /opt/airflow/dags/amazon_books_elt.py took 0.432 seconds
[2025-09-14T16:14:48.827+0000] {processor.py:161} INFO - Started process (PID=580) to work on /opt/airflow/dags/amazon_books_elt.py
[2025-09-14T16:14:48.828+0000] {processor.py:830} INFO - Processing file /opt/airflow/dags/amazon_books_elt.py for tasks to queue
[2025-09-14T16:14:48.829+0000] {logging_mixin.py:188} INFO - [2025-09-14T16:14:48.829+0000] {dagbag.py:545} INFO - Filling up the DagBag from /opt/airflow/dags/amazon_books_elt.py
[2025-09-14T16:14:49.209+0000] {processor.py:840} INFO - DAG(s) 'amazon_books_elt' retrieved from /opt/airflow/dags/amazon_books_elt.py
[2025-09-14T16:14:49.225+0000] {logging_mixin.py:188} INFO - [2025-09-14T16:14:49.225+0000] {dag.py:3096} INFO - Sync 1 DAGs
[2025-09-14T16:14:49.239+0000] {logging_mixin.py:188} INFO - [2025-09-14T16:14:49.239+0000] {dag.py:3954} INFO - Setting next_dagrun for amazon_books_elt to 2025-09-14 00:00:00+00:00, run_after=2025-09-15 00:00:00+00:00
[2025-09-14T16:14:49.250+0000] {processor.py:183} INFO - Processing /opt/airflow/dags/amazon_books_elt.py took 0.426 seconds
[2025-09-14T16:15:19.673+0000] {processor.py:161} INFO - Started process (PID=600) to work on /opt/airflow/dags/amazon_books_elt.py
[2025-09-14T16:15:19.675+0000] {processor.py:830} INFO - Processing file /opt/airflow/dags/amazon_books_elt.py for tasks to queue
[2025-09-14T16:15:19.676+0000] {logging_mixin.py:188} INFO - [2025-09-14T16:15:19.676+0000] {dagbag.py:545} INFO - Filling up the DagBag from /opt/airflow/dags/amazon_books_elt.py
[2025-09-14T16:15:20.067+0000] {processor.py:840} INFO - DAG(s) 'amazon_books_elt' retrieved from /opt/airflow/dags/amazon_books_elt.py
[2025-09-14T16:15:20.084+0000] {logging_mixin.py:188} INFO - [2025-09-14T16:15:20.084+0000] {dag.py:3096} INFO - Sync 1 DAGs
[2025-09-14T16:15:20.098+0000] {logging_mixin.py:188} INFO - [2025-09-14T16:15:20.098+0000] {dag.py:3954} INFO - Setting next_dagrun for amazon_books_elt to 2025-09-14 00:00:00+00:00, run_after=2025-09-15 00:00:00+00:00
[2025-09-14T16:15:20.112+0000] {processor.py:183} INFO - Processing /opt/airflow/dags/amazon_books_elt.py took 0.442 seconds
[2025-09-14T16:15:50.992+0000] {processor.py:161} INFO - Started process (PID=620) to work on /opt/airflow/dags/amazon_books_elt.py
[2025-09-14T16:15:50.992+0000] {processor.py:830} INFO - Processing file /opt/airflow/dags/amazon_books_elt.py for tasks to queue
[2025-09-14T16:15:50.993+0000] {logging_mixin.py:188} INFO - [2025-09-14T16:15:50.993+0000] {dagbag.py:545} INFO - Filling up the DagBag from /opt/airflow/dags/amazon_books_elt.py
[2025-09-14T16:15:51.419+0000] {processor.py:840} INFO - DAG(s) 'amazon_books_elt' retrieved from /opt/airflow/dags/amazon_books_elt.py
[2025-09-14T16:15:51.437+0000] {logging_mixin.py:188} INFO - [2025-09-14T16:15:51.436+0000] {dag.py:3096} INFO - Sync 1 DAGs
[2025-09-14T16:15:51.450+0000] {logging_mixin.py:188} INFO - [2025-09-14T16:15:51.450+0000] {dag.py:3954} INFO - Setting next_dagrun for amazon_books_elt to 2025-09-14 00:00:00+00:00, run_after=2025-09-15 00:00:00+00:00
[2025-09-14T16:15:51.462+0000] {processor.py:183} INFO - Processing /opt/airflow/dags/amazon_books_elt.py took 0.474 seconds
[2025-09-14T16:16:21.876+0000] {processor.py:161} INFO - Started process (PID=640) to work on /opt/airflow/dags/amazon_books_elt.py
[2025-09-14T16:16:21.877+0000] {processor.py:830} INFO - Processing file /opt/airflow/dags/amazon_books_elt.py for tasks to queue
[2025-09-14T16:16:21.878+0000] {logging_mixin.py:188} INFO - [2025-09-14T16:16:21.878+0000] {dagbag.py:545} INFO - Filling up the DagBag from /opt/airflow/dags/amazon_books_elt.py
[2025-09-14T16:16:22.257+0000] {processor.py:840} INFO - DAG(s) 'amazon_books_elt' retrieved from /opt/airflow/dags/amazon_books_elt.py
[2025-09-14T16:16:22.272+0000] {logging_mixin.py:188} INFO - [2025-09-14T16:16:22.272+0000] {dag.py:3096} INFO - Sync 1 DAGs
[2025-09-14T16:16:22.286+0000] {logging_mixin.py:188} INFO - [2025-09-14T16:16:22.286+0000] {dag.py:3954} INFO - Setting next_dagrun for amazon_books_elt to 2025-09-14 00:00:00+00:00, run_after=2025-09-15 00:00:00+00:00
[2025-09-14T16:16:22.298+0000] {processor.py:183} INFO - Processing /opt/airflow/dags/amazon_books_elt.py took 0.425 seconds
[2025-09-14T16:16:52.732+0000] {processor.py:161} INFO - Started process (PID=665) to work on /opt/airflow/dags/amazon_books_elt.py
[2025-09-14T16:16:52.733+0000] {processor.py:830} INFO - Processing file /opt/airflow/dags/amazon_books_elt.py for tasks to queue
[2025-09-14T16:16:52.734+0000] {logging_mixin.py:188} INFO - [2025-09-14T16:16:52.734+0000] {dagbag.py:545} INFO - Filling up the DagBag from /opt/airflow/dags/amazon_books_elt.py
[2025-09-14T16:16:53.148+0000] {processor.py:840} INFO - DAG(s) 'amazon_books_elt' retrieved from /opt/airflow/dags/amazon_books_elt.py
[2025-09-14T16:16:53.163+0000] {logging_mixin.py:188} INFO - [2025-09-14T16:16:53.162+0000] {dag.py:3096} INFO - Sync 1 DAGs
[2025-09-14T16:16:53.175+0000] {logging_mixin.py:188} INFO - [2025-09-14T16:16:53.175+0000] {dag.py:3954} INFO - Setting next_dagrun for amazon_books_elt to 2025-09-14 00:00:00+00:00, run_after=2025-09-15 00:00:00+00:00
[2025-09-14T16:16:53.186+0000] {processor.py:183} INFO - Processing /opt/airflow/dags/amazon_books_elt.py took 0.458 seconds
[2025-09-14T16:17:24.043+0000] {processor.py:161} INFO - Started process (PID=685) to work on /opt/airflow/dags/amazon_books_elt.py
[2025-09-14T16:17:24.044+0000] {processor.py:830} INFO - Processing file /opt/airflow/dags/amazon_books_elt.py for tasks to queue
[2025-09-14T16:17:24.046+0000] {logging_mixin.py:188} INFO - [2025-09-14T16:17:24.045+0000] {dagbag.py:545} INFO - Filling up the DagBag from /opt/airflow/dags/amazon_books_elt.py
[2025-09-14T16:17:24.404+0000] {processor.py:840} INFO - DAG(s) 'amazon_books_elt' retrieved from /opt/airflow/dags/amazon_books_elt.py
[2025-09-14T16:17:24.420+0000] {logging_mixin.py:188} INFO - [2025-09-14T16:17:24.420+0000] {dag.py:3096} INFO - Sync 1 DAGs
[2025-09-14T16:17:24.433+0000] {logging_mixin.py:188} INFO - [2025-09-14T16:17:24.433+0000] {dag.py:3954} INFO - Setting next_dagrun for amazon_books_elt to 2025-09-14 00:00:00+00:00, run_after=2025-09-15 00:00:00+00:00
[2025-09-14T16:17:24.443+0000] {processor.py:183} INFO - Processing /opt/airflow/dags/amazon_books_elt.py took 0.403 seconds
[2025-09-14T16:17:54.884+0000] {processor.py:161} INFO - Started process (PID=705) to work on /opt/airflow/dags/amazon_books_elt.py
[2025-09-14T16:17:54.887+0000] {processor.py:830} INFO - Processing file /opt/airflow/dags/amazon_books_elt.py for tasks to queue
[2025-09-14T16:17:54.888+0000] {logging_mixin.py:188} INFO - [2025-09-14T16:17:54.888+0000] {dagbag.py:545} INFO - Filling up the DagBag from /opt/airflow/dags/amazon_books_elt.py
[2025-09-14T16:17:55.252+0000] {processor.py:840} INFO - DAG(s) 'amazon_books_elt' retrieved from /opt/airflow/dags/amazon_books_elt.py
[2025-09-14T16:17:55.267+0000] {logging_mixin.py:188} INFO - [2025-09-14T16:17:55.267+0000] {dag.py:3096} INFO - Sync 1 DAGs
[2025-09-14T16:17:55.280+0000] {logging_mixin.py:188} INFO - [2025-09-14T16:17:55.280+0000] {dag.py:3954} INFO - Setting next_dagrun for amazon_books_elt to 2025-09-14 00:00:00+00:00, run_after=2025-09-15 00:00:00+00:00
[2025-09-14T16:17:55.293+0000] {processor.py:183} INFO - Processing /opt/airflow/dags/amazon_books_elt.py took 0.412 seconds
[2025-09-14T16:18:26.125+0000] {processor.py:161} INFO - Started process (PID=725) to work on /opt/airflow/dags/amazon_books_elt.py
[2025-09-14T16:18:26.126+0000] {processor.py:830} INFO - Processing file /opt/airflow/dags/amazon_books_elt.py for tasks to queue
[2025-09-14T16:18:26.127+0000] {logging_mixin.py:188} INFO - [2025-09-14T16:18:26.127+0000] {dagbag.py:545} INFO - Filling up the DagBag from /opt/airflow/dags/amazon_books_elt.py
[2025-09-14T16:18:26.506+0000] {processor.py:840} INFO - DAG(s) 'amazon_books_elt' retrieved from /opt/airflow/dags/amazon_books_elt.py
[2025-09-14T16:18:26.521+0000] {logging_mixin.py:188} INFO - [2025-09-14T16:18:26.521+0000] {dag.py:3096} INFO - Sync 1 DAGs
[2025-09-14T16:18:26.534+0000] {logging_mixin.py:188} INFO - [2025-09-14T16:18:26.534+0000] {dag.py:3954} INFO - Setting next_dagrun for amazon_books_elt to 2025-09-14 00:00:00+00:00, run_after=2025-09-15 00:00:00+00:00
[2025-09-14T16:18:26.545+0000] {processor.py:183} INFO - Processing /opt/airflow/dags/amazon_books_elt.py took 0.423 seconds
[2025-09-14T16:18:56.930+0000] {processor.py:161} INFO - Started process (PID=745) to work on /opt/airflow/dags/amazon_books_elt.py
[2025-09-14T16:18:56.931+0000] {processor.py:830} INFO - Processing file /opt/airflow/dags/amazon_books_elt.py for tasks to queue
[2025-09-14T16:18:56.932+0000] {logging_mixin.py:188} INFO - [2025-09-14T16:18:56.932+0000] {dagbag.py:545} INFO - Filling up the DagBag from /opt/airflow/dags/amazon_books_elt.py
[2025-09-14T16:18:57.296+0000] {processor.py:840} INFO - DAG(s) 'amazon_books_elt' retrieved from /opt/airflow/dags/amazon_books_elt.py
[2025-09-14T16:18:57.310+0000] {logging_mixin.py:188} INFO - [2025-09-14T16:18:57.310+0000] {dag.py:3096} INFO - Sync 1 DAGs
[2025-09-14T16:18:57.322+0000] {logging_mixin.py:188} INFO - [2025-09-14T16:18:57.321+0000] {dag.py:3954} INFO - Setting next_dagrun for amazon_books_elt to 2025-09-14 00:00:00+00:00, run_after=2025-09-15 00:00:00+00:00
[2025-09-14T16:18:57.332+0000] {processor.py:183} INFO - Processing /opt/airflow/dags/amazon_books_elt.py took 0.405 seconds
[2025-09-14T16:19:27.669+0000] {processor.py:161} INFO - Started process (PID=765) to work on /opt/airflow/dags/amazon_books_elt.py
[2025-09-14T16:19:27.670+0000] {processor.py:830} INFO - Processing file /opt/airflow/dags/amazon_books_elt.py for tasks to queue
[2025-09-14T16:19:27.671+0000] {logging_mixin.py:188} INFO - [2025-09-14T16:19:27.671+0000] {dagbag.py:545} INFO - Filling up the DagBag from /opt/airflow/dags/amazon_books_elt.py
[2025-09-14T16:19:28.027+0000] {processor.py:840} INFO - DAG(s) 'amazon_books_elt' retrieved from /opt/airflow/dags/amazon_books_elt.py
[2025-09-14T16:19:28.041+0000] {logging_mixin.py:188} INFO - [2025-09-14T16:19:28.041+0000] {dag.py:3096} INFO - Sync 1 DAGs
[2025-09-14T16:19:28.053+0000] {logging_mixin.py:188} INFO - [2025-09-14T16:19:28.053+0000] {dag.py:3954} INFO - Setting next_dagrun for amazon_books_elt to 2025-09-14 00:00:00+00:00, run_after=2025-09-15 00:00:00+00:00
[2025-09-14T16:19:28.062+0000] {processor.py:183} INFO - Processing /opt/airflow/dags/amazon_books_elt.py took 0.396 seconds
[2025-09-14T16:19:58.342+0000] {processor.py:161} INFO - Started process (PID=785) to work on /opt/airflow/dags/amazon_books_elt.py
[2025-09-14T16:19:58.343+0000] {processor.py:830} INFO - Processing file /opt/airflow/dags/amazon_books_elt.py for tasks to queue
[2025-09-14T16:19:58.344+0000] {logging_mixin.py:188} INFO - [2025-09-14T16:19:58.344+0000] {dagbag.py:545} INFO - Filling up the DagBag from /opt/airflow/dags/amazon_books_elt.py
[2025-09-14T16:19:58.728+0000] {processor.py:840} INFO - DAG(s) 'amazon_books_elt' retrieved from /opt/airflow/dags/amazon_books_elt.py
[2025-09-14T16:19:58.743+0000] {logging_mixin.py:188} INFO - [2025-09-14T16:19:58.743+0000] {dag.py:3096} INFO - Sync 1 DAGs
[2025-09-14T16:19:58.756+0000] {logging_mixin.py:188} INFO - [2025-09-14T16:19:58.756+0000] {dag.py:3954} INFO - Setting next_dagrun for amazon_books_elt to 2025-09-14 00:00:00+00:00, run_after=2025-09-15 00:00:00+00:00
[2025-09-14T16:19:58.768+0000] {processor.py:183} INFO - Processing /opt/airflow/dags/amazon_books_elt.py took 0.430 seconds
[2025-09-14T16:20:28.928+0000] {processor.py:161} INFO - Started process (PID=805) to work on /opt/airflow/dags/amazon_books_elt.py
[2025-09-14T16:20:28.930+0000] {processor.py:830} INFO - Processing file /opt/airflow/dags/amazon_books_elt.py for tasks to queue
[2025-09-14T16:20:28.932+0000] {logging_mixin.py:188} INFO - [2025-09-14T16:20:28.932+0000] {dagbag.py:545} INFO - Filling up the DagBag from /opt/airflow/dags/amazon_books_elt.py
[2025-09-14T16:20:29.315+0000] {processor.py:840} INFO - DAG(s) 'amazon_books_elt' retrieved from /opt/airflow/dags/amazon_books_elt.py
[2025-09-14T16:20:29.332+0000] {logging_mixin.py:188} INFO - [2025-09-14T16:20:29.331+0000] {dag.py:3096} INFO - Sync 1 DAGs
[2025-09-14T16:20:29.344+0000] {logging_mixin.py:188} INFO - [2025-09-14T16:20:29.344+0000] {dag.py:3954} INFO - Setting next_dagrun for amazon_books_elt to 2025-09-14 00:00:00+00:00, run_after=2025-09-15 00:00:00+00:00
[2025-09-14T16:20:29.354+0000] {processor.py:183} INFO - Processing /opt/airflow/dags/amazon_books_elt.py took 0.430 seconds
[2025-09-14T16:20:59.470+0000] {processor.py:161} INFO - Started process (PID=825) to work on /opt/airflow/dags/amazon_books_elt.py
[2025-09-14T16:20:59.473+0000] {processor.py:830} INFO - Processing file /opt/airflow/dags/amazon_books_elt.py for tasks to queue
[2025-09-14T16:20:59.474+0000] {logging_mixin.py:188} INFO - [2025-09-14T16:20:59.474+0000] {dagbag.py:545} INFO - Filling up the DagBag from /opt/airflow/dags/amazon_books_elt.py
[2025-09-14T16:20:59.863+0000] {processor.py:840} INFO - DAG(s) 'amazon_books_elt' retrieved from /opt/airflow/dags/amazon_books_elt.py
[2025-09-14T16:20:59.878+0000] {logging_mixin.py:188} INFO - [2025-09-14T16:20:59.878+0000] {dag.py:3096} INFO - Sync 1 DAGs
[2025-09-14T16:20:59.891+0000] {logging_mixin.py:188} INFO - [2025-09-14T16:20:59.891+0000] {dag.py:3954} INFO - Setting next_dagrun for amazon_books_elt to 2025-09-14 00:00:00+00:00, run_after=2025-09-15 00:00:00+00:00
[2025-09-14T16:21:00.348+0000] {processor.py:183} INFO - Processing /opt/airflow/dags/amazon_books_elt.py took 0.435 seconds
[2025-09-14T16:21:30.458+0000] {processor.py:161} INFO - Started process (PID=845) to work on /opt/airflow/dags/amazon_books_elt.py
[2025-09-14T16:21:30.460+0000] {processor.py:830} INFO - Processing file /opt/airflow/dags/amazon_books_elt.py for tasks to queue
[2025-09-14T16:21:30.461+0000] {logging_mixin.py:188} INFO - [2025-09-14T16:21:30.461+0000] {dagbag.py:545} INFO - Filling up the DagBag from /opt/airflow/dags/amazon_books_elt.py
[2025-09-14T16:21:30.849+0000] {processor.py:840} INFO - DAG(s) 'amazon_books_elt' retrieved from /opt/airflow/dags/amazon_books_elt.py
[2025-09-14T16:21:30.865+0000] {logging_mixin.py:188} INFO - [2025-09-14T16:21:30.865+0000] {dag.py:3096} INFO - Sync 1 DAGs
[2025-09-14T16:21:30.877+0000] {logging_mixin.py:188} INFO - [2025-09-14T16:21:30.877+0000] {dag.py:3954} INFO - Setting next_dagrun for amazon_books_elt to 2025-09-14 00:00:00+00:00, run_after=2025-09-15 00:00:00+00:00
[2025-09-14T16:21:30.888+0000] {processor.py:183} INFO - Processing /opt/airflow/dags/amazon_books_elt.py took 0.434 seconds
[2025-09-14T16:22:01.026+0000] {processor.py:161} INFO - Started process (PID=865) to work on /opt/airflow/dags/amazon_books_elt.py
[2025-09-14T16:22:01.028+0000] {processor.py:830} INFO - Processing file /opt/airflow/dags/amazon_books_elt.py for tasks to queue
[2025-09-14T16:22:01.029+0000] {logging_mixin.py:188} INFO - [2025-09-14T16:22:01.029+0000] {dagbag.py:545} INFO - Filling up the DagBag from /opt/airflow/dags/amazon_books_elt.py
[2025-09-14T16:22:01.422+0000] {processor.py:840} INFO - DAG(s) 'amazon_books_elt' retrieved from /opt/airflow/dags/amazon_books_elt.py
[2025-09-14T16:22:01.437+0000] {logging_mixin.py:188} INFO - [2025-09-14T16:22:01.437+0000] {dag.py:3096} INFO - Sync 1 DAGs
[2025-09-14T16:22:01.451+0000] {logging_mixin.py:188} INFO - [2025-09-14T16:22:01.451+0000] {dag.py:3954} INFO - Setting next_dagrun for amazon_books_elt to 2025-09-14 00:00:00+00:00, run_after=2025-09-15 00:00:00+00:00
[2025-09-14T16:22:01.462+0000] {processor.py:183} INFO - Processing /opt/airflow/dags/amazon_books_elt.py took 0.440 seconds
[2025-09-14T16:22:32.086+0000] {processor.py:161} INFO - Started process (PID=885) to work on /opt/airflow/dags/amazon_books_elt.py
[2025-09-14T16:22:32.087+0000] {processor.py:830} INFO - Processing file /opt/airflow/dags/amazon_books_elt.py for tasks to queue
[2025-09-14T16:22:32.088+0000] {logging_mixin.py:188} INFO - [2025-09-14T16:22:32.088+0000] {dagbag.py:545} INFO - Filling up the DagBag from /opt/airflow/dags/amazon_books_elt.py
[2025-09-14T16:22:32.521+0000] {processor.py:840} INFO - DAG(s) 'amazon_books_elt' retrieved from /opt/airflow/dags/amazon_books_elt.py
[2025-09-14T16:22:32.536+0000] {logging_mixin.py:188} INFO - [2025-09-14T16:22:32.536+0000] {dag.py:3096} INFO - Sync 1 DAGs
[2025-09-14T16:22:32.550+0000] {logging_mixin.py:188} INFO - [2025-09-14T16:22:32.550+0000] {dag.py:3954} INFO - Setting next_dagrun for amazon_books_elt to 2025-09-14 00:00:00+00:00, run_after=2025-09-15 00:00:00+00:00
[2025-09-14T16:22:32.561+0000] {processor.py:183} INFO - Processing /opt/airflow/dags/amazon_books_elt.py took 0.479 seconds
[2025-09-14T16:23:02.599+0000] {processor.py:161} INFO - Started process (PID=905) to work on /opt/airflow/dags/amazon_books_elt.py
[2025-09-14T16:23:02.599+0000] {processor.py:830} INFO - Processing file /opt/airflow/dags/amazon_books_elt.py for tasks to queue
[2025-09-14T16:23:02.601+0000] {logging_mixin.py:188} INFO - [2025-09-14T16:23:02.600+0000] {dagbag.py:545} INFO - Filling up the DagBag from /opt/airflow/dags/amazon_books_elt.py
[2025-09-14T16:23:02.982+0000] {processor.py:840} INFO - DAG(s) 'amazon_books_elt' retrieved from /opt/airflow/dags/amazon_books_elt.py
[2025-09-14T16:23:02.997+0000] {logging_mixin.py:188} INFO - [2025-09-14T16:23:02.997+0000] {dag.py:3096} INFO - Sync 1 DAGs
[2025-09-14T16:23:03.009+0000] {logging_mixin.py:188} INFO - [2025-09-14T16:23:03.009+0000] {dag.py:3954} INFO - Setting next_dagrun for amazon_books_elt to 2025-09-14 00:00:00+00:00, run_after=2025-09-15 00:00:00+00:00
[2025-09-14T16:23:03.021+0000] {processor.py:183} INFO - Processing /opt/airflow/dags/amazon_books_elt.py took 0.426 seconds
[2025-09-14T16:23:33.173+0000] {processor.py:161} INFO - Started process (PID=925) to work on /opt/airflow/dags/amazon_books_elt.py
[2025-09-14T16:23:33.174+0000] {processor.py:830} INFO - Processing file /opt/airflow/dags/amazon_books_elt.py for tasks to queue
[2025-09-14T16:23:33.177+0000] {logging_mixin.py:188} INFO - [2025-09-14T16:23:33.177+0000] {dagbag.py:545} INFO - Filling up the DagBag from /opt/airflow/dags/amazon_books_elt.py
[2025-09-14T16:23:33.561+0000] {processor.py:840} INFO - DAG(s) 'amazon_books_elt' retrieved from /opt/airflow/dags/amazon_books_elt.py
[2025-09-14T16:23:33.577+0000] {logging_mixin.py:188} INFO - [2025-09-14T16:23:33.576+0000] {dag.py:3096} INFO - Sync 1 DAGs
[2025-09-14T16:23:33.589+0000] {logging_mixin.py:188} INFO - [2025-09-14T16:23:33.589+0000] {dag.py:3954} INFO - Setting next_dagrun for amazon_books_elt to 2025-09-14 00:00:00+00:00, run_after=2025-09-15 00:00:00+00:00
[2025-09-14T16:23:33.599+0000] {processor.py:183} INFO - Processing /opt/airflow/dags/amazon_books_elt.py took 0.430 seconds
[2025-09-14T16:24:04.244+0000] {processor.py:161} INFO - Started process (PID=945) to work on /opt/airflow/dags/amazon_books_elt.py
[2025-09-14T16:24:04.247+0000] {processor.py:830} INFO - Processing file /opt/airflow/dags/amazon_books_elt.py for tasks to queue
[2025-09-14T16:24:04.248+0000] {logging_mixin.py:188} INFO - [2025-09-14T16:24:04.248+0000] {dagbag.py:545} INFO - Filling up the DagBag from /opt/airflow/dags/amazon_books_elt.py
[2025-09-14T16:24:04.628+0000] {processor.py:840} INFO - DAG(s) 'amazon_books_elt' retrieved from /opt/airflow/dags/amazon_books_elt.py
[2025-09-14T16:24:04.644+0000] {logging_mixin.py:188} INFO - [2025-09-14T16:24:04.643+0000] {dag.py:3096} INFO - Sync 1 DAGs
[2025-09-14T16:24:04.656+0000] {logging_mixin.py:188} INFO - [2025-09-14T16:24:04.656+0000] {dag.py:3954} INFO - Setting next_dagrun for amazon_books_elt to 2025-09-14 00:00:00+00:00, run_after=2025-09-15 00:00:00+00:00
[2025-09-14T16:24:04.668+0000] {processor.py:183} INFO - Processing /opt/airflow/dags/amazon_books_elt.py took 0.428 seconds
[2025-09-14T16:24:34.880+0000] {processor.py:161} INFO - Started process (PID=965) to work on /opt/airflow/dags/amazon_books_elt.py
[2025-09-14T16:24:34.882+0000] {processor.py:830} INFO - Processing file /opt/airflow/dags/amazon_books_elt.py for tasks to queue
[2025-09-14T16:24:34.884+0000] {logging_mixin.py:188} INFO - [2025-09-14T16:24:34.883+0000] {dagbag.py:545} INFO - Filling up the DagBag from /opt/airflow/dags/amazon_books_elt.py
[2025-09-14T16:24:35.259+0000] {processor.py:840} INFO - DAG(s) 'amazon_books_elt' retrieved from /opt/airflow/dags/amazon_books_elt.py
[2025-09-14T16:24:35.274+0000] {logging_mixin.py:188} INFO - [2025-09-14T16:24:35.274+0000] {dag.py:3096} INFO - Sync 1 DAGs
[2025-09-14T16:24:35.287+0000] {logging_mixin.py:188} INFO - [2025-09-14T16:24:35.287+0000] {dag.py:3954} INFO - Setting next_dagrun for amazon_books_elt to 2025-09-14 00:00:00+00:00, run_after=2025-09-15 00:00:00+00:00
[2025-09-14T16:24:35.297+0000] {processor.py:183} INFO - Processing /opt/airflow/dags/amazon_books_elt.py took 0.421 seconds
[2025-09-14T16:25:05.974+0000] {processor.py:161} INFO - Started process (PID=985) to work on /opt/airflow/dags/amazon_books_elt.py
[2025-09-14T16:25:05.975+0000] {processor.py:830} INFO - Processing file /opt/airflow/dags/amazon_books_elt.py for tasks to queue
[2025-09-14T16:25:05.976+0000] {logging_mixin.py:188} INFO - [2025-09-14T16:25:05.976+0000] {dagbag.py:545} INFO - Filling up the DagBag from /opt/airflow/dags/amazon_books_elt.py
[2025-09-14T16:25:06.357+0000] {processor.py:840} INFO - DAG(s) 'amazon_books_elt' retrieved from /opt/airflow/dags/amazon_books_elt.py
[2025-09-14T16:25:06.374+0000] {logging_mixin.py:188} INFO - [2025-09-14T16:25:06.373+0000] {dag.py:3096} INFO - Sync 1 DAGs
[2025-09-14T16:25:06.388+0000] {logging_mixin.py:188} INFO - [2025-09-14T16:25:06.388+0000] {dag.py:3954} INFO - Setting next_dagrun for amazon_books_elt to 2025-09-14 00:00:00+00:00, run_after=2025-09-15 00:00:00+00:00
[2025-09-14T16:25:06.401+0000] {processor.py:183} INFO - Processing /opt/airflow/dags/amazon_books_elt.py took 0.431 seconds
[2025-09-14T16:25:36.645+0000] {processor.py:161} INFO - Started process (PID=1005) to work on /opt/airflow/dags/amazon_books_elt.py
[2025-09-14T16:25:36.646+0000] {processor.py:830} INFO - Processing file /opt/airflow/dags/amazon_books_elt.py for tasks to queue
[2025-09-14T16:25:36.647+0000] {logging_mixin.py:188} INFO - [2025-09-14T16:25:36.647+0000] {dagbag.py:545} INFO - Filling up the DagBag from /opt/airflow/dags/amazon_books_elt.py
[2025-09-14T16:25:37.018+0000] {processor.py:840} INFO - DAG(s) 'amazon_books_elt' retrieved from /opt/airflow/dags/amazon_books_elt.py
[2025-09-14T16:25:37.034+0000] {logging_mixin.py:188} INFO - [2025-09-14T16:25:37.033+0000] {dag.py:3096} INFO - Sync 1 DAGs
[2025-09-14T16:25:37.048+0000] {logging_mixin.py:188} INFO - [2025-09-14T16:25:37.048+0000] {dag.py:3954} INFO - Setting next_dagrun for amazon_books_elt to 2025-09-14 00:00:00+00:00, run_after=2025-09-15 00:00:00+00:00
[2025-09-14T16:25:37.060+0000] {processor.py:183} INFO - Processing /opt/airflow/dags/amazon_books_elt.py took 0.419 seconds
[2025-09-14T16:26:07.356+0000] {processor.py:161} INFO - Started process (PID=1025) to work on /opt/airflow/dags/amazon_books_elt.py
[2025-09-14T16:26:07.357+0000] {processor.py:830} INFO - Processing file /opt/airflow/dags/amazon_books_elt.py for tasks to queue
[2025-09-14T16:26:07.358+0000] {logging_mixin.py:188} INFO - [2025-09-14T16:26:07.358+0000] {dagbag.py:545} INFO - Filling up the DagBag from /opt/airflow/dags/amazon_books_elt.py
[2025-09-14T16:26:07.721+0000] {processor.py:840} INFO - DAG(s) 'amazon_books_elt' retrieved from /opt/airflow/dags/amazon_books_elt.py
[2025-09-14T16:26:07.737+0000] {logging_mixin.py:188} INFO - [2025-09-14T16:26:07.737+0000] {dag.py:3096} INFO - Sync 1 DAGs
[2025-09-14T16:26:07.750+0000] {logging_mixin.py:188} INFO - [2025-09-14T16:26:07.750+0000] {dag.py:3954} INFO - Setting next_dagrun for amazon_books_elt to 2025-09-14 00:00:00+00:00, run_after=2025-09-15 00:00:00+00:00
[2025-09-14T16:26:07.763+0000] {processor.py:183} INFO - Processing /opt/airflow/dags/amazon_books_elt.py took 0.410 seconds
[2025-09-14T16:26:37.987+0000] {processor.py:161} INFO - Started process (PID=1045) to work on /opt/airflow/dags/amazon_books_elt.py
[2025-09-14T16:26:37.990+0000] {processor.py:830} INFO - Processing file /opt/airflow/dags/amazon_books_elt.py for tasks to queue
[2025-09-14T16:26:37.991+0000] {logging_mixin.py:188} INFO - [2025-09-14T16:26:37.991+0000] {dagbag.py:545} INFO - Filling up the DagBag from /opt/airflow/dags/amazon_books_elt.py
[2025-09-14T16:26:38.357+0000] {processor.py:840} INFO - DAG(s) 'amazon_books_elt' retrieved from /opt/airflow/dags/amazon_books_elt.py
[2025-09-14T16:26:38.374+0000] {logging_mixin.py:188} INFO - [2025-09-14T16:26:38.373+0000] {dag.py:3096} INFO - Sync 1 DAGs
[2025-09-14T16:26:38.386+0000] {logging_mixin.py:188} INFO - [2025-09-14T16:26:38.386+0000] {dag.py:3954} INFO - Setting next_dagrun for amazon_books_elt to 2025-09-14 00:00:00+00:00, run_after=2025-09-15 00:00:00+00:00
[2025-09-14T16:26:38.396+0000] {processor.py:183} INFO - Processing /opt/airflow/dags/amazon_books_elt.py took 0.413 seconds
[2025-09-14T16:27:09.063+0000] {processor.py:161} INFO - Started process (PID=1065) to work on /opt/airflow/dags/amazon_books_elt.py
[2025-09-14T16:27:09.066+0000] {processor.py:830} INFO - Processing file /opt/airflow/dags/amazon_books_elt.py for tasks to queue
[2025-09-14T16:27:09.067+0000] {logging_mixin.py:188} INFO - [2025-09-14T16:27:09.066+0000] {dagbag.py:545} INFO - Filling up the DagBag from /opt/airflow/dags/amazon_books_elt.py
[2025-09-14T16:27:09.427+0000] {processor.py:840} INFO - DAG(s) 'amazon_books_elt' retrieved from /opt/airflow/dags/amazon_books_elt.py
[2025-09-14T16:27:09.443+0000] {logging_mixin.py:188} INFO - [2025-09-14T16:27:09.442+0000] {dag.py:3096} INFO - Sync 1 DAGs
[2025-09-14T16:27:09.456+0000] {logging_mixin.py:188} INFO - [2025-09-14T16:27:09.456+0000] {dag.py:3954} INFO - Setting next_dagrun for amazon_books_elt to 2025-09-14 00:00:00+00:00, run_after=2025-09-15 00:00:00+00:00
[2025-09-14T16:27:09.467+0000] {processor.py:183} INFO - Processing /opt/airflow/dags/amazon_books_elt.py took 0.407 seconds
[2025-09-14T16:27:39.772+0000] {processor.py:161} INFO - Started process (PID=1085) to work on /opt/airflow/dags/amazon_books_elt.py
[2025-09-14T16:27:39.775+0000] {processor.py:830} INFO - Processing file /opt/airflow/dags/amazon_books_elt.py for tasks to queue
[2025-09-14T16:27:39.776+0000] {logging_mixin.py:188} INFO - [2025-09-14T16:27:39.775+0000] {dagbag.py:545} INFO - Filling up the DagBag from /opt/airflow/dags/amazon_books_elt.py
[2025-09-14T16:27:40.137+0000] {processor.py:840} INFO - DAG(s) 'amazon_books_elt' retrieved from /opt/airflow/dags/amazon_books_elt.py
[2025-09-14T16:27:40.153+0000] {logging_mixin.py:188} INFO - [2025-09-14T16:27:40.153+0000] {dag.py:3096} INFO - Sync 1 DAGs
[2025-09-14T16:27:40.167+0000] {logging_mixin.py:188} INFO - [2025-09-14T16:27:40.167+0000] {dag.py:3954} INFO - Setting next_dagrun for amazon_books_elt to 2025-09-14 00:00:00+00:00, run_after=2025-09-15 00:00:00+00:00
[2025-09-14T16:27:40.179+0000] {processor.py:183} INFO - Processing /opt/airflow/dags/amazon_books_elt.py took 0.411 seconds
[2025-09-14T16:28:10.907+0000] {processor.py:161} INFO - Started process (PID=1104) to work on /opt/airflow/dags/amazon_books_elt.py
[2025-09-14T16:28:10.909+0000] {processor.py:830} INFO - Processing file /opt/airflow/dags/amazon_books_elt.py for tasks to queue
[2025-09-14T16:28:10.910+0000] {logging_mixin.py:188} INFO - [2025-09-14T16:28:10.910+0000] {dagbag.py:545} INFO - Filling up the DagBag from /opt/airflow/dags/amazon_books_elt.py
[2025-09-14T16:28:11.279+0000] {processor.py:840} INFO - DAG(s) 'amazon_books_elt' retrieved from /opt/airflow/dags/amazon_books_elt.py
[2025-09-14T16:28:11.294+0000] {logging_mixin.py:188} INFO - [2025-09-14T16:28:11.294+0000] {dag.py:3096} INFO - Sync 1 DAGs
[2025-09-14T16:28:11.307+0000] {logging_mixin.py:188} INFO - [2025-09-14T16:28:11.306+0000] {dag.py:3954} INFO - Setting next_dagrun for amazon_books_elt to 2025-09-14 00:00:00+00:00, run_after=2025-09-15 00:00:00+00:00
[2025-09-14T16:28:11.320+0000] {processor.py:183} INFO - Processing /opt/airflow/dags/amazon_books_elt.py took 0.416 seconds
[2025-09-14T16:28:41.738+0000] {processor.py:161} INFO - Started process (PID=1124) to work on /opt/airflow/dags/amazon_books_elt.py
[2025-09-14T16:28:41.738+0000] {processor.py:830} INFO - Processing file /opt/airflow/dags/amazon_books_elt.py for tasks to queue
[2025-09-14T16:28:41.739+0000] {logging_mixin.py:188} INFO - [2025-09-14T16:28:41.739+0000] {dagbag.py:545} INFO - Filling up the DagBag from /opt/airflow/dags/amazon_books_elt.py
[2025-09-14T16:28:42.155+0000] {processor.py:840} INFO - DAG(s) 'amazon_books_elt' retrieved from /opt/airflow/dags/amazon_books_elt.py
[2025-09-14T16:28:42.171+0000] {logging_mixin.py:188} INFO - [2025-09-14T16:28:42.171+0000] {dag.py:3096} INFO - Sync 1 DAGs
[2025-09-14T16:28:42.187+0000] {logging_mixin.py:188} INFO - [2025-09-14T16:28:42.187+0000] {dag.py:3954} INFO - Setting next_dagrun for amazon_books_elt to 2025-09-14 00:00:00+00:00, run_after=2025-09-15 00:00:00+00:00
[2025-09-14T16:28:42.198+0000] {processor.py:183} INFO - Processing /opt/airflow/dags/amazon_books_elt.py took 0.465 seconds
[2025-09-14T16:29:12.962+0000] {processor.py:161} INFO - Started process (PID=1144) to work on /opt/airflow/dags/amazon_books_elt.py
[2025-09-14T16:29:12.966+0000] {processor.py:830} INFO - Processing file /opt/airflow/dags/amazon_books_elt.py for tasks to queue
[2025-09-14T16:29:12.968+0000] {logging_mixin.py:188} INFO - [2025-09-14T16:29:12.967+0000] {dagbag.py:545} INFO - Filling up the DagBag from /opt/airflow/dags/amazon_books_elt.py
[2025-09-14T16:29:13.441+0000] {processor.py:840} INFO - DAG(s) 'amazon_books_elt' retrieved from /opt/airflow/dags/amazon_books_elt.py
[2025-09-14T16:29:13.458+0000] {logging_mixin.py:188} INFO - [2025-09-14T16:29:13.457+0000] {dag.py:3096} INFO - Sync 1 DAGs
[2025-09-14T16:29:13.471+0000] {logging_mixin.py:188} INFO - [2025-09-14T16:29:13.471+0000] {dag.py:3954} INFO - Setting next_dagrun for amazon_books_elt to 2025-09-14 00:00:00+00:00, run_after=2025-09-15 00:00:00+00:00
[2025-09-14T16:29:13.482+0000] {processor.py:183} INFO - Processing /opt/airflow/dags/amazon_books_elt.py took 0.525 seconds
[2025-09-14T16:29:43.597+0000] {processor.py:161} INFO - Started process (PID=1164) to work on /opt/airflow/dags/amazon_books_elt.py
[2025-09-14T16:29:43.599+0000] {processor.py:830} INFO - Processing file /opt/airflow/dags/amazon_books_elt.py for tasks to queue
[2025-09-14T16:29:43.600+0000] {logging_mixin.py:188} INFO - [2025-09-14T16:29:43.600+0000] {dagbag.py:545} INFO - Filling up the DagBag from /opt/airflow/dags/amazon_books_elt.py
[2025-09-14T16:29:43.997+0000] {processor.py:840} INFO - DAG(s) 'amazon_books_elt' retrieved from /opt/airflow/dags/amazon_books_elt.py
[2025-09-14T16:29:44.012+0000] {logging_mixin.py:188} INFO - [2025-09-14T16:29:44.012+0000] {dag.py:3096} INFO - Sync 1 DAGs
[2025-09-14T16:29:44.024+0000] {logging_mixin.py:188} INFO - [2025-09-14T16:29:44.024+0000] {dag.py:3954} INFO - Setting next_dagrun for amazon_books_elt to 2025-09-14 00:00:00+00:00, run_after=2025-09-15 00:00:00+00:00
[2025-09-14T16:29:44.036+0000] {processor.py:183} INFO - Processing /opt/airflow/dags/amazon_books_elt.py took 0.443 seconds
[2025-09-14T16:30:14.438+0000] {processor.py:161} INFO - Started process (PID=1184) to work on /opt/airflow/dags/amazon_books_elt.py
[2025-09-14T16:30:14.439+0000] {processor.py:830} INFO - Processing file /opt/airflow/dags/amazon_books_elt.py for tasks to queue
[2025-09-14T16:30:14.440+0000] {logging_mixin.py:188} INFO - [2025-09-14T16:30:14.440+0000] {dagbag.py:545} INFO - Filling up the DagBag from /opt/airflow/dags/amazon_books_elt.py
[2025-09-14T16:30:14.869+0000] {processor.py:840} INFO - DAG(s) 'amazon_books_elt' retrieved from /opt/airflow/dags/amazon_books_elt.py
[2025-09-14T16:30:14.885+0000] {logging_mixin.py:188} INFO - [2025-09-14T16:30:14.884+0000] {dag.py:3096} INFO - Sync 1 DAGs
[2025-09-14T16:30:14.902+0000] {logging_mixin.py:188} INFO - [2025-09-14T16:30:14.901+0000] {dag.py:3954} INFO - Setting next_dagrun for amazon_books_elt to 2025-09-14 00:00:00+00:00, run_after=2025-09-15 00:00:00+00:00
[2025-09-14T16:30:14.921+0000] {processor.py:183} INFO - Processing /opt/airflow/dags/amazon_books_elt.py took 0.487 seconds
[2025-09-14T16:30:45.749+0000] {processor.py:161} INFO - Started process (PID=1204) to work on /opt/airflow/dags/amazon_books_elt.py
[2025-09-14T16:30:45.750+0000] {processor.py:830} INFO - Processing file /opt/airflow/dags/amazon_books_elt.py for tasks to queue
[2025-09-14T16:30:45.751+0000] {logging_mixin.py:188} INFO - [2025-09-14T16:30:45.751+0000] {dagbag.py:545} INFO - Filling up the DagBag from /opt/airflow/dags/amazon_books_elt.py
[2025-09-14T16:30:46.218+0000] {processor.py:840} INFO - DAG(s) 'amazon_books_elt' retrieved from /opt/airflow/dags/amazon_books_elt.py
[2025-09-14T16:30:46.234+0000] {logging_mixin.py:188} INFO - [2025-09-14T16:30:46.233+0000] {dag.py:3096} INFO - Sync 1 DAGs
[2025-09-14T16:30:46.247+0000] {logging_mixin.py:188} INFO - [2025-09-14T16:30:46.247+0000] {dag.py:3954} INFO - Setting next_dagrun for amazon_books_elt to 2025-09-14 00:00:00+00:00, run_after=2025-09-15 00:00:00+00:00
[2025-09-14T16:30:46.258+0000] {processor.py:183} INFO - Processing /opt/airflow/dags/amazon_books_elt.py took 0.512 seconds
[2025-09-14T16:31:16.599+0000] {processor.py:161} INFO - Started process (PID=1224) to work on /opt/airflow/dags/amazon_books_elt.py
[2025-09-14T16:31:16.602+0000] {processor.py:830} INFO - Processing file /opt/airflow/dags/amazon_books_elt.py for tasks to queue
[2025-09-14T16:31:16.603+0000] {logging_mixin.py:188} INFO - [2025-09-14T16:31:16.603+0000] {dagbag.py:545} INFO - Filling up the DagBag from /opt/airflow/dags/amazon_books_elt.py
[2025-09-14T16:31:16.978+0000] {processor.py:840} INFO - DAG(s) 'amazon_books_elt' retrieved from /opt/airflow/dags/amazon_books_elt.py
[2025-09-14T16:31:16.994+0000] {logging_mixin.py:188} INFO - [2025-09-14T16:31:16.994+0000] {dag.py:3096} INFO - Sync 1 DAGs
[2025-09-14T16:31:17.008+0000] {logging_mixin.py:188} INFO - [2025-09-14T16:31:17.007+0000] {dag.py:3954} INFO - Setting next_dagrun for amazon_books_elt to 2025-09-14 00:00:00+00:00, run_after=2025-09-15 00:00:00+00:00
[2025-09-14T16:31:17.019+0000] {processor.py:183} INFO - Processing /opt/airflow/dags/amazon_books_elt.py took 0.424 seconds
[2025-09-14T16:31:47.453+0000] {processor.py:161} INFO - Started process (PID=1244) to work on /opt/airflow/dags/amazon_books_elt.py
[2025-09-14T16:31:47.467+0000] {processor.py:830} INFO - Processing file /opt/airflow/dags/amazon_books_elt.py for tasks to queue
[2025-09-14T16:31:47.468+0000] {logging_mixin.py:188} INFO - [2025-09-14T16:31:47.468+0000] {dagbag.py:545} INFO - Filling up the DagBag from /opt/airflow/dags/amazon_books_elt.py
[2025-09-14T16:31:47.862+0000] {processor.py:840} INFO - DAG(s) 'amazon_books_elt' retrieved from /opt/airflow/dags/amazon_books_elt.py
[2025-09-14T16:31:47.880+0000] {logging_mixin.py:188} INFO - [2025-09-14T16:31:47.880+0000] {dag.py:3096} INFO - Sync 1 DAGs
[2025-09-14T16:31:47.895+0000] {logging_mixin.py:188} INFO - [2025-09-14T16:31:47.895+0000] {dag.py:3954} INFO - Setting next_dagrun for amazon_books_elt to 2025-09-14 00:00:00+00:00, run_after=2025-09-15 00:00:00+00:00
[2025-09-14T16:31:47.911+0000] {processor.py:183} INFO - Processing /opt/airflow/dags/amazon_books_elt.py took 0.462 seconds
[2025-09-14T16:32:11.711+0000] {processor.py:161} INFO - Started process (PID=1258) to work on /opt/airflow/dags/amazon_books_elt.py
[2025-09-14T16:32:11.712+0000] {processor.py:830} INFO - Processing file /opt/airflow/dags/amazon_books_elt.py for tasks to queue
[2025-09-14T16:32:11.713+0000] {logging_mixin.py:188} INFO - [2025-09-14T16:32:11.713+0000] {dagbag.py:545} INFO - Filling up the DagBag from /opt/airflow/dags/amazon_books_elt.py
[2025-09-14T16:32:12.088+0000] {processor.py:840} INFO - DAG(s) 'amazon_books_elt' retrieved from /opt/airflow/dags/amazon_books_elt.py
[2025-09-14T16:32:12.102+0000] {logging_mixin.py:188} INFO - [2025-09-14T16:32:12.102+0000] {dag.py:3096} INFO - Sync 1 DAGs
[2025-09-14T16:32:12.114+0000] {logging_mixin.py:188} INFO - [2025-09-14T16:32:12.114+0000] {dag.py:3954} INFO - Setting next_dagrun for amazon_books_elt to 2025-09-14 00:00:00+00:00, run_after=2025-09-15 00:00:00+00:00
[2025-09-14T16:32:12.125+0000] {processor.py:183} INFO - Processing /opt/airflow/dags/amazon_books_elt.py took 0.417 seconds
[2025-09-14T16:32:42.454+0000] {processor.py:161} INFO - Started process (PID=1278) to work on /opt/airflow/dags/amazon_books_elt.py
[2025-09-14T16:32:42.457+0000] {processor.py:830} INFO - Processing file /opt/airflow/dags/amazon_books_elt.py for tasks to queue
[2025-09-14T16:32:42.458+0000] {logging_mixin.py:188} INFO - [2025-09-14T16:32:42.458+0000] {dagbag.py:545} INFO - Filling up the DagBag from /opt/airflow/dags/amazon_books_elt.py
[2025-09-14T16:32:42.880+0000] {processor.py:840} INFO - DAG(s) 'amazon_books_elt' retrieved from /opt/airflow/dags/amazon_books_elt.py
[2025-09-14T16:32:42.911+0000] {logging_mixin.py:188} INFO - [2025-09-14T16:32:42.911+0000] {dag.py:3096} INFO - Sync 1 DAGs
[2025-09-14T16:32:42.938+0000] {logging_mixin.py:188} INFO - [2025-09-14T16:32:42.934+0000] {dag.py:3954} INFO - Setting next_dagrun for amazon_books_elt to 2025-09-14 00:00:00+00:00, run_after=2025-09-15 00:00:00+00:00
[2025-09-14T16:32:42.962+0000] {processor.py:183} INFO - Processing /opt/airflow/dags/amazon_books_elt.py took 0.511 seconds
[2025-09-14T16:33:13.708+0000] {processor.py:161} INFO - Started process (PID=1304) to work on /opt/airflow/dags/amazon_books_elt.py
[2025-09-14T16:33:13.709+0000] {processor.py:830} INFO - Processing file /opt/airflow/dags/amazon_books_elt.py for tasks to queue
[2025-09-14T16:33:13.710+0000] {logging_mixin.py:188} INFO - [2025-09-14T16:33:13.710+0000] {dagbag.py:545} INFO - Filling up the DagBag from /opt/airflow/dags/amazon_books_elt.py
[2025-09-14T16:33:14.141+0000] {processor.py:840} INFO - DAG(s) 'amazon_books_elt' retrieved from /opt/airflow/dags/amazon_books_elt.py
[2025-09-14T16:33:14.157+0000] {logging_mixin.py:188} INFO - [2025-09-14T16:33:14.156+0000] {dag.py:3096} INFO - Sync 1 DAGs
[2025-09-14T16:33:14.170+0000] {logging_mixin.py:188} INFO - [2025-09-14T16:33:14.169+0000] {dag.py:3954} INFO - Setting next_dagrun for amazon_books_elt to 2025-09-14 00:00:00+00:00, run_after=2025-09-15 00:00:00+00:00
[2025-09-14T16:33:14.182+0000] {processor.py:183} INFO - Processing /opt/airflow/dags/amazon_books_elt.py took 0.477 seconds
[2025-09-14T16:33:44.660+0000] {processor.py:161} INFO - Started process (PID=1324) to work on /opt/airflow/dags/amazon_books_elt.py
[2025-09-14T16:33:44.660+0000] {processor.py:830} INFO - Processing file /opt/airflow/dags/amazon_books_elt.py for tasks to queue
[2025-09-14T16:33:44.662+0000] {logging_mixin.py:188} INFO - [2025-09-14T16:33:44.661+0000] {dagbag.py:545} INFO - Filling up the DagBag from /opt/airflow/dags/amazon_books_elt.py
[2025-09-14T16:33:45.035+0000] {processor.py:840} INFO - DAG(s) 'amazon_books_elt' retrieved from /opt/airflow/dags/amazon_books_elt.py
[2025-09-14T16:33:45.049+0000] {logging_mixin.py:188} INFO - [2025-09-14T16:33:45.049+0000] {dag.py:3096} INFO - Sync 1 DAGs
[2025-09-14T16:33:45.061+0000] {logging_mixin.py:188} INFO - [2025-09-14T16:33:45.061+0000] {dag.py:3954} INFO - Setting next_dagrun for amazon_books_elt to 2025-09-14 00:00:00+00:00, run_after=2025-09-15 00:00:00+00:00
[2025-09-14T16:33:45.073+0000] {processor.py:183} INFO - Processing /opt/airflow/dags/amazon_books_elt.py took 0.416 seconds
[2025-09-14T16:34:15.891+0000] {processor.py:161} INFO - Started process (PID=1344) to work on /opt/airflow/dags/amazon_books_elt.py
[2025-09-14T16:34:15.892+0000] {processor.py:830} INFO - Processing file /opt/airflow/dags/amazon_books_elt.py for tasks to queue
[2025-09-14T16:34:15.893+0000] {logging_mixin.py:188} INFO - [2025-09-14T16:34:15.893+0000] {dagbag.py:545} INFO - Filling up the DagBag from /opt/airflow/dags/amazon_books_elt.py
[2025-09-14T16:34:16.261+0000] {processor.py:840} INFO - DAG(s) 'amazon_books_elt' retrieved from /opt/airflow/dags/amazon_books_elt.py
[2025-09-14T16:34:16.276+0000] {logging_mixin.py:188} INFO - [2025-09-14T16:34:16.276+0000] {dag.py:3096} INFO - Sync 1 DAGs
[2025-09-14T16:34:16.288+0000] {logging_mixin.py:188} INFO - [2025-09-14T16:34:16.288+0000] {dag.py:3954} INFO - Setting next_dagrun for amazon_books_elt to 2025-09-14 00:00:00+00:00, run_after=2025-09-15 00:00:00+00:00
[2025-09-14T16:34:16.298+0000] {processor.py:183} INFO - Processing /opt/airflow/dags/amazon_books_elt.py took 0.411 seconds
[2025-09-14T16:34:46.697+0000] {processor.py:161} INFO - Started process (PID=1364) to work on /opt/airflow/dags/amazon_books_elt.py
[2025-09-14T16:34:46.698+0000] {processor.py:830} INFO - Processing file /opt/airflow/dags/amazon_books_elt.py for tasks to queue
[2025-09-14T16:34:46.699+0000] {logging_mixin.py:188} INFO - [2025-09-14T16:34:46.698+0000] {dagbag.py:545} INFO - Filling up the DagBag from /opt/airflow/dags/amazon_books_elt.py
[2025-09-14T16:34:47.072+0000] {processor.py:840} INFO - DAG(s) 'amazon_books_elt' retrieved from /opt/airflow/dags/amazon_books_elt.py
[2025-09-14T16:34:47.087+0000] {logging_mixin.py:188} INFO - [2025-09-14T16:34:47.087+0000] {dag.py:3096} INFO - Sync 1 DAGs
[2025-09-14T16:34:47.099+0000] {logging_mixin.py:188} INFO - [2025-09-14T16:34:47.099+0000] {dag.py:3954} INFO - Setting next_dagrun for amazon_books_elt to 2025-09-14 00:00:00+00:00, run_after=2025-09-15 00:00:00+00:00
[2025-09-14T16:34:47.111+0000] {processor.py:183} INFO - Processing /opt/airflow/dags/amazon_books_elt.py took 0.418 seconds
[2025-09-14T16:35:17.956+0000] {processor.py:161} INFO - Started process (PID=1384) to work on /opt/airflow/dags/amazon_books_elt.py
[2025-09-14T16:35:17.961+0000] {processor.py:830} INFO - Processing file /opt/airflow/dags/amazon_books_elt.py for tasks to queue
[2025-09-14T16:35:17.962+0000] {logging_mixin.py:188} INFO - [2025-09-14T16:35:17.962+0000] {dagbag.py:545} INFO - Filling up the DagBag from /opt/airflow/dags/amazon_books_elt.py
[2025-09-14T16:35:18.416+0000] {processor.py:840} INFO - DAG(s) 'amazon_books_elt' retrieved from /opt/airflow/dags/amazon_books_elt.py
[2025-09-14T16:35:18.432+0000] {logging_mixin.py:188} INFO - [2025-09-14T16:35:18.431+0000] {dag.py:3096} INFO - Sync 1 DAGs
[2025-09-14T16:35:18.444+0000] {logging_mixin.py:188} INFO - [2025-09-14T16:35:18.444+0000] {dag.py:3954} INFO - Setting next_dagrun for amazon_books_elt to 2025-09-14 00:00:00+00:00, run_after=2025-09-15 00:00:00+00:00
[2025-09-14T16:35:18.455+0000] {processor.py:183} INFO - Processing /opt/airflow/dags/amazon_books_elt.py took 0.504 seconds
[2025-09-14T16:35:48.771+0000] {processor.py:161} INFO - Started process (PID=1404) to work on /opt/airflow/dags/amazon_books_elt.py
[2025-09-14T16:35:48.772+0000] {processor.py:830} INFO - Processing file /opt/airflow/dags/amazon_books_elt.py for tasks to queue
[2025-09-14T16:35:48.773+0000] {logging_mixin.py:188} INFO - [2025-09-14T16:35:48.773+0000] {dagbag.py:545} INFO - Filling up the DagBag from /opt/airflow/dags/amazon_books_elt.py
[2025-09-14T16:35:49.163+0000] {processor.py:840} INFO - DAG(s) 'amazon_books_elt' retrieved from /opt/airflow/dags/amazon_books_elt.py
[2025-09-14T16:35:49.178+0000] {logging_mixin.py:188} INFO - [2025-09-14T16:35:49.178+0000] {dag.py:3096} INFO - Sync 1 DAGs
[2025-09-14T16:35:49.190+0000] {logging_mixin.py:188} INFO - [2025-09-14T16:35:49.190+0000] {dag.py:3954} INFO - Setting next_dagrun for amazon_books_elt to 2025-09-14 00:00:00+00:00, run_after=2025-09-15 00:00:00+00:00
[2025-09-14T16:35:49.203+0000] {processor.py:183} INFO - Processing /opt/airflow/dags/amazon_books_elt.py took 0.436 seconds
[2025-09-14T16:36:19.308+0000] {processor.py:161} INFO - Started process (PID=1424) to work on /opt/airflow/dags/amazon_books_elt.py
[2025-09-14T16:36:19.308+0000] {processor.py:830} INFO - Processing file /opt/airflow/dags/amazon_books_elt.py for tasks to queue
[2025-09-14T16:36:19.310+0000] {logging_mixin.py:188} INFO - [2025-09-14T16:36:19.309+0000] {dagbag.py:545} INFO - Filling up the DagBag from /opt/airflow/dags/amazon_books_elt.py
[2025-09-14T16:36:19.695+0000] {processor.py:840} INFO - DAG(s) 'amazon_books_elt' retrieved from /opt/airflow/dags/amazon_books_elt.py
[2025-09-14T16:36:19.716+0000] {logging_mixin.py:188} INFO - [2025-09-14T16:36:19.715+0000] {dag.py:3096} INFO - Sync 1 DAGs
[2025-09-14T16:36:19.731+0000] {logging_mixin.py:188} INFO - [2025-09-14T16:36:19.731+0000] {dag.py:3954} INFO - Setting next_dagrun for amazon_books_elt to 2025-09-14 00:00:00+00:00, run_after=2025-09-15 00:00:00+00:00
[2025-09-14T16:36:19.748+0000] {processor.py:183} INFO - Processing /opt/airflow/dags/amazon_books_elt.py took 0.445 seconds
[2025-09-14T16:36:34.052+0000] {processor.py:161} INFO - Started process (PID=1432) to work on /opt/airflow/dags/amazon_books_elt.py
[2025-09-14T16:36:34.053+0000] {processor.py:830} INFO - Processing file /opt/airflow/dags/amazon_books_elt.py for tasks to queue
[2025-09-14T16:36:34.054+0000] {logging_mixin.py:188} INFO - [2025-09-14T16:36:34.053+0000] {dagbag.py:545} INFO - Filling up the DagBag from /opt/airflow/dags/amazon_books_elt.py
[2025-09-14T16:36:34.487+0000] {processor.py:840} INFO - DAG(s) 'amazon_books_elt' retrieved from /opt/airflow/dags/amazon_books_elt.py
[2025-09-14T16:36:34.517+0000] {logging_mixin.py:188} INFO - [2025-09-14T16:36:34.516+0000] {dag.py:3096} INFO - Sync 1 DAGs
[2025-09-14T16:36:34.531+0000] {logging_mixin.py:188} INFO - [2025-09-14T16:36:34.531+0000] {dag.py:3954} INFO - Setting next_dagrun for amazon_books_elt to 2025-09-14 00:00:00+00:00, run_after=2025-09-15 00:00:00+00:00
[2025-09-14T16:36:34.549+0000] {processor.py:183} INFO - Processing /opt/airflow/dags/amazon_books_elt.py took 0.501 seconds
[2025-09-14T16:37:05.226+0000] {processor.py:161} INFO - Started process (PID=1452) to work on /opt/airflow/dags/amazon_books_elt.py
[2025-09-14T16:37:05.227+0000] {processor.py:830} INFO - Processing file /opt/airflow/dags/amazon_books_elt.py for tasks to queue
[2025-09-14T16:37:05.228+0000] {logging_mixin.py:188} INFO - [2025-09-14T16:37:05.228+0000] {dagbag.py:545} INFO - Filling up the DagBag from /opt/airflow/dags/amazon_books_elt.py
[2025-09-14T16:37:05.654+0000] {processor.py:840} INFO - DAG(s) 'amazon_books_elt' retrieved from /opt/airflow/dags/amazon_books_elt.py
[2025-09-14T16:37:05.670+0000] {logging_mixin.py:188} INFO - [2025-09-14T16:37:05.670+0000] {dag.py:3096} INFO - Sync 1 DAGs
[2025-09-14T16:37:05.683+0000] {logging_mixin.py:188} INFO - [2025-09-14T16:37:05.683+0000] {dag.py:3954} INFO - Setting next_dagrun for amazon_books_elt to 2025-09-14 00:00:00+00:00, run_after=2025-09-15 00:00:00+00:00
[2025-09-14T16:37:05.694+0000] {processor.py:183} INFO - Processing /opt/airflow/dags/amazon_books_elt.py took 0.472 seconds
[2025-09-14T16:37:36.041+0000] {processor.py:161} INFO - Started process (PID=1472) to work on /opt/airflow/dags/amazon_books_elt.py
[2025-09-14T16:37:36.042+0000] {processor.py:830} INFO - Processing file /opt/airflow/dags/amazon_books_elt.py for tasks to queue
[2025-09-14T16:37:36.043+0000] {logging_mixin.py:188} INFO - [2025-09-14T16:37:36.043+0000] {dagbag.py:545} INFO - Filling up the DagBag from /opt/airflow/dags/amazon_books_elt.py
[2025-09-14T16:37:36.457+0000] {processor.py:840} INFO - DAG(s) 'amazon_books_elt' retrieved from /opt/airflow/dags/amazon_books_elt.py
[2025-09-14T16:37:36.473+0000] {logging_mixin.py:188} INFO - [2025-09-14T16:37:36.473+0000] {dag.py:3096} INFO - Sync 1 DAGs
[2025-09-14T16:37:36.486+0000] {logging_mixin.py:188} INFO - [2025-09-14T16:37:36.486+0000] {dag.py:3954} INFO - Setting next_dagrun for amazon_books_elt to 2025-09-14 00:00:00+00:00, run_after=2025-09-15 00:00:00+00:00
[2025-09-14T16:37:36.496+0000] {processor.py:183} INFO - Processing /opt/airflow/dags/amazon_books_elt.py took 0.459 seconds
[2025-09-14T16:38:07.270+0000] {processor.py:161} INFO - Started process (PID=1492) to work on /opt/airflow/dags/amazon_books_elt.py
[2025-09-14T16:38:07.271+0000] {processor.py:830} INFO - Processing file /opt/airflow/dags/amazon_books_elt.py for tasks to queue
[2025-09-14T16:38:07.272+0000] {logging_mixin.py:188} INFO - [2025-09-14T16:38:07.272+0000] {dagbag.py:545} INFO - Filling up the DagBag from /opt/airflow/dags/amazon_books_elt.py
[2025-09-14T16:38:07.649+0000] {processor.py:840} INFO - DAG(s) 'amazon_books_elt' retrieved from /opt/airflow/dags/amazon_books_elt.py
[2025-09-14T16:38:07.667+0000] {logging_mixin.py:188} INFO - [2025-09-14T16:38:07.667+0000] {dag.py:3096} INFO - Sync 1 DAGs
[2025-09-14T16:38:07.684+0000] {logging_mixin.py:188} INFO - [2025-09-14T16:38:07.683+0000] {dag.py:3954} INFO - Setting next_dagrun for amazon_books_elt to 2025-09-14 00:00:00+00:00, run_after=2025-09-15 00:00:00+00:00
[2025-09-14T16:38:07.701+0000] {processor.py:183} INFO - Processing /opt/airflow/dags/amazon_books_elt.py took 0.434 seconds
[2025-09-14T16:38:38.060+0000] {processor.py:161} INFO - Started process (PID=1512) to work on /opt/airflow/dags/amazon_books_elt.py
[2025-09-14T16:38:38.061+0000] {processor.py:830} INFO - Processing file /opt/airflow/dags/amazon_books_elt.py for tasks to queue
[2025-09-14T16:38:38.062+0000] {logging_mixin.py:188} INFO - [2025-09-14T16:38:38.062+0000] {dagbag.py:545} INFO - Filling up the DagBag from /opt/airflow/dags/amazon_books_elt.py
[2025-09-14T16:38:38.471+0000] {processor.py:840} INFO - DAG(s) 'amazon_books_elt' retrieved from /opt/airflow/dags/amazon_books_elt.py
[2025-09-14T16:38:38.486+0000] {logging_mixin.py:188} INFO - [2025-09-14T16:38:38.486+0000] {dag.py:3096} INFO - Sync 1 DAGs
[2025-09-14T16:38:38.499+0000] {logging_mixin.py:188} INFO - [2025-09-14T16:38:38.499+0000] {dag.py:3954} INFO - Setting next_dagrun for amazon_books_elt to 2025-09-14 00:00:00+00:00, run_after=2025-09-15 00:00:00+00:00
[2025-09-14T16:38:38.510+0000] {processor.py:183} INFO - Processing /opt/airflow/dags/amazon_books_elt.py took 0.453 seconds
[2025-09-14T16:39:01.590+0000] {processor.py:161} INFO - Started process (PID=1526) to work on /opt/airflow/dags/amazon_books_elt.py
[2025-09-14T16:39:01.590+0000] {processor.py:830} INFO - Processing file /opt/airflow/dags/amazon_books_elt.py for tasks to queue
[2025-09-14T16:39:01.591+0000] {logging_mixin.py:188} INFO - [2025-09-14T16:39:01.591+0000] {dagbag.py:545} INFO - Filling up the DagBag from /opt/airflow/dags/amazon_books_elt.py
[2025-09-14T16:39:02.039+0000] {processor.py:840} INFO - DAG(s) 'amazon_books_elt' retrieved from /opt/airflow/dags/amazon_books_elt.py
[2025-09-14T16:39:02.060+0000] {logging_mixin.py:188} INFO - [2025-09-14T16:39:02.059+0000] {dag.py:3096} INFO - Sync 1 DAGs
[2025-09-14T16:39:02.075+0000] {logging_mixin.py:188} INFO - [2025-09-14T16:39:02.074+0000] {dag.py:3954} INFO - Setting next_dagrun for amazon_books_elt to 2025-09-14 00:00:00+00:00, run_after=2025-09-15 00:00:00+00:00
[2025-09-14T16:39:02.090+0000] {processor.py:183} INFO - Processing /opt/airflow/dags/amazon_books_elt.py took 0.504 seconds
[2025-09-14T16:39:16.322+0000] {processor.py:161} INFO - Started process (PID=1540) to work on /opt/airflow/dags/amazon_books_elt.py
[2025-09-14T16:39:16.324+0000] {processor.py:830} INFO - Processing file /opt/airflow/dags/amazon_books_elt.py for tasks to queue
[2025-09-14T16:39:16.326+0000] {logging_mixin.py:188} INFO - [2025-09-14T16:39:16.325+0000] {dagbag.py:545} INFO - Filling up the DagBag from /opt/airflow/dags/amazon_books_elt.py
[2025-09-14T16:39:16.734+0000] {processor.py:840} INFO - DAG(s) 'amazon_books_elt' retrieved from /opt/airflow/dags/amazon_books_elt.py
[2025-09-14T16:39:16.797+0000] {logging_mixin.py:188} INFO - [2025-09-14T16:39:16.797+0000] {dag.py:3096} INFO - Sync 1 DAGs
[2025-09-14T16:39:16.809+0000] {logging_mixin.py:188} INFO - [2025-09-14T16:39:16.809+0000] {dag.py:3954} INFO - Setting next_dagrun for amazon_books_elt to 2025-09-14 00:00:00+00:00, run_after=2025-09-15 00:00:00+00:00
[2025-09-14T16:39:16.823+0000] {processor.py:183} INFO - Processing /opt/airflow/dags/amazon_books_elt.py took 0.505 seconds
[2025-09-14T16:39:47.631+0000] {processor.py:161} INFO - Started process (PID=1560) to work on /opt/airflow/dags/amazon_books_elt.py
[2025-09-14T16:39:47.634+0000] {processor.py:830} INFO - Processing file /opt/airflow/dags/amazon_books_elt.py for tasks to queue
[2025-09-14T16:39:47.635+0000] {logging_mixin.py:188} INFO - [2025-09-14T16:39:47.635+0000] {dagbag.py:545} INFO - Filling up the DagBag from /opt/airflow/dags/amazon_books_elt.py
[2025-09-14T16:39:48.021+0000] {processor.py:840} INFO - DAG(s) 'amazon_books_elt' retrieved from /opt/airflow/dags/amazon_books_elt.py
[2025-09-14T16:39:48.037+0000] {logging_mixin.py:188} INFO - [2025-09-14T16:39:48.037+0000] {dag.py:3096} INFO - Sync 1 DAGs
[2025-09-14T16:39:48.051+0000] {logging_mixin.py:188} INFO - [2025-09-14T16:39:48.051+0000] {dag.py:3954} INFO - Setting next_dagrun for amazon_books_elt to 2025-09-14 00:00:00+00:00, run_after=2025-09-15 00:00:00+00:00
[2025-09-14T16:39:48.063+0000] {processor.py:183} INFO - Processing /opt/airflow/dags/amazon_books_elt.py took 0.435 seconds
[2025-09-14T16:40:18.421+0000] {processor.py:161} INFO - Started process (PID=1580) to work on /opt/airflow/dags/amazon_books_elt.py
[2025-09-14T16:40:18.423+0000] {processor.py:830} INFO - Processing file /opt/airflow/dags/amazon_books_elt.py for tasks to queue
[2025-09-14T16:40:18.424+0000] {logging_mixin.py:188} INFO - [2025-09-14T16:40:18.424+0000] {dagbag.py:545} INFO - Filling up the DagBag from /opt/airflow/dags/amazon_books_elt.py
[2025-09-14T16:40:18.854+0000] {processor.py:840} INFO - DAG(s) 'amazon_books_elt' retrieved from /opt/airflow/dags/amazon_books_elt.py
[2025-09-14T16:40:18.874+0000] {logging_mixin.py:188} INFO - [2025-09-14T16:40:18.874+0000] {dag.py:3096} INFO - Sync 1 DAGs
[2025-09-14T16:40:18.889+0000] {logging_mixin.py:188} INFO - [2025-09-14T16:40:18.888+0000] {dag.py:3954} INFO - Setting next_dagrun for amazon_books_elt to 2025-09-14 00:00:00+00:00, run_after=2025-09-15 00:00:00+00:00
[2025-09-14T16:40:18.900+0000] {processor.py:183} INFO - Processing /opt/airflow/dags/amazon_books_elt.py took 0.483 seconds
[2025-09-14T16:40:30.902+0000] {processor.py:161} INFO - Started process (PID=1588) to work on /opt/airflow/dags/amazon_books_elt.py
[2025-09-14T16:40:30.902+0000] {processor.py:830} INFO - Processing file /opt/airflow/dags/amazon_books_elt.py for tasks to queue
[2025-09-14T16:40:30.904+0000] {logging_mixin.py:188} INFO - [2025-09-14T16:40:30.903+0000] {dagbag.py:545} INFO - Filling up the DagBag from /opt/airflow/dags/amazon_books_elt.py
[2025-09-14T16:40:31.328+0000] {processor.py:840} INFO - DAG(s) 'amazon_books_elt' retrieved from /opt/airflow/dags/amazon_books_elt.py
[2025-09-14T16:40:31.409+0000] {logging_mixin.py:188} INFO - [2025-09-14T16:40:31.408+0000] {dag.py:3096} INFO - Sync 1 DAGs
[2025-09-14T16:40:31.421+0000] {logging_mixin.py:188} INFO - [2025-09-14T16:40:31.421+0000] {dag.py:3954} INFO - Setting next_dagrun for amazon_books_elt to 2025-09-14 00:00:00+00:00, run_after=2025-09-15 00:00:00+00:00
[2025-09-14T16:40:31.435+0000] {processor.py:183} INFO - Processing /opt/airflow/dags/amazon_books_elt.py took 0.538 seconds
[2025-09-14T16:41:01.748+0000] {processor.py:161} INFO - Started process (PID=1608) to work on /opt/airflow/dags/amazon_books_elt.py
[2025-09-14T16:41:01.748+0000] {processor.py:830} INFO - Processing file /opt/airflow/dags/amazon_books_elt.py for tasks to queue
[2025-09-14T16:41:01.750+0000] {logging_mixin.py:188} INFO - [2025-09-14T16:41:01.749+0000] {dagbag.py:545} INFO - Filling up the DagBag from /opt/airflow/dags/amazon_books_elt.py
[2025-09-14T16:41:02.198+0000] {processor.py:840} INFO - DAG(s) 'amazon_books_elt' retrieved from /opt/airflow/dags/amazon_books_elt.py
[2025-09-14T16:41:02.214+0000] {logging_mixin.py:188} INFO - [2025-09-14T16:41:02.214+0000] {dag.py:3096} INFO - Sync 1 DAGs
[2025-09-14T16:41:02.229+0000] {logging_mixin.py:188} INFO - [2025-09-14T16:41:02.228+0000] {dag.py:3954} INFO - Setting next_dagrun for amazon_books_elt to 2025-09-14 00:00:00+00:00, run_after=2025-09-15 00:00:00+00:00
[2025-09-14T16:41:02.240+0000] {processor.py:183} INFO - Processing /opt/airflow/dags/amazon_books_elt.py took 0.496 seconds
[2025-09-14T16:41:33.044+0000] {processor.py:161} INFO - Started process (PID=1628) to work on /opt/airflow/dags/amazon_books_elt.py
[2025-09-14T16:41:33.046+0000] {processor.py:830} INFO - Processing file /opt/airflow/dags/amazon_books_elt.py for tasks to queue
[2025-09-14T16:41:33.047+0000] {logging_mixin.py:188} INFO - [2025-09-14T16:41:33.047+0000] {dagbag.py:545} INFO - Filling up the DagBag from /opt/airflow/dags/amazon_books_elt.py
[2025-09-14T16:41:33.541+0000] {processor.py:840} INFO - DAG(s) 'amazon_books_elt' retrieved from /opt/airflow/dags/amazon_books_elt.py
[2025-09-14T16:41:33.558+0000] {logging_mixin.py:188} INFO - [2025-09-14T16:41:33.557+0000] {dag.py:3096} INFO - Sync 1 DAGs
[2025-09-14T16:41:33.572+0000] {logging_mixin.py:188} INFO - [2025-09-14T16:41:33.572+0000] {dag.py:3954} INFO - Setting next_dagrun for amazon_books_elt to 2025-09-14 00:00:00+00:00, run_after=2025-09-15 00:00:00+00:00
[2025-09-14T16:41:33.583+0000] {processor.py:183} INFO - Processing /opt/airflow/dags/amazon_books_elt.py took 0.543 seconds
[2025-09-14T16:42:03.833+0000] {processor.py:161} INFO - Started process (PID=1648) to work on /opt/airflow/dags/amazon_books_elt.py
[2025-09-14T16:42:03.836+0000] {processor.py:830} INFO - Processing file /opt/airflow/dags/amazon_books_elt.py for tasks to queue
[2025-09-14T16:42:03.837+0000] {logging_mixin.py:188} INFO - [2025-09-14T16:42:03.837+0000] {dagbag.py:545} INFO - Filling up the DagBag from /opt/airflow/dags/amazon_books_elt.py
[2025-09-14T16:42:04.289+0000] {processor.py:840} INFO - DAG(s) 'amazon_books_elt' retrieved from /opt/airflow/dags/amazon_books_elt.py
[2025-09-14T16:42:04.305+0000] {logging_mixin.py:188} INFO - [2025-09-14T16:42:04.305+0000] {dag.py:3096} INFO - Sync 1 DAGs
[2025-09-14T16:42:04.320+0000] {logging_mixin.py:188} INFO - [2025-09-14T16:42:04.320+0000] {dag.py:3954} INFO - Setting next_dagrun for amazon_books_elt to 2025-09-14 00:00:00+00:00, run_after=2025-09-15 00:00:00+00:00
[2025-09-14T16:42:04.332+0000] {processor.py:183} INFO - Processing /opt/airflow/dags/amazon_books_elt.py took 0.502 seconds
[2025-09-14T16:42:34.589+0000] {processor.py:161} INFO - Started process (PID=1668) to work on /opt/airflow/dags/amazon_books_elt.py
[2025-09-14T16:42:34.594+0000] {processor.py:830} INFO - Processing file /opt/airflow/dags/amazon_books_elt.py for tasks to queue
[2025-09-14T16:42:34.595+0000] {logging_mixin.py:188} INFO - [2025-09-14T16:42:34.595+0000] {dagbag.py:545} INFO - Filling up the DagBag from /opt/airflow/dags/amazon_books_elt.py
[2025-09-14T16:42:35.046+0000] {processor.py:840} INFO - DAG(s) 'amazon_books_elt' retrieved from /opt/airflow/dags/amazon_books_elt.py
[2025-09-14T16:42:35.061+0000] {logging_mixin.py:188} INFO - [2025-09-14T16:42:35.061+0000] {dag.py:3096} INFO - Sync 1 DAGs
[2025-09-14T16:42:35.073+0000] {logging_mixin.py:188} INFO - [2025-09-14T16:42:35.073+0000] {dag.py:3954} INFO - Setting next_dagrun for amazon_books_elt to 2025-09-14 00:00:00+00:00, run_after=2025-09-15 00:00:00+00:00
[2025-09-14T16:42:35.084+0000] {processor.py:183} INFO - Processing /opt/airflow/dags/amazon_books_elt.py took 0.499 seconds
[2025-09-14T16:43:05.323+0000] {processor.py:161} INFO - Started process (PID=1688) to work on /opt/airflow/dags/amazon_books_elt.py
[2025-09-14T16:43:05.325+0000] {processor.py:830} INFO - Processing file /opt/airflow/dags/amazon_books_elt.py for tasks to queue
[2025-09-14T16:43:05.327+0000] {logging_mixin.py:188} INFO - [2025-09-14T16:43:05.327+0000] {dagbag.py:545} INFO - Filling up the DagBag from /opt/airflow/dags/amazon_books_elt.py
[2025-09-14T16:43:05.802+0000] {processor.py:840} INFO - DAG(s) 'amazon_books_elt' retrieved from /opt/airflow/dags/amazon_books_elt.py
[2025-09-14T16:43:05.819+0000] {logging_mixin.py:188} INFO - [2025-09-14T16:43:05.818+0000] {dag.py:3096} INFO - Sync 1 DAGs
[2025-09-14T16:43:05.832+0000] {logging_mixin.py:188} INFO - [2025-09-14T16:43:05.832+0000] {dag.py:3954} INFO - Setting next_dagrun for amazon_books_elt to 2025-09-14 00:00:00+00:00, run_after=2025-09-15 00:00:00+00:00
[2025-09-14T16:43:05.844+0000] {processor.py:183} INFO - Processing /opt/airflow/dags/amazon_books_elt.py took 0.526 seconds
[2025-09-14T16:43:36.508+0000] {processor.py:161} INFO - Started process (PID=1708) to work on /opt/airflow/dags/amazon_books_elt.py
[2025-09-14T16:43:36.509+0000] {processor.py:830} INFO - Processing file /opt/airflow/dags/amazon_books_elt.py for tasks to queue
[2025-09-14T16:43:36.510+0000] {logging_mixin.py:188} INFO - [2025-09-14T16:43:36.510+0000] {dagbag.py:545} INFO - Filling up the DagBag from /opt/airflow/dags/amazon_books_elt.py
[2025-09-14T16:43:36.874+0000] {processor.py:840} INFO - DAG(s) 'amazon_books_elt' retrieved from /opt/airflow/dags/amazon_books_elt.py
[2025-09-14T16:43:36.890+0000] {logging_mixin.py:188} INFO - [2025-09-14T16:43:36.890+0000] {dag.py:3096} INFO - Sync 1 DAGs
[2025-09-14T16:43:36.903+0000] {logging_mixin.py:188} INFO - [2025-09-14T16:43:36.903+0000] {dag.py:3954} INFO - Setting next_dagrun for amazon_books_elt to 2025-09-14 00:00:00+00:00, run_after=2025-09-15 00:00:00+00:00
[2025-09-14T16:43:36.914+0000] {processor.py:183} INFO - Processing /opt/airflow/dags/amazon_books_elt.py took 0.409 seconds
[2025-09-14T16:44:06.972+0000] {processor.py:161} INFO - Started process (PID=1728) to work on /opt/airflow/dags/amazon_books_elt.py
[2025-09-14T16:44:06.973+0000] {processor.py:830} INFO - Processing file /opt/airflow/dags/amazon_books_elt.py for tasks to queue
[2025-09-14T16:44:06.975+0000] {logging_mixin.py:188} INFO - [2025-09-14T16:44:06.974+0000] {dagbag.py:545} INFO - Filling up the DagBag from /opt/airflow/dags/amazon_books_elt.py
[2025-09-14T16:44:07.442+0000] {processor.py:840} INFO - DAG(s) 'amazon_books_elt' retrieved from /opt/airflow/dags/amazon_books_elt.py
[2025-09-14T16:44:07.460+0000] {logging_mixin.py:188} INFO - [2025-09-14T16:44:07.459+0000] {dag.py:3096} INFO - Sync 1 DAGs
[2025-09-14T16:44:07.474+0000] {logging_mixin.py:188} INFO - [2025-09-14T16:44:07.474+0000] {dag.py:3954} INFO - Setting next_dagrun for amazon_books_elt to 2025-09-14 00:00:00+00:00, run_after=2025-09-15 00:00:00+00:00
[2025-09-14T16:44:07.489+0000] {processor.py:183} INFO - Processing /opt/airflow/dags/amazon_books_elt.py took 0.520 seconds
[2025-09-14T16:44:37.752+0000] {processor.py:161} INFO - Started process (PID=1748) to work on /opt/airflow/dags/amazon_books_elt.py
[2025-09-14T16:44:37.759+0000] {processor.py:830} INFO - Processing file /opt/airflow/dags/amazon_books_elt.py for tasks to queue
[2025-09-14T16:44:37.763+0000] {logging_mixin.py:188} INFO - [2025-09-14T16:44:37.763+0000] {dagbag.py:545} INFO - Filling up the DagBag from /opt/airflow/dags/amazon_books_elt.py
[2025-09-14T16:44:38.181+0000] {processor.py:840} INFO - DAG(s) 'amazon_books_elt' retrieved from /opt/airflow/dags/amazon_books_elt.py
[2025-09-14T16:44:38.197+0000] {logging_mixin.py:188} INFO - [2025-09-14T16:44:38.197+0000] {dag.py:3096} INFO - Sync 1 DAGs
[2025-09-14T16:44:38.212+0000] {logging_mixin.py:188} INFO - [2025-09-14T16:44:38.212+0000] {dag.py:3954} INFO - Setting next_dagrun for amazon_books_elt to 2025-09-14 00:00:00+00:00, run_after=2025-09-15 00:00:00+00:00
[2025-09-14T16:44:38.223+0000] {processor.py:183} INFO - Processing /opt/airflow/dags/amazon_books_elt.py took 0.478 seconds
[2025-09-14T16:45:08.491+0000] {processor.py:161} INFO - Started process (PID=1768) to work on /opt/airflow/dags/amazon_books_elt.py
[2025-09-14T16:45:08.501+0000] {processor.py:830} INFO - Processing file /opt/airflow/dags/amazon_books_elt.py for tasks to queue
[2025-09-14T16:45:08.503+0000] {logging_mixin.py:188} INFO - [2025-09-14T16:45:08.503+0000] {dagbag.py:545} INFO - Filling up the DagBag from /opt/airflow/dags/amazon_books_elt.py
[2025-09-14T16:45:08.923+0000] {processor.py:840} INFO - DAG(s) 'amazon_books_elt' retrieved from /opt/airflow/dags/amazon_books_elt.py
[2025-09-14T16:45:08.938+0000] {logging_mixin.py:188} INFO - [2025-09-14T16:45:08.938+0000] {dag.py:3096} INFO - Sync 1 DAGs
[2025-09-14T16:45:08.950+0000] {logging_mixin.py:188} INFO - [2025-09-14T16:45:08.950+0000] {dag.py:3954} INFO - Setting next_dagrun for amazon_books_elt to 2025-09-14 00:00:00+00:00, run_after=2025-09-15 00:00:00+00:00
[2025-09-14T16:45:08.961+0000] {processor.py:183} INFO - Processing /opt/airflow/dags/amazon_books_elt.py took 0.475 seconds
[2025-09-14T16:45:39.074+0000] {processor.py:161} INFO - Started process (PID=1788) to work on /opt/airflow/dags/amazon_books_elt.py
[2025-09-14T16:45:39.078+0000] {processor.py:830} INFO - Processing file /opt/airflow/dags/amazon_books_elt.py for tasks to queue
[2025-09-14T16:45:39.079+0000] {logging_mixin.py:188} INFO - [2025-09-14T16:45:39.079+0000] {dagbag.py:545} INFO - Filling up the DagBag from /opt/airflow/dags/amazon_books_elt.py
[2025-09-14T16:45:39.480+0000] {processor.py:840} INFO - DAG(s) 'amazon_books_elt' retrieved from /opt/airflow/dags/amazon_books_elt.py
[2025-09-14T16:45:39.495+0000] {logging_mixin.py:188} INFO - [2025-09-14T16:45:39.495+0000] {dag.py:3096} INFO - Sync 1 DAGs
[2025-09-14T16:45:39.507+0000] {logging_mixin.py:188} INFO - [2025-09-14T16:45:39.507+0000] {dag.py:3954} INFO - Setting next_dagrun for amazon_books_elt to 2025-09-14 00:00:00+00:00, run_after=2025-09-15 00:00:00+00:00
[2025-09-14T16:45:39.518+0000] {processor.py:183} INFO - Processing /opt/airflow/dags/amazon_books_elt.py took 0.447 seconds
[2025-09-14T16:46:09.906+0000] {processor.py:161} INFO - Started process (PID=1808) to work on /opt/airflow/dags/amazon_books_elt.py
[2025-09-14T16:46:09.906+0000] {processor.py:830} INFO - Processing file /opt/airflow/dags/amazon_books_elt.py for tasks to queue
[2025-09-14T16:46:09.908+0000] {logging_mixin.py:188} INFO - [2025-09-14T16:46:09.907+0000] {dagbag.py:545} INFO - Filling up the DagBag from /opt/airflow/dags/amazon_books_elt.py
[2025-09-14T16:46:10.288+0000] {processor.py:840} INFO - DAG(s) 'amazon_books_elt' retrieved from /opt/airflow/dags/amazon_books_elt.py
[2025-09-14T16:46:10.303+0000] {logging_mixin.py:188} INFO - [2025-09-14T16:46:10.303+0000] {dag.py:3096} INFO - Sync 1 DAGs
[2025-09-14T16:46:10.315+0000] {logging_mixin.py:188} INFO - [2025-09-14T16:46:10.315+0000] {dag.py:3954} INFO - Setting next_dagrun for amazon_books_elt to 2025-09-14 00:00:00+00:00, run_after=2025-09-15 00:00:00+00:00
[2025-09-14T16:46:10.327+0000] {processor.py:183} INFO - Processing /opt/airflow/dags/amazon_books_elt.py took 0.426 seconds
[2025-09-14T16:46:40.711+0000] {processor.py:161} INFO - Started process (PID=1828) to work on /opt/airflow/dags/amazon_books_elt.py
[2025-09-14T16:46:40.714+0000] {processor.py:830} INFO - Processing file /opt/airflow/dags/amazon_books_elt.py for tasks to queue
[2025-09-14T16:46:40.715+0000] {logging_mixin.py:188} INFO - [2025-09-14T16:46:40.715+0000] {dagbag.py:545} INFO - Filling up the DagBag from /opt/airflow/dags/amazon_books_elt.py
[2025-09-14T16:46:41.093+0000] {processor.py:840} INFO - DAG(s) 'amazon_books_elt' retrieved from /opt/airflow/dags/amazon_books_elt.py
[2025-09-14T16:46:41.108+0000] {logging_mixin.py:188} INFO - [2025-09-14T16:46:41.108+0000] {dag.py:3096} INFO - Sync 1 DAGs
[2025-09-14T16:46:41.120+0000] {logging_mixin.py:188} INFO - [2025-09-14T16:46:41.120+0000] {dag.py:3954} INFO - Setting next_dagrun for amazon_books_elt to 2025-09-14 00:00:00+00:00, run_after=2025-09-15 00:00:00+00:00
[2025-09-14T16:46:41.132+0000] {processor.py:183} INFO - Processing /opt/airflow/dags/amazon_books_elt.py took 0.425 seconds
[2025-09-14T16:47:11.960+0000] {processor.py:161} INFO - Started process (PID=1848) to work on /opt/airflow/dags/amazon_books_elt.py
[2025-09-14T16:47:11.961+0000] {processor.py:830} INFO - Processing file /opt/airflow/dags/amazon_books_elt.py for tasks to queue
[2025-09-14T16:47:11.962+0000] {logging_mixin.py:188} INFO - [2025-09-14T16:47:11.962+0000] {dagbag.py:545} INFO - Filling up the DagBag from /opt/airflow/dags/amazon_books_elt.py
[2025-09-14T16:47:12.416+0000] {processor.py:840} INFO - DAG(s) 'amazon_books_elt' retrieved from /opt/airflow/dags/amazon_books_elt.py
[2025-09-14T16:47:12.431+0000] {logging_mixin.py:188} INFO - [2025-09-14T16:47:12.431+0000] {dag.py:3096} INFO - Sync 1 DAGs
[2025-09-14T16:47:12.444+0000] {logging_mixin.py:188} INFO - [2025-09-14T16:47:12.444+0000] {dag.py:3954} INFO - Setting next_dagrun for amazon_books_elt to 2025-09-14 00:00:00+00:00, run_after=2025-09-15 00:00:00+00:00
[2025-09-14T16:47:12.457+0000] {processor.py:183} INFO - Processing /opt/airflow/dags/amazon_books_elt.py took 0.501 seconds
[2025-09-14T16:47:42.774+0000] {processor.py:161} INFO - Started process (PID=1868) to work on /opt/airflow/dags/amazon_books_elt.py
[2025-09-14T16:47:42.779+0000] {processor.py:830} INFO - Processing file /opt/airflow/dags/amazon_books_elt.py for tasks to queue
[2025-09-14T16:47:42.780+0000] {logging_mixin.py:188} INFO - [2025-09-14T16:47:42.780+0000] {dagbag.py:545} INFO - Filling up the DagBag from /opt/airflow/dags/amazon_books_elt.py
[2025-09-14T16:47:43.203+0000] {processor.py:840} INFO - DAG(s) 'amazon_books_elt' retrieved from /opt/airflow/dags/amazon_books_elt.py
[2025-09-14T16:47:43.217+0000] {logging_mixin.py:188} INFO - [2025-09-14T16:47:43.217+0000] {dag.py:3096} INFO - Sync 1 DAGs
[2025-09-14T16:47:43.229+0000] {logging_mixin.py:188} INFO - [2025-09-14T16:47:43.229+0000] {dag.py:3954} INFO - Setting next_dagrun for amazon_books_elt to 2025-09-14 00:00:00+00:00, run_after=2025-09-15 00:00:00+00:00
[2025-09-14T16:47:43.239+0000] {processor.py:183} INFO - Processing /opt/airflow/dags/amazon_books_elt.py took 0.469 seconds
[2025-09-14T16:48:13.649+0000] {processor.py:161} INFO - Started process (PID=1888) to work on /opt/airflow/dags/amazon_books_elt.py
[2025-09-14T16:48:13.652+0000] {processor.py:830} INFO - Processing file /opt/airflow/dags/amazon_books_elt.py for tasks to queue
[2025-09-14T16:48:13.653+0000] {logging_mixin.py:188} INFO - [2025-09-14T16:48:13.653+0000] {dagbag.py:545} INFO - Filling up the DagBag from /opt/airflow/dags/amazon_books_elt.py
[2025-09-14T16:48:14.082+0000] {processor.py:840} INFO - DAG(s) 'amazon_books_elt' retrieved from /opt/airflow/dags/amazon_books_elt.py
[2025-09-14T16:48:14.102+0000] {logging_mixin.py:188} INFO - [2025-09-14T16:48:14.101+0000] {dag.py:3096} INFO - Sync 1 DAGs
[2025-09-14T16:48:14.118+0000] {logging_mixin.py:188} INFO - [2025-09-14T16:48:14.118+0000] {dag.py:3954} INFO - Setting next_dagrun for amazon_books_elt to 2025-09-14 00:00:00+00:00, run_after=2025-09-15 00:00:00+00:00
[2025-09-14T16:48:14.133+0000] {processor.py:183} INFO - Processing /opt/airflow/dags/amazon_books_elt.py took 0.488 seconds
[2025-09-14T16:48:27.883+0000] {processor.py:161} INFO - Started process (PID=1902) to work on /opt/airflow/dags/amazon_books_elt.py
[2025-09-14T16:48:27.888+0000] {processor.py:830} INFO - Processing file /opt/airflow/dags/amazon_books_elt.py for tasks to queue
[2025-09-14T16:48:27.889+0000] {logging_mixin.py:188} INFO - [2025-09-14T16:48:27.889+0000] {dagbag.py:545} INFO - Filling up the DagBag from /opt/airflow/dags/amazon_books_elt.py
[2025-09-14T16:48:28.342+0000] {processor.py:840} INFO - DAG(s) 'amazon_books_elt' retrieved from /opt/airflow/dags/amazon_books_elt.py
[2025-09-14T16:48:28.371+0000] {logging_mixin.py:188} INFO - [2025-09-14T16:48:28.371+0000] {dag.py:3096} INFO - Sync 1 DAGs
[2025-09-14T16:48:28.393+0000] {logging_mixin.py:188} INFO - [2025-09-14T16:48:28.392+0000] {dag.py:3954} INFO - Setting next_dagrun for amazon_books_elt to 2025-09-14 00:00:00+00:00, run_after=2025-09-15 00:00:00+00:00
[2025-09-14T16:48:28.419+0000] {processor.py:183} INFO - Processing /opt/airflow/dags/amazon_books_elt.py took 0.539 seconds
[2025-09-14T16:48:59.333+0000] {processor.py:161} INFO - Started process (PID=1922) to work on /opt/airflow/dags/amazon_books_elt.py
[2025-09-14T16:48:59.336+0000] {processor.py:830} INFO - Processing file /opt/airflow/dags/amazon_books_elt.py for tasks to queue
[2025-09-14T16:48:59.337+0000] {logging_mixin.py:188} INFO - [2025-09-14T16:48:59.337+0000] {dagbag.py:545} INFO - Filling up the DagBag from /opt/airflow/dags/amazon_books_elt.py
[2025-09-14T16:48:59.781+0000] {processor.py:840} INFO - DAG(s) 'amazon_books_elt' retrieved from /opt/airflow/dags/amazon_books_elt.py
[2025-09-14T16:48:59.797+0000] {logging_mixin.py:188} INFO - [2025-09-14T16:48:59.797+0000] {dag.py:3096} INFO - Sync 1 DAGs
[2025-09-14T16:48:59.811+0000] {logging_mixin.py:188} INFO - [2025-09-14T16:48:59.810+0000] {dag.py:3954} INFO - Setting next_dagrun for amazon_books_elt to 2025-09-14 00:00:00+00:00, run_after=2025-09-15 00:00:00+00:00
[2025-09-14T16:48:59.822+0000] {processor.py:183} INFO - Processing /opt/airflow/dags/amazon_books_elt.py took 0.493 seconds
[2025-09-14T16:49:29.895+0000] {processor.py:161} INFO - Started process (PID=1942) to work on /opt/airflow/dags/amazon_books_elt.py
[2025-09-14T16:49:29.896+0000] {processor.py:830} INFO - Processing file /opt/airflow/dags/amazon_books_elt.py for tasks to queue
[2025-09-14T16:49:29.897+0000] {logging_mixin.py:188} INFO - [2025-09-14T16:49:29.897+0000] {dagbag.py:545} INFO - Filling up the DagBag from /opt/airflow/dags/amazon_books_elt.py
[2025-09-14T16:49:30.273+0000] {processor.py:840} INFO - DAG(s) 'amazon_books_elt' retrieved from /opt/airflow/dags/amazon_books_elt.py
[2025-09-14T16:49:30.288+0000] {logging_mixin.py:188} INFO - [2025-09-14T16:49:30.288+0000] {dag.py:3096} INFO - Sync 1 DAGs
[2025-09-14T16:49:30.300+0000] {logging_mixin.py:188} INFO - [2025-09-14T16:49:30.300+0000] {dag.py:3954} INFO - Setting next_dagrun for amazon_books_elt to 2025-09-14 00:00:00+00:00, run_after=2025-09-15 00:00:00+00:00
[2025-09-14T16:49:30.314+0000] {processor.py:183} INFO - Processing /opt/airflow/dags/amazon_books_elt.py took 0.423 seconds
[2025-09-14T16:50:00.740+0000] {processor.py:161} INFO - Started process (PID=1962) to work on /opt/airflow/dags/amazon_books_elt.py
[2025-09-14T16:50:00.741+0000] {processor.py:830} INFO - Processing file /opt/airflow/dags/amazon_books_elt.py for tasks to queue
[2025-09-14T16:50:00.742+0000] {logging_mixin.py:188} INFO - [2025-09-14T16:50:00.742+0000] {dagbag.py:545} INFO - Filling up the DagBag from /opt/airflow/dags/amazon_books_elt.py
[2025-09-14T16:50:01.120+0000] {processor.py:840} INFO - DAG(s) 'amazon_books_elt' retrieved from /opt/airflow/dags/amazon_books_elt.py
[2025-09-14T16:50:01.135+0000] {logging_mixin.py:188} INFO - [2025-09-14T16:50:01.135+0000] {dag.py:3096} INFO - Sync 1 DAGs
[2025-09-14T16:50:01.147+0000] {logging_mixin.py:188} INFO - [2025-09-14T16:50:01.147+0000] {dag.py:3954} INFO - Setting next_dagrun for amazon_books_elt to 2025-09-14 00:00:00+00:00, run_after=2025-09-15 00:00:00+00:00
[2025-09-14T16:50:01.159+0000] {processor.py:183} INFO - Processing /opt/airflow/dags/amazon_books_elt.py took 0.423 seconds
[2025-09-14T16:50:32.064+0000] {processor.py:161} INFO - Started process (PID=1982) to work on /opt/airflow/dags/amazon_books_elt.py
[2025-09-14T16:50:32.067+0000] {processor.py:830} INFO - Processing file /opt/airflow/dags/amazon_books_elt.py for tasks to queue
[2025-09-14T16:50:32.068+0000] {logging_mixin.py:188} INFO - [2025-09-14T16:50:32.068+0000] {dagbag.py:545} INFO - Filling up the DagBag from /opt/airflow/dags/amazon_books_elt.py
[2025-09-14T16:50:32.441+0000] {processor.py:840} INFO - DAG(s) 'amazon_books_elt' retrieved from /opt/airflow/dags/amazon_books_elt.py
[2025-09-14T16:50:32.456+0000] {logging_mixin.py:188} INFO - [2025-09-14T16:50:32.456+0000] {dag.py:3096} INFO - Sync 1 DAGs
[2025-09-14T16:50:32.469+0000] {logging_mixin.py:188} INFO - [2025-09-14T16:50:32.469+0000] {dag.py:3954} INFO - Setting next_dagrun for amazon_books_elt to 2025-09-14 00:00:00+00:00, run_after=2025-09-15 00:00:00+00:00
[2025-09-14T16:50:32.479+0000] {processor.py:183} INFO - Processing /opt/airflow/dags/amazon_books_elt.py took 0.418 seconds
[2025-09-14T16:51:02.927+0000] {processor.py:161} INFO - Started process (PID=2002) to work on /opt/airflow/dags/amazon_books_elt.py
[2025-09-14T16:51:02.927+0000] {processor.py:830} INFO - Processing file /opt/airflow/dags/amazon_books_elt.py for tasks to queue
[2025-09-14T16:51:02.929+0000] {logging_mixin.py:188} INFO - [2025-09-14T16:51:02.928+0000] {dagbag.py:545} INFO - Filling up the DagBag from /opt/airflow/dags/amazon_books_elt.py
[2025-09-14T16:51:03.314+0000] {processor.py:840} INFO - DAG(s) 'amazon_books_elt' retrieved from /opt/airflow/dags/amazon_books_elt.py
[2025-09-14T16:51:03.329+0000] {logging_mixin.py:188} INFO - [2025-09-14T16:51:03.328+0000] {dag.py:3096} INFO - Sync 1 DAGs
[2025-09-14T16:51:03.341+0000] {logging_mixin.py:188} INFO - [2025-09-14T16:51:03.340+0000] {dag.py:3954} INFO - Setting next_dagrun for amazon_books_elt to 2025-09-14 00:00:00+00:00, run_after=2025-09-15 00:00:00+00:00
[2025-09-14T16:51:03.352+0000] {processor.py:183} INFO - Processing /opt/airflow/dags/amazon_books_elt.py took 0.429 seconds
[2025-09-14T16:51:34.247+0000] {processor.py:161} INFO - Started process (PID=2022) to work on /opt/airflow/dags/amazon_books_elt.py
[2025-09-14T16:51:34.248+0000] {processor.py:830} INFO - Processing file /opt/airflow/dags/amazon_books_elt.py for tasks to queue
[2025-09-14T16:51:34.250+0000] {logging_mixin.py:188} INFO - [2025-09-14T16:51:34.250+0000] {dagbag.py:545} INFO - Filling up the DagBag from /opt/airflow/dags/amazon_books_elt.py
[2025-09-14T16:51:34.653+0000] {processor.py:840} INFO - DAG(s) 'amazon_books_elt' retrieved from /opt/airflow/dags/amazon_books_elt.py
[2025-09-14T16:51:34.669+0000] {logging_mixin.py:188} INFO - [2025-09-14T16:51:34.669+0000] {dag.py:3096} INFO - Sync 1 DAGs
[2025-09-14T16:51:34.682+0000] {logging_mixin.py:188} INFO - [2025-09-14T16:51:34.682+0000] {dag.py:3954} INFO - Setting next_dagrun for amazon_books_elt to 2025-09-14 00:00:00+00:00, run_after=2025-09-15 00:00:00+00:00
[2025-09-14T16:51:34.693+0000] {processor.py:183} INFO - Processing /opt/airflow/dags/amazon_books_elt.py took 0.449 seconds
[2025-09-14T16:52:05.140+0000] {processor.py:161} INFO - Started process (PID=2042) to work on /opt/airflow/dags/amazon_books_elt.py
[2025-09-14T16:52:05.140+0000] {processor.py:830} INFO - Processing file /opt/airflow/dags/amazon_books_elt.py for tasks to queue
[2025-09-14T16:52:05.142+0000] {logging_mixin.py:188} INFO - [2025-09-14T16:52:05.142+0000] {dagbag.py:545} INFO - Filling up the DagBag from /opt/airflow/dags/amazon_books_elt.py
[2025-09-14T16:52:05.532+0000] {processor.py:840} INFO - DAG(s) 'amazon_books_elt' retrieved from /opt/airflow/dags/amazon_books_elt.py
[2025-09-14T16:52:05.549+0000] {logging_mixin.py:188} INFO - [2025-09-14T16:52:05.548+0000] {dag.py:3096} INFO - Sync 1 DAGs
[2025-09-14T16:52:05.562+0000] {logging_mixin.py:188} INFO - [2025-09-14T16:52:05.562+0000] {dag.py:3954} INFO - Setting next_dagrun for amazon_books_elt to 2025-09-14 00:00:00+00:00, run_after=2025-09-15 00:00:00+00:00
[2025-09-14T16:52:05.576+0000] {processor.py:183} INFO - Processing /opt/airflow/dags/amazon_books_elt.py took 0.441 seconds
[2025-09-14T16:52:36.019+0000] {processor.py:161} INFO - Started process (PID=2062) to work on /opt/airflow/dags/amazon_books_elt.py
[2025-09-14T16:52:36.019+0000] {processor.py:830} INFO - Processing file /opt/airflow/dags/amazon_books_elt.py for tasks to queue
[2025-09-14T16:52:36.021+0000] {logging_mixin.py:188} INFO - [2025-09-14T16:52:36.020+0000] {dagbag.py:545} INFO - Filling up the DagBag from /opt/airflow/dags/amazon_books_elt.py
[2025-09-14T16:52:36.401+0000] {processor.py:840} INFO - DAG(s) 'amazon_books_elt' retrieved from /opt/airflow/dags/amazon_books_elt.py
[2025-09-14T16:52:36.416+0000] {logging_mixin.py:188} INFO - [2025-09-14T16:52:36.416+0000] {dag.py:3096} INFO - Sync 1 DAGs
[2025-09-14T16:52:36.429+0000] {logging_mixin.py:188} INFO - [2025-09-14T16:52:36.429+0000] {dag.py:3954} INFO - Setting next_dagrun for amazon_books_elt to 2025-09-14 00:00:00+00:00, run_after=2025-09-15 00:00:00+00:00
[2025-09-14T16:52:36.439+0000] {processor.py:183} INFO - Processing /opt/airflow/dags/amazon_books_elt.py took 0.424 seconds
[2025-09-14T16:53:06.902+0000] {processor.py:161} INFO - Started process (PID=2082) to work on /opt/airflow/dags/amazon_books_elt.py
[2025-09-14T16:53:06.905+0000] {processor.py:830} INFO - Processing file /opt/airflow/dags/amazon_books_elt.py for tasks to queue
[2025-09-14T16:53:06.906+0000] {logging_mixin.py:188} INFO - [2025-09-14T16:53:06.906+0000] {dagbag.py:545} INFO - Filling up the DagBag from /opt/airflow/dags/amazon_books_elt.py
[2025-09-14T16:53:07.265+0000] {processor.py:840} INFO - DAG(s) 'amazon_books_elt' retrieved from /opt/airflow/dags/amazon_books_elt.py
[2025-09-14T16:53:07.280+0000] {logging_mixin.py:188} INFO - [2025-09-14T16:53:07.279+0000] {dag.py:3096} INFO - Sync 1 DAGs
[2025-09-14T16:53:07.292+0000] {logging_mixin.py:188} INFO - [2025-09-14T16:53:07.292+0000] {dag.py:3954} INFO - Setting next_dagrun for amazon_books_elt to 2025-09-14 00:00:00+00:00, run_after=2025-09-15 00:00:00+00:00
[2025-09-14T16:53:07.303+0000] {processor.py:183} INFO - Processing /opt/airflow/dags/amazon_books_elt.py took 0.404 seconds
[2025-09-14T16:53:37.795+0000] {processor.py:161} INFO - Started process (PID=2102) to work on /opt/airflow/dags/amazon_books_elt.py
[2025-09-14T16:53:37.796+0000] {processor.py:830} INFO - Processing file /opt/airflow/dags/amazon_books_elt.py for tasks to queue
[2025-09-14T16:53:37.797+0000] {logging_mixin.py:188} INFO - [2025-09-14T16:53:37.797+0000] {dagbag.py:545} INFO - Filling up the DagBag from /opt/airflow/dags/amazon_books_elt.py
[2025-09-14T16:53:38.158+0000] {processor.py:840} INFO - DAG(s) 'amazon_books_elt' retrieved from /opt/airflow/dags/amazon_books_elt.py
[2025-09-14T16:53:38.174+0000] {logging_mixin.py:188} INFO - [2025-09-14T16:53:38.174+0000] {dag.py:3096} INFO - Sync 1 DAGs
[2025-09-14T16:53:38.188+0000] {logging_mixin.py:188} INFO - [2025-09-14T16:53:38.188+0000] {dag.py:3954} INFO - Setting next_dagrun for amazon_books_elt to 2025-09-14 00:00:00+00:00, run_after=2025-09-15 00:00:00+00:00
[2025-09-14T16:53:38.201+0000] {processor.py:183} INFO - Processing /opt/airflow/dags/amazon_books_elt.py took 0.409 seconds
[2025-09-14T16:54:09.057+0000] {processor.py:161} INFO - Started process (PID=2123) to work on /opt/airflow/dags/amazon_books_elt.py
[2025-09-14T16:54:09.059+0000] {processor.py:830} INFO - Processing file /opt/airflow/dags/amazon_books_elt.py for tasks to queue
[2025-09-14T16:54:09.061+0000] {logging_mixin.py:188} INFO - [2025-09-14T16:54:09.060+0000] {dagbag.py:545} INFO - Filling up the DagBag from /opt/airflow/dags/amazon_books_elt.py
[2025-09-14T16:54:09.442+0000] {processor.py:840} INFO - DAG(s) 'amazon_books_elt' retrieved from /opt/airflow/dags/amazon_books_elt.py
[2025-09-14T16:54:09.458+0000] {logging_mixin.py:188} INFO - [2025-09-14T16:54:09.457+0000] {dag.py:3096} INFO - Sync 1 DAGs
[2025-09-14T16:54:09.471+0000] {logging_mixin.py:188} INFO - [2025-09-14T16:54:09.470+0000] {dag.py:3954} INFO - Setting next_dagrun for amazon_books_elt to 2025-09-14 00:00:00+00:00, run_after=2025-09-15 00:00:00+00:00
[2025-09-14T16:54:09.482+0000] {processor.py:183} INFO - Processing /opt/airflow/dags/amazon_books_elt.py took 0.429 seconds
[2025-09-14T16:54:39.957+0000] {processor.py:161} INFO - Started process (PID=2143) to work on /opt/airflow/dags/amazon_books_elt.py
[2025-09-14T16:54:39.960+0000] {processor.py:830} INFO - Processing file /opt/airflow/dags/amazon_books_elt.py for tasks to queue
[2025-09-14T16:54:39.961+0000] {logging_mixin.py:188} INFO - [2025-09-14T16:54:39.961+0000] {dagbag.py:545} INFO - Filling up the DagBag from /opt/airflow/dags/amazon_books_elt.py
[2025-09-14T16:54:40.325+0000] {processor.py:840} INFO - DAG(s) 'amazon_books_elt' retrieved from /opt/airflow/dags/amazon_books_elt.py
[2025-09-14T16:54:40.340+0000] {logging_mixin.py:188} INFO - [2025-09-14T16:54:40.339+0000] {dag.py:3096} INFO - Sync 1 DAGs
[2025-09-14T16:54:40.352+0000] {logging_mixin.py:188} INFO - [2025-09-14T16:54:40.352+0000] {dag.py:3954} INFO - Setting next_dagrun for amazon_books_elt to 2025-09-14 00:00:00+00:00, run_after=2025-09-15 00:00:00+00:00
[2025-09-14T16:54:40.362+0000] {processor.py:183} INFO - Processing /opt/airflow/dags/amazon_books_elt.py took 0.409 seconds
[2025-09-14T16:55:10.871+0000] {processor.py:161} INFO - Started process (PID=2163) to work on /opt/airflow/dags/amazon_books_elt.py
[2025-09-14T16:55:10.873+0000] {processor.py:830} INFO - Processing file /opt/airflow/dags/amazon_books_elt.py for tasks to queue
[2025-09-14T16:55:10.875+0000] {logging_mixin.py:188} INFO - [2025-09-14T16:55:10.874+0000] {dagbag.py:545} INFO - Filling up the DagBag from /opt/airflow/dags/amazon_books_elt.py
[2025-09-14T16:55:11.234+0000] {processor.py:840} INFO - DAG(s) 'amazon_books_elt' retrieved from /opt/airflow/dags/amazon_books_elt.py
[2025-09-14T16:55:11.249+0000] {logging_mixin.py:188} INFO - [2025-09-14T16:55:11.248+0000] {dag.py:3096} INFO - Sync 1 DAGs
[2025-09-14T16:55:11.261+0000] {logging_mixin.py:188} INFO - [2025-09-14T16:55:11.260+0000] {dag.py:3954} INFO - Setting next_dagrun for amazon_books_elt to 2025-09-14 00:00:00+00:00, run_after=2025-09-15 00:00:00+00:00
[2025-09-14T16:55:11.271+0000] {processor.py:183} INFO - Processing /opt/airflow/dags/amazon_books_elt.py took 0.403 seconds
[2025-09-14T16:55:42.178+0000] {processor.py:161} INFO - Started process (PID=2183) to work on /opt/airflow/dags/amazon_books_elt.py
[2025-09-14T16:55:42.179+0000] {processor.py:830} INFO - Processing file /opt/airflow/dags/amazon_books_elt.py for tasks to queue
[2025-09-14T16:55:42.180+0000] {logging_mixin.py:188} INFO - [2025-09-14T16:55:42.180+0000] {dagbag.py:545} INFO - Filling up the DagBag from /opt/airflow/dags/amazon_books_elt.py
[2025-09-14T16:55:42.542+0000] {processor.py:840} INFO - DAG(s) 'amazon_books_elt' retrieved from /opt/airflow/dags/amazon_books_elt.py
[2025-09-14T16:55:42.557+0000] {logging_mixin.py:188} INFO - [2025-09-14T16:55:42.557+0000] {dag.py:3096} INFO - Sync 1 DAGs
[2025-09-14T16:55:42.569+0000] {logging_mixin.py:188} INFO - [2025-09-14T16:55:42.569+0000] {dag.py:3954} INFO - Setting next_dagrun for amazon_books_elt to 2025-09-14 00:00:00+00:00, run_after=2025-09-15 00:00:00+00:00
[2025-09-14T16:55:42.599+0000] {processor.py:183} INFO - Processing /opt/airflow/dags/amazon_books_elt.py took 0.424 seconds
[2025-09-14T16:56:13.055+0000] {processor.py:161} INFO - Started process (PID=2203) to work on /opt/airflow/dags/amazon_books_elt.py
[2025-09-14T16:56:13.056+0000] {processor.py:830} INFO - Processing file /opt/airflow/dags/amazon_books_elt.py for tasks to queue
[2025-09-14T16:56:13.057+0000] {logging_mixin.py:188} INFO - [2025-09-14T16:56:13.057+0000] {dagbag.py:545} INFO - Filling up the DagBag from /opt/airflow/dags/amazon_books_elt.py
[2025-09-14T16:56:13.436+0000] {processor.py:840} INFO - DAG(s) 'amazon_books_elt' retrieved from /opt/airflow/dags/amazon_books_elt.py
[2025-09-14T16:56:13.451+0000] {logging_mixin.py:188} INFO - [2025-09-14T16:56:13.450+0000] {dag.py:3096} INFO - Sync 1 DAGs
[2025-09-14T16:56:13.464+0000] {logging_mixin.py:188} INFO - [2025-09-14T16:56:13.464+0000] {dag.py:3954} INFO - Setting next_dagrun for amazon_books_elt to 2025-09-14 00:00:00+00:00, run_after=2025-09-15 00:00:00+00:00
[2025-09-14T16:56:13.474+0000] {processor.py:183} INFO - Processing /opt/airflow/dags/amazon_books_elt.py took 0.423 seconds
[2025-09-14T16:56:43.904+0000] {processor.py:161} INFO - Started process (PID=2223) to work on /opt/airflow/dags/amazon_books_elt.py
[2025-09-14T16:56:43.907+0000] {processor.py:830} INFO - Processing file /opt/airflow/dags/amazon_books_elt.py for tasks to queue
[2025-09-14T16:56:43.908+0000] {logging_mixin.py:188} INFO - [2025-09-14T16:56:43.907+0000] {dagbag.py:545} INFO - Filling up the DagBag from /opt/airflow/dags/amazon_books_elt.py
[2025-09-14T16:56:44.296+0000] {processor.py:840} INFO - DAG(s) 'amazon_books_elt' retrieved from /opt/airflow/dags/amazon_books_elt.py
[2025-09-14T16:56:44.313+0000] {logging_mixin.py:188} INFO - [2025-09-14T16:56:44.312+0000] {dag.py:3096} INFO - Sync 1 DAGs
[2025-09-14T16:56:44.325+0000] {logging_mixin.py:188} INFO - [2025-09-14T16:56:44.325+0000] {dag.py:3954} INFO - Setting next_dagrun for amazon_books_elt to 2025-09-14 00:00:00+00:00, run_after=2025-09-15 00:00:00+00:00
[2025-09-14T16:56:44.335+0000] {processor.py:183} INFO - Processing /opt/airflow/dags/amazon_books_elt.py took 0.435 seconds
[2025-09-14T16:57:15.174+0000] {processor.py:161} INFO - Started process (PID=2243) to work on /opt/airflow/dags/amazon_books_elt.py
[2025-09-14T16:57:15.176+0000] {processor.py:830} INFO - Processing file /opt/airflow/dags/amazon_books_elt.py for tasks to queue
[2025-09-14T16:57:15.177+0000] {logging_mixin.py:188} INFO - [2025-09-14T16:57:15.177+0000] {dagbag.py:545} INFO - Filling up the DagBag from /opt/airflow/dags/amazon_books_elt.py
[2025-09-14T16:57:15.552+0000] {processor.py:840} INFO - DAG(s) 'amazon_books_elt' retrieved from /opt/airflow/dags/amazon_books_elt.py
[2025-09-14T16:57:15.567+0000] {logging_mixin.py:188} INFO - [2025-09-14T16:57:15.566+0000] {dag.py:3096} INFO - Sync 1 DAGs
[2025-09-14T16:57:15.579+0000] {logging_mixin.py:188} INFO - [2025-09-14T16:57:15.579+0000] {dag.py:3954} INFO - Setting next_dagrun for amazon_books_elt to 2025-09-14 00:00:00+00:00, run_after=2025-09-15 00:00:00+00:00
[2025-09-14T16:57:15.589+0000] {processor.py:183} INFO - Processing /opt/airflow/dags/amazon_books_elt.py took 0.418 seconds
[2025-09-14T16:57:45.692+0000] {processor.py:161} INFO - Started process (PID=2263) to work on /opt/airflow/dags/amazon_books_elt.py
[2025-09-14T16:57:45.693+0000] {processor.py:830} INFO - Processing file /opt/airflow/dags/amazon_books_elt.py for tasks to queue
[2025-09-14T16:57:45.694+0000] {logging_mixin.py:188} INFO - [2025-09-14T16:57:45.694+0000] {dagbag.py:545} INFO - Filling up the DagBag from /opt/airflow/dags/amazon_books_elt.py
[2025-09-14T16:57:46.058+0000] {processor.py:840} INFO - DAG(s) 'amazon_books_elt' retrieved from /opt/airflow/dags/amazon_books_elt.py
[2025-09-14T16:57:46.074+0000] {logging_mixin.py:188} INFO - [2025-09-14T16:57:46.074+0000] {dag.py:3096} INFO - Sync 1 DAGs
[2025-09-14T16:57:46.086+0000] {logging_mixin.py:188} INFO - [2025-09-14T16:57:46.086+0000] {dag.py:3954} INFO - Setting next_dagrun for amazon_books_elt to 2025-09-14 00:00:00+00:00, run_after=2025-09-15 00:00:00+00:00
[2025-09-14T16:57:46.100+0000] {processor.py:183} INFO - Processing /opt/airflow/dags/amazon_books_elt.py took 0.411 seconds
[2025-09-14T16:58:16.438+0000] {processor.py:161} INFO - Started process (PID=2283) to work on /opt/airflow/dags/amazon_books_elt.py
[2025-09-14T16:58:16.439+0000] {processor.py:830} INFO - Processing file /opt/airflow/dags/amazon_books_elt.py for tasks to queue
[2025-09-14T16:58:16.440+0000] {logging_mixin.py:188} INFO - [2025-09-14T16:58:16.440+0000] {dagbag.py:545} INFO - Filling up the DagBag from /opt/airflow/dags/amazon_books_elt.py
[2025-09-14T16:58:16.824+0000] {processor.py:840} INFO - DAG(s) 'amazon_books_elt' retrieved from /opt/airflow/dags/amazon_books_elt.py
[2025-09-14T16:58:16.839+0000] {logging_mixin.py:188} INFO - [2025-09-14T16:58:16.838+0000] {dag.py:3096} INFO - Sync 1 DAGs
[2025-09-14T16:58:16.851+0000] {logging_mixin.py:188} INFO - [2025-09-14T16:58:16.851+0000] {dag.py:3954} INFO - Setting next_dagrun for amazon_books_elt to 2025-09-14 00:00:00+00:00, run_after=2025-09-15 00:00:00+00:00
[2025-09-14T16:58:16.863+0000] {processor.py:183} INFO - Processing /opt/airflow/dags/amazon_books_elt.py took 0.428 seconds
[2025-09-14T16:58:47.670+0000] {processor.py:161} INFO - Started process (PID=2303) to work on /opt/airflow/dags/amazon_books_elt.py
[2025-09-14T16:58:47.672+0000] {processor.py:830} INFO - Processing file /opt/airflow/dags/amazon_books_elt.py for tasks to queue
[2025-09-14T16:58:47.674+0000] {logging_mixin.py:188} INFO - [2025-09-14T16:58:47.673+0000] {dagbag.py:545} INFO - Filling up the DagBag from /opt/airflow/dags/amazon_books_elt.py
[2025-09-14T16:58:48.033+0000] {processor.py:840} INFO - DAG(s) 'amazon_books_elt' retrieved from /opt/airflow/dags/amazon_books_elt.py
[2025-09-14T16:58:48.048+0000] {logging_mixin.py:188} INFO - [2025-09-14T16:58:48.047+0000] {dag.py:3096} INFO - Sync 1 DAGs
[2025-09-14T16:58:48.060+0000] {logging_mixin.py:188} INFO - [2025-09-14T16:58:48.060+0000] {dag.py:3954} INFO - Setting next_dagrun for amazon_books_elt to 2025-09-14 00:00:00+00:00, run_after=2025-09-15 00:00:00+00:00
[2025-09-14T16:58:48.072+0000] {processor.py:183} INFO - Processing /opt/airflow/dags/amazon_books_elt.py took 0.406 seconds
[2025-09-14T16:59:18.478+0000] {processor.py:161} INFO - Started process (PID=2323) to work on /opt/airflow/dags/amazon_books_elt.py
[2025-09-14T16:59:18.479+0000] {processor.py:830} INFO - Processing file /opt/airflow/dags/amazon_books_elt.py for tasks to queue
[2025-09-14T16:59:18.480+0000] {logging_mixin.py:188} INFO - [2025-09-14T16:59:18.480+0000] {dagbag.py:545} INFO - Filling up the DagBag from /opt/airflow/dags/amazon_books_elt.py
[2025-09-14T16:59:18.868+0000] {processor.py:840} INFO - DAG(s) 'amazon_books_elt' retrieved from /opt/airflow/dags/amazon_books_elt.py
[2025-09-14T16:59:18.884+0000] {logging_mixin.py:188} INFO - [2025-09-14T16:59:18.883+0000] {dag.py:3096} INFO - Sync 1 DAGs
[2025-09-14T16:59:18.898+0000] {logging_mixin.py:188} INFO - [2025-09-14T16:59:18.898+0000] {dag.py:3954} INFO - Setting next_dagrun for amazon_books_elt to 2025-09-14 00:00:00+00:00, run_after=2025-09-15 00:00:00+00:00
[2025-09-14T16:59:18.911+0000] {processor.py:183} INFO - Processing /opt/airflow/dags/amazon_books_elt.py took 0.437 seconds
[2025-09-14T16:59:49.715+0000] {processor.py:161} INFO - Started process (PID=2343) to work on /opt/airflow/dags/amazon_books_elt.py
[2025-09-14T16:59:49.718+0000] {processor.py:830} INFO - Processing file /opt/airflow/dags/amazon_books_elt.py for tasks to queue
[2025-09-14T16:59:49.719+0000] {logging_mixin.py:188} INFO - [2025-09-14T16:59:49.719+0000] {dagbag.py:545} INFO - Filling up the DagBag from /opt/airflow/dags/amazon_books_elt.py
[2025-09-14T16:59:50.107+0000] {processor.py:840} INFO - DAG(s) 'amazon_books_elt' retrieved from /opt/airflow/dags/amazon_books_elt.py
[2025-09-14T16:59:50.129+0000] {logging_mixin.py:188} INFO - [2025-09-14T16:59:50.129+0000] {dag.py:3096} INFO - Sync 1 DAGs
[2025-09-14T16:59:50.148+0000] {logging_mixin.py:188} INFO - [2025-09-14T16:59:50.148+0000] {dag.py:3954} INFO - Setting next_dagrun for amazon_books_elt to 2025-09-14 00:00:00+00:00, run_after=2025-09-15 00:00:00+00:00
[2025-09-14T16:59:50.165+0000] {processor.py:183} INFO - Processing /opt/airflow/dags/amazon_books_elt.py took 0.454 seconds
[2025-09-14T17:00:20.529+0000] {processor.py:161} INFO - Started process (PID=2363) to work on /opt/airflow/dags/amazon_books_elt.py
[2025-09-14T17:00:20.529+0000] {processor.py:830} INFO - Processing file /opt/airflow/dags/amazon_books_elt.py for tasks to queue
[2025-09-14T17:00:20.530+0000] {logging_mixin.py:188} INFO - [2025-09-14T17:00:20.530+0000] {dagbag.py:545} INFO - Filling up the DagBag from /opt/airflow/dags/amazon_books_elt.py
[2025-09-14T17:00:20.895+0000] {processor.py:840} INFO - DAG(s) 'amazon_books_elt' retrieved from /opt/airflow/dags/amazon_books_elt.py
[2025-09-14T17:00:20.910+0000] {logging_mixin.py:188} INFO - [2025-09-14T17:00:20.909+0000] {dag.py:3096} INFO - Sync 1 DAGs
[2025-09-14T17:00:20.922+0000] {logging_mixin.py:188} INFO - [2025-09-14T17:00:20.922+0000] {dag.py:3954} INFO - Setting next_dagrun for amazon_books_elt to 2025-09-14 00:00:00+00:00, run_after=2025-09-15 00:00:00+00:00
[2025-09-14T17:00:20.931+0000] {processor.py:183} INFO - Processing /opt/airflow/dags/amazon_books_elt.py took 0.406 seconds
[2025-09-14T17:00:51.342+0000] {processor.py:161} INFO - Started process (PID=2383) to work on /opt/airflow/dags/amazon_books_elt.py
[2025-09-14T17:00:51.343+0000] {processor.py:830} INFO - Processing file /opt/airflow/dags/amazon_books_elt.py for tasks to queue
[2025-09-14T17:00:51.344+0000] {logging_mixin.py:188} INFO - [2025-09-14T17:00:51.344+0000] {dagbag.py:545} INFO - Filling up the DagBag from /opt/airflow/dags/amazon_books_elt.py
[2025-09-14T17:00:51.715+0000] {processor.py:840} INFO - DAG(s) 'amazon_books_elt' retrieved from /opt/airflow/dags/amazon_books_elt.py
[2025-09-14T17:00:51.731+0000] {logging_mixin.py:188} INFO - [2025-09-14T17:00:51.731+0000] {dag.py:3096} INFO - Sync 1 DAGs
[2025-09-14T17:00:51.744+0000] {logging_mixin.py:188} INFO - [2025-09-14T17:00:51.744+0000] {dag.py:3954} INFO - Setting next_dagrun for amazon_books_elt to 2025-09-14 00:00:00+00:00, run_after=2025-09-15 00:00:00+00:00
[2025-09-14T17:00:51.756+0000] {processor.py:183} INFO - Processing /opt/airflow/dags/amazon_books_elt.py took 0.418 seconds
[2025-09-14T17:01:22.589+0000] {processor.py:161} INFO - Started process (PID=2402) to work on /opt/airflow/dags/amazon_books_elt.py
[2025-09-14T17:01:22.590+0000] {processor.py:830} INFO - Processing file /opt/airflow/dags/amazon_books_elt.py for tasks to queue
[2025-09-14T17:01:22.591+0000] {logging_mixin.py:188} INFO - [2025-09-14T17:01:22.591+0000] {dagbag.py:545} INFO - Filling up the DagBag from /opt/airflow/dags/amazon_books_elt.py
[2025-09-14T17:01:22.953+0000] {processor.py:840} INFO - DAG(s) 'amazon_books_elt' retrieved from /opt/airflow/dags/amazon_books_elt.py
[2025-09-14T17:01:22.968+0000] {logging_mixin.py:188} INFO - [2025-09-14T17:01:22.967+0000] {dag.py:3096} INFO - Sync 1 DAGs
[2025-09-14T17:01:22.981+0000] {logging_mixin.py:188} INFO - [2025-09-14T17:01:22.981+0000] {dag.py:3954} INFO - Setting next_dagrun for amazon_books_elt to 2025-09-14 00:00:00+00:00, run_after=2025-09-15 00:00:00+00:00
[2025-09-14T17:01:22.992+0000] {processor.py:183} INFO - Processing /opt/airflow/dags/amazon_books_elt.py took 0.407 seconds
[2025-09-14T17:01:53.410+0000] {processor.py:161} INFO - Started process (PID=2422) to work on /opt/airflow/dags/amazon_books_elt.py
[2025-09-14T17:01:53.411+0000] {processor.py:830} INFO - Processing file /opt/airflow/dags/amazon_books_elt.py for tasks to queue
[2025-09-14T17:01:53.412+0000] {logging_mixin.py:188} INFO - [2025-09-14T17:01:53.412+0000] {dagbag.py:545} INFO - Filling up the DagBag from /opt/airflow/dags/amazon_books_elt.py
[2025-09-14T17:01:53.774+0000] {processor.py:840} INFO - DAG(s) 'amazon_books_elt' retrieved from /opt/airflow/dags/amazon_books_elt.py
[2025-09-14T17:01:53.789+0000] {logging_mixin.py:188} INFO - [2025-09-14T17:01:53.788+0000] {dag.py:3096} INFO - Sync 1 DAGs
[2025-09-14T17:01:53.801+0000] {logging_mixin.py:188} INFO - [2025-09-14T17:01:53.801+0000] {dag.py:3954} INFO - Setting next_dagrun for amazon_books_elt to 2025-09-14 00:00:00+00:00, run_after=2025-09-15 00:00:00+00:00
[2025-09-14T17:01:53.812+0000] {processor.py:183} INFO - Processing /opt/airflow/dags/amazon_books_elt.py took 0.406 seconds
[2025-09-14T17:02:24.637+0000] {processor.py:161} INFO - Started process (PID=2442) to work on /opt/airflow/dags/amazon_books_elt.py
[2025-09-14T17:02:24.637+0000] {processor.py:830} INFO - Processing file /opt/airflow/dags/amazon_books_elt.py for tasks to queue
[2025-09-14T17:02:24.639+0000] {logging_mixin.py:188} INFO - [2025-09-14T17:02:24.638+0000] {dagbag.py:545} INFO - Filling up the DagBag from /opt/airflow/dags/amazon_books_elt.py
[2025-09-14T17:02:25.003+0000] {processor.py:840} INFO - DAG(s) 'amazon_books_elt' retrieved from /opt/airflow/dags/amazon_books_elt.py
[2025-09-14T17:02:25.018+0000] {logging_mixin.py:188} INFO - [2025-09-14T17:02:25.018+0000] {dag.py:3096} INFO - Sync 1 DAGs
[2025-09-14T17:02:25.030+0000] {logging_mixin.py:188} INFO - [2025-09-14T17:02:25.030+0000] {dag.py:3954} INFO - Setting next_dagrun for amazon_books_elt to 2025-09-14 00:00:00+00:00, run_after=2025-09-15 00:00:00+00:00
[2025-09-14T17:02:25.041+0000] {processor.py:183} INFO - Processing /opt/airflow/dags/amazon_books_elt.py took 0.407 seconds
[2025-09-14T17:02:55.447+0000] {processor.py:161} INFO - Started process (PID=2462) to work on /opt/airflow/dags/amazon_books_elt.py
[2025-09-14T17:02:55.450+0000] {processor.py:830} INFO - Processing file /opt/airflow/dags/amazon_books_elt.py for tasks to queue
[2025-09-14T17:02:55.451+0000] {logging_mixin.py:188} INFO - [2025-09-14T17:02:55.451+0000] {dagbag.py:545} INFO - Filling up the DagBag from /opt/airflow/dags/amazon_books_elt.py
[2025-09-14T17:02:55.818+0000] {processor.py:840} INFO - DAG(s) 'amazon_books_elt' retrieved from /opt/airflow/dags/amazon_books_elt.py
[2025-09-14T17:02:55.833+0000] {logging_mixin.py:188} INFO - [2025-09-14T17:02:55.833+0000] {dag.py:3096} INFO - Sync 1 DAGs
[2025-09-14T17:02:55.845+0000] {logging_mixin.py:188} INFO - [2025-09-14T17:02:55.845+0000] {dag.py:3954} INFO - Setting next_dagrun for amazon_books_elt to 2025-09-14 00:00:00+00:00, run_after=2025-09-15 00:00:00+00:00
[2025-09-14T17:02:55.856+0000] {processor.py:183} INFO - Processing /opt/airflow/dags/amazon_books_elt.py took 0.412 seconds
[2025-09-14T17:03:26.685+0000] {processor.py:161} INFO - Started process (PID=2482) to work on /opt/airflow/dags/amazon_books_elt.py
[2025-09-14T17:03:26.689+0000] {processor.py:830} INFO - Processing file /opt/airflow/dags/amazon_books_elt.py for tasks to queue
[2025-09-14T17:03:26.690+0000] {logging_mixin.py:188} INFO - [2025-09-14T17:03:26.690+0000] {dagbag.py:545} INFO - Filling up the DagBag from /opt/airflow/dags/amazon_books_elt.py
[2025-09-14T17:03:27.106+0000] {processor.py:840} INFO - DAG(s) 'amazon_books_elt' retrieved from /opt/airflow/dags/amazon_books_elt.py
[2025-09-14T17:03:27.122+0000] {logging_mixin.py:188} INFO - [2025-09-14T17:03:27.121+0000] {dag.py:3096} INFO - Sync 1 DAGs
[2025-09-14T17:03:27.135+0000] {logging_mixin.py:188} INFO - [2025-09-14T17:03:27.134+0000] {dag.py:3954} INFO - Setting next_dagrun for amazon_books_elt to 2025-09-14 00:00:00+00:00, run_after=2025-09-15 00:00:00+00:00
[2025-09-14T17:03:27.144+0000] {processor.py:183} INFO - Processing /opt/airflow/dags/amazon_books_elt.py took 0.463 seconds
[2025-09-14T17:03:33.716+0000] {processor.py:161} INFO - Started process (PID=2490) to work on /opt/airflow/dags/amazon_books_elt.py
[2025-09-14T17:03:33.717+0000] {processor.py:830} INFO - Processing file /opt/airflow/dags/amazon_books_elt.py for tasks to queue
[2025-09-14T17:03:33.719+0000] {logging_mixin.py:188} INFO - [2025-09-14T17:03:33.719+0000] {dagbag.py:545} INFO - Filling up the DagBag from /opt/airflow/dags/amazon_books_elt.py
[2025-09-14T17:03:34.131+0000] {processor.py:840} INFO - DAG(s) 'amazon_books_elt' retrieved from /opt/airflow/dags/amazon_books_elt.py
[2025-09-14T17:03:34.147+0000] {logging_mixin.py:188} INFO - [2025-09-14T17:03:34.146+0000] {dag.py:3096} INFO - Sync 1 DAGs
[2025-09-14T17:03:34.159+0000] {logging_mixin.py:188} INFO - [2025-09-14T17:03:34.159+0000] {dag.py:3954} INFO - Setting next_dagrun for amazon_books_elt to 2025-09-14 00:00:00+00:00, run_after=2025-09-15 00:00:00+00:00
[2025-09-14T17:03:34.173+0000] {processor.py:183} INFO - Processing /opt/airflow/dags/amazon_books_elt.py took 0.462 seconds
[2025-09-14T17:04:04.995+0000] {processor.py:161} INFO - Started process (PID=2510) to work on /opt/airflow/dags/amazon_books_elt.py
[2025-09-14T17:04:04.996+0000] {processor.py:830} INFO - Processing file /opt/airflow/dags/amazon_books_elt.py for tasks to queue
[2025-09-14T17:04:04.997+0000] {logging_mixin.py:188} INFO - [2025-09-14T17:04:04.997+0000] {dagbag.py:545} INFO - Filling up the DagBag from /opt/airflow/dags/amazon_books_elt.py
[2025-09-14T17:04:05.401+0000] {processor.py:840} INFO - DAG(s) 'amazon_books_elt' retrieved from /opt/airflow/dags/amazon_books_elt.py
[2025-09-14T17:04:05.417+0000] {logging_mixin.py:188} INFO - [2025-09-14T17:04:05.416+0000] {dag.py:3096} INFO - Sync 1 DAGs
[2025-09-14T17:04:05.430+0000] {logging_mixin.py:188} INFO - [2025-09-14T17:04:05.429+0000] {dag.py:3954} INFO - Setting next_dagrun for amazon_books_elt to 2025-09-14 00:00:00+00:00, run_after=2025-09-15 00:00:00+00:00
[2025-09-14T17:04:05.442+0000] {processor.py:183} INFO - Processing /opt/airflow/dags/amazon_books_elt.py took 0.453 seconds
[2025-09-14T17:04:35.939+0000] {processor.py:161} INFO - Started process (PID=2530) to work on /opt/airflow/dags/amazon_books_elt.py
[2025-09-14T17:04:35.939+0000] {processor.py:830} INFO - Processing file /opt/airflow/dags/amazon_books_elt.py for tasks to queue
[2025-09-14T17:04:35.941+0000] {logging_mixin.py:188} INFO - [2025-09-14T17:04:35.940+0000] {dagbag.py:545} INFO - Filling up the DagBag from /opt/airflow/dags/amazon_books_elt.py
[2025-09-14T17:04:36.327+0000] {processor.py:840} INFO - DAG(s) 'amazon_books_elt' retrieved from /opt/airflow/dags/amazon_books_elt.py
[2025-09-14T17:04:36.352+0000] {logging_mixin.py:188} INFO - [2025-09-14T17:04:36.347+0000] {dag.py:3096} INFO - Sync 1 DAGs
[2025-09-14T17:04:36.380+0000] {logging_mixin.py:188} INFO - [2025-09-14T17:04:36.380+0000] {dag.py:3954} INFO - Setting next_dagrun for amazon_books_elt to 2025-09-14 00:00:00+00:00, run_after=2025-09-15 00:00:00+00:00
[2025-09-14T17:04:36.405+0000] {processor.py:183} INFO - Processing /opt/airflow/dags/amazon_books_elt.py took 0.470 seconds
[2025-09-14T17:05:07.238+0000] {processor.py:161} INFO - Started process (PID=2550) to work on /opt/airflow/dags/amazon_books_elt.py
[2025-09-14T17:05:07.238+0000] {processor.py:830} INFO - Processing file /opt/airflow/dags/amazon_books_elt.py for tasks to queue
[2025-09-14T17:05:07.239+0000] {logging_mixin.py:188} INFO - [2025-09-14T17:05:07.239+0000] {dagbag.py:545} INFO - Filling up the DagBag from /opt/airflow/dags/amazon_books_elt.py
[2025-09-14T17:05:07.612+0000] {processor.py:840} INFO - DAG(s) 'amazon_books_elt' retrieved from /opt/airflow/dags/amazon_books_elt.py
[2025-09-14T17:05:07.628+0000] {logging_mixin.py:188} INFO - [2025-09-14T17:05:07.627+0000] {dag.py:3096} INFO - Sync 1 DAGs
[2025-09-14T17:05:07.640+0000] {logging_mixin.py:188} INFO - [2025-09-14T17:05:07.640+0000] {dag.py:3954} INFO - Setting next_dagrun for amazon_books_elt to 2025-09-14 00:00:00+00:00, run_after=2025-09-15 00:00:00+00:00
[2025-09-14T17:05:07.654+0000] {processor.py:183} INFO - Processing /opt/airflow/dags/amazon_books_elt.py took 0.420 seconds
[2025-09-14T17:05:33.482+0000] {processor.py:161} INFO - Started process (PID=2570) to work on /opt/airflow/dags/amazon_books_elt.py
[2025-09-14T17:05:33.483+0000] {processor.py:830} INFO - Processing file /opt/airflow/dags/amazon_books_elt.py for tasks to queue
[2025-09-14T17:05:33.484+0000] {logging_mixin.py:188} INFO - [2025-09-14T17:05:33.484+0000] {dagbag.py:545} INFO - Filling up the DagBag from /opt/airflow/dags/amazon_books_elt.py
[2025-09-14T17:05:33.853+0000] {processor.py:840} INFO - DAG(s) 'amazon_books_elt' retrieved from /opt/airflow/dags/amazon_books_elt.py
[2025-09-14T17:05:33.868+0000] {logging_mixin.py:188} INFO - [2025-09-14T17:05:33.868+0000] {dag.py:3096} INFO - Sync 1 DAGs
[2025-09-14T17:05:33.880+0000] {logging_mixin.py:188} INFO - [2025-09-14T17:05:33.880+0000] {dag.py:3954} INFO - Setting next_dagrun for amazon_books_elt to 2025-09-14 00:00:00+00:00, run_after=2025-09-15 00:00:00+00:00
[2025-09-14T17:05:33.891+0000] {processor.py:183} INFO - Processing /opt/airflow/dags/amazon_books_elt.py took 0.413 seconds
[2025-09-14T17:06:04.314+0000] {processor.py:161} INFO - Started process (PID=2590) to work on /opt/airflow/dags/amazon_books_elt.py
[2025-09-14T17:06:04.315+0000] {processor.py:830} INFO - Processing file /opt/airflow/dags/amazon_books_elt.py for tasks to queue
[2025-09-14T17:06:04.317+0000] {logging_mixin.py:188} INFO - [2025-09-14T17:06:04.316+0000] {dagbag.py:545} INFO - Filling up the DagBag from /opt/airflow/dags/amazon_books_elt.py
[2025-09-14T17:06:04.755+0000] {processor.py:840} INFO - DAG(s) 'amazon_books_elt' retrieved from /opt/airflow/dags/amazon_books_elt.py
[2025-09-14T17:06:04.771+0000] {logging_mixin.py:188} INFO - [2025-09-14T17:06:04.771+0000] {dag.py:3096} INFO - Sync 1 DAGs
[2025-09-14T17:06:04.784+0000] {logging_mixin.py:188} INFO - [2025-09-14T17:06:04.784+0000] {dag.py:3954} INFO - Setting next_dagrun for amazon_books_elt to 2025-09-14 00:00:00+00:00, run_after=2025-09-15 00:00:00+00:00
[2025-09-14T17:06:04.796+0000] {processor.py:183} INFO - Processing /opt/airflow/dags/amazon_books_elt.py took 0.487 seconds
[2025-09-14T17:06:35.550+0000] {processor.py:161} INFO - Started process (PID=2610) to work on /opt/airflow/dags/amazon_books_elt.py
[2025-09-14T17:06:35.553+0000] {processor.py:830} INFO - Processing file /opt/airflow/dags/amazon_books_elt.py for tasks to queue
[2025-09-14T17:06:35.554+0000] {logging_mixin.py:188} INFO - [2025-09-14T17:06:35.554+0000] {dagbag.py:545} INFO - Filling up the DagBag from /opt/airflow/dags/amazon_books_elt.py
[2025-09-14T17:06:35.944+0000] {processor.py:840} INFO - DAG(s) 'amazon_books_elt' retrieved from /opt/airflow/dags/amazon_books_elt.py
[2025-09-14T17:06:35.960+0000] {logging_mixin.py:188} INFO - [2025-09-14T17:06:35.960+0000] {dag.py:3096} INFO - Sync 1 DAGs
[2025-09-14T17:06:35.974+0000] {logging_mixin.py:188} INFO - [2025-09-14T17:06:35.974+0000] {dag.py:3954} INFO - Setting next_dagrun for amazon_books_elt to 2025-09-14 00:00:00+00:00, run_after=2025-09-15 00:00:00+00:00
[2025-09-14T17:06:35.987+0000] {processor.py:183} INFO - Processing /opt/airflow/dags/amazon_books_elt.py took 0.440 seconds
[2025-09-14T17:07:06.105+0000] {processor.py:161} INFO - Started process (PID=2630) to work on /opt/airflow/dags/amazon_books_elt.py
[2025-09-14T17:07:06.108+0000] {processor.py:830} INFO - Processing file /opt/airflow/dags/amazon_books_elt.py for tasks to queue
[2025-09-14T17:07:06.109+0000] {logging_mixin.py:188} INFO - [2025-09-14T17:07:06.109+0000] {dagbag.py:545} INFO - Filling up the DagBag from /opt/airflow/dags/amazon_books_elt.py
[2025-09-14T17:07:06.493+0000] {processor.py:840} INFO - DAG(s) 'amazon_books_elt' retrieved from /opt/airflow/dags/amazon_books_elt.py
[2025-09-14T17:07:06.510+0000] {logging_mixin.py:188} INFO - [2025-09-14T17:07:06.510+0000] {dag.py:3096} INFO - Sync 1 DAGs
[2025-09-14T17:07:06.525+0000] {logging_mixin.py:188} INFO - [2025-09-14T17:07:06.524+0000] {dag.py:3954} INFO - Setting next_dagrun for amazon_books_elt to 2025-09-14 00:00:00+00:00, run_after=2025-09-15 00:00:00+00:00
[2025-09-14T17:07:06.536+0000] {processor.py:183} INFO - Processing /opt/airflow/dags/amazon_books_elt.py took 0.435 seconds
[2025-09-14T17:07:36.376+0000] {processor.py:161} INFO - Started process (PID=2650) to work on /opt/airflow/dags/amazon_books_elt.py
[2025-09-14T17:07:36.377+0000] {processor.py:830} INFO - Processing file /opt/airflow/dags/amazon_books_elt.py for tasks to queue
[2025-09-14T17:07:36.378+0000] {logging_mixin.py:188} INFO - [2025-09-14T17:07:36.378+0000] {dagbag.py:545} INFO - Filling up the DagBag from /opt/airflow/dags/amazon_books_elt.py
[2025-09-14T17:07:36.749+0000] {processor.py:840} INFO - DAG(s) 'amazon_books_elt' retrieved from /opt/airflow/dags/amazon_books_elt.py
[2025-09-14T17:07:36.765+0000] {logging_mixin.py:188} INFO - [2025-09-14T17:07:36.765+0000] {dag.py:3096} INFO - Sync 1 DAGs
[2025-09-14T17:07:36.780+0000] {logging_mixin.py:188} INFO - [2025-09-14T17:07:36.779+0000] {dag.py:3954} INFO - Setting next_dagrun for amazon_books_elt to 2025-09-14 00:00:00+00:00, run_after=2025-09-15 00:00:00+00:00
[2025-09-14T17:07:36.793+0000] {processor.py:183} INFO - Processing /opt/airflow/dags/amazon_books_elt.py took 0.421 seconds
[2025-09-14T17:08:07.220+0000] {processor.py:161} INFO - Started process (PID=2670) to work on /opt/airflow/dags/amazon_books_elt.py
[2025-09-14T17:08:07.223+0000] {processor.py:830} INFO - Processing file /opt/airflow/dags/amazon_books_elt.py for tasks to queue
[2025-09-14T17:08:07.224+0000] {logging_mixin.py:188} INFO - [2025-09-14T17:08:07.224+0000] {dagbag.py:545} INFO - Filling up the DagBag from /opt/airflow/dags/amazon_books_elt.py
[2025-09-14T17:08:07.593+0000] {processor.py:840} INFO - DAG(s) 'amazon_books_elt' retrieved from /opt/airflow/dags/amazon_books_elt.py
[2025-09-14T17:08:07.609+0000] {logging_mixin.py:188} INFO - [2025-09-14T17:08:07.608+0000] {dag.py:3096} INFO - Sync 1 DAGs
[2025-09-14T17:08:07.622+0000] {logging_mixin.py:188} INFO - [2025-09-14T17:08:07.622+0000] {dag.py:3954} INFO - Setting next_dagrun for amazon_books_elt to 2025-09-14 00:00:00+00:00, run_after=2025-09-15 00:00:00+00:00
[2025-09-14T17:08:07.634+0000] {processor.py:183} INFO - Processing /opt/airflow/dags/amazon_books_elt.py took 0.418 seconds
[2025-09-14T17:08:38.528+0000] {processor.py:161} INFO - Started process (PID=2690) to work on /opt/airflow/dags/amazon_books_elt.py
[2025-09-14T17:08:38.532+0000] {processor.py:830} INFO - Processing file /opt/airflow/dags/amazon_books_elt.py for tasks to queue
[2025-09-14T17:08:38.533+0000] {logging_mixin.py:188} INFO - [2025-09-14T17:08:38.533+0000] {dagbag.py:545} INFO - Filling up the DagBag from /opt/airflow/dags/amazon_books_elt.py
[2025-09-14T17:08:38.984+0000] {processor.py:840} INFO - DAG(s) 'amazon_books_elt' retrieved from /opt/airflow/dags/amazon_books_elt.py
[2025-09-14T17:08:39.000+0000] {logging_mixin.py:188} INFO - [2025-09-14T17:08:39.000+0000] {dag.py:3096} INFO - Sync 1 DAGs
[2025-09-14T17:08:39.018+0000] {logging_mixin.py:188} INFO - [2025-09-14T17:08:39.018+0000] {dag.py:3954} INFO - Setting next_dagrun for amazon_books_elt to 2025-09-14 00:00:00+00:00, run_after=2025-09-15 00:00:00+00:00
[2025-09-14T17:08:39.033+0000] {processor.py:183} INFO - Processing /opt/airflow/dags/amazon_books_elt.py took 0.509 seconds
[2025-09-14T17:09:09.397+0000] {processor.py:161} INFO - Started process (PID=2710) to work on /opt/airflow/dags/amazon_books_elt.py
[2025-09-14T17:09:09.398+0000] {processor.py:830} INFO - Processing file /opt/airflow/dags/amazon_books_elt.py for tasks to queue
[2025-09-14T17:09:09.399+0000] {logging_mixin.py:188} INFO - [2025-09-14T17:09:09.399+0000] {dagbag.py:545} INFO - Filling up the DagBag from /opt/airflow/dags/amazon_books_elt.py
[2025-09-14T17:09:09.830+0000] {processor.py:840} INFO - DAG(s) 'amazon_books_elt' retrieved from /opt/airflow/dags/amazon_books_elt.py
[2025-09-14T17:09:09.847+0000] {logging_mixin.py:188} INFO - [2025-09-14T17:09:09.846+0000] {dag.py:3096} INFO - Sync 1 DAGs
[2025-09-14T17:09:09.861+0000] {logging_mixin.py:188} INFO - [2025-09-14T17:09:09.861+0000] {dag.py:3954} INFO - Setting next_dagrun for amazon_books_elt to 2025-09-14 00:00:00+00:00, run_after=2025-09-15 00:00:00+00:00
[2025-09-14T17:09:09.873+0000] {processor.py:183} INFO - Processing /opt/airflow/dags/amazon_books_elt.py took 0.480 seconds
[2025-09-14T17:09:40.231+0000] {processor.py:161} INFO - Started process (PID=2730) to work on /opt/airflow/dags/amazon_books_elt.py
[2025-09-14T17:09:40.234+0000] {processor.py:830} INFO - Processing file /opt/airflow/dags/amazon_books_elt.py for tasks to queue
[2025-09-14T17:09:40.235+0000] {logging_mixin.py:188} INFO - [2025-09-14T17:09:40.235+0000] {dagbag.py:545} INFO - Filling up the DagBag from /opt/airflow/dags/amazon_books_elt.py
[2025-09-14T17:09:40.601+0000] {processor.py:840} INFO - DAG(s) 'amazon_books_elt' retrieved from /opt/airflow/dags/amazon_books_elt.py
[2025-09-14T17:09:40.616+0000] {logging_mixin.py:188} INFO - [2025-09-14T17:09:40.616+0000] {dag.py:3096} INFO - Sync 1 DAGs
[2025-09-14T17:09:40.628+0000] {logging_mixin.py:188} INFO - [2025-09-14T17:09:40.628+0000] {dag.py:3954} INFO - Setting next_dagrun for amazon_books_elt to 2025-09-14 00:00:00+00:00, run_after=2025-09-15 00:00:00+00:00
[2025-09-14T17:09:40.639+0000] {processor.py:183} INFO - Processing /opt/airflow/dags/amazon_books_elt.py took 0.411 seconds
[2025-09-14T17:10:04.090+0000] {processor.py:161} INFO - Started process (PID=2744) to work on /opt/airflow/dags/amazon_books_elt.py
[2025-09-14T17:10:04.091+0000] {processor.py:830} INFO - Processing file /opt/airflow/dags/amazon_books_elt.py for tasks to queue
[2025-09-14T17:10:04.092+0000] {logging_mixin.py:188} INFO - [2025-09-14T17:10:04.092+0000] {dagbag.py:545} INFO - Filling up the DagBag from /opt/airflow/dags/amazon_books_elt.py
[2025-09-14T17:10:04.457+0000] {processor.py:840} INFO - DAG(s) 'amazon_books_elt' retrieved from /opt/airflow/dags/amazon_books_elt.py
[2025-09-14T17:10:04.472+0000] {logging_mixin.py:188} INFO - [2025-09-14T17:10:04.471+0000] {dag.py:3096} INFO - Sync 1 DAGs
[2025-09-14T17:10:04.487+0000] {logging_mixin.py:188} INFO - [2025-09-14T17:10:04.487+0000] {dag.py:3954} INFO - Setting next_dagrun for amazon_books_elt to 2025-09-14 00:00:00+00:00, run_after=2025-09-15 00:00:00+00:00
[2025-09-14T17:10:04.502+0000] {processor.py:183} INFO - Processing /opt/airflow/dags/amazon_books_elt.py took 0.416 seconds
[2025-09-14T17:10:35.414+0000] {processor.py:161} INFO - Started process (PID=2764) to work on /opt/airflow/dags/amazon_books_elt.py
[2025-09-14T17:10:35.416+0000] {processor.py:830} INFO - Processing file /opt/airflow/dags/amazon_books_elt.py for tasks to queue
[2025-09-14T17:10:35.417+0000] {logging_mixin.py:188} INFO - [2025-09-14T17:10:35.417+0000] {dagbag.py:545} INFO - Filling up the DagBag from /opt/airflow/dags/amazon_books_elt.py
[2025-09-14T17:10:35.810+0000] {processor.py:840} INFO - DAG(s) 'amazon_books_elt' retrieved from /opt/airflow/dags/amazon_books_elt.py
[2025-09-14T17:10:35.828+0000] {logging_mixin.py:188} INFO - [2025-09-14T17:10:35.827+0000] {dag.py:3096} INFO - Sync 1 DAGs
[2025-09-14T17:10:35.844+0000] {logging_mixin.py:188} INFO - [2025-09-14T17:10:35.844+0000] {dag.py:3954} INFO - Setting next_dagrun for amazon_books_elt to 2025-09-14 00:00:00+00:00, run_after=2025-09-15 00:00:00+00:00
[2025-09-14T17:10:35.861+0000] {processor.py:183} INFO - Processing /opt/airflow/dags/amazon_books_elt.py took 0.451 seconds
[2025-09-14T17:11:06.327+0000] {processor.py:161} INFO - Started process (PID=2784) to work on /opt/airflow/dags/amazon_books_elt.py
[2025-09-14T17:11:06.329+0000] {processor.py:830} INFO - Processing file /opt/airflow/dags/amazon_books_elt.py for tasks to queue
[2025-09-14T17:11:06.330+0000] {logging_mixin.py:188} INFO - [2025-09-14T17:11:06.330+0000] {dagbag.py:545} INFO - Filling up the DagBag from /opt/airflow/dags/amazon_books_elt.py
[2025-09-14T17:11:06.699+0000] {processor.py:840} INFO - DAG(s) 'amazon_books_elt' retrieved from /opt/airflow/dags/amazon_books_elt.py
[2025-09-14T17:11:06.716+0000] {logging_mixin.py:188} INFO - [2025-09-14T17:11:06.715+0000] {dag.py:3096} INFO - Sync 1 DAGs
[2025-09-14T17:11:06.729+0000] {logging_mixin.py:188} INFO - [2025-09-14T17:11:06.729+0000] {dag.py:3954} INFO - Setting next_dagrun for amazon_books_elt to 2025-09-14 00:00:00+00:00, run_after=2025-09-15 00:00:00+00:00
[2025-09-14T17:11:06.742+0000] {processor.py:183} INFO - Processing /opt/airflow/dags/amazon_books_elt.py took 0.419 seconds
[2025-09-14T17:11:37.240+0000] {processor.py:161} INFO - Started process (PID=2804) to work on /opt/airflow/dags/amazon_books_elt.py
[2025-09-14T17:11:37.242+0000] {processor.py:830} INFO - Processing file /opt/airflow/dags/amazon_books_elt.py for tasks to queue
[2025-09-14T17:11:37.245+0000] {logging_mixin.py:188} INFO - [2025-09-14T17:11:37.244+0000] {dagbag.py:545} INFO - Filling up the DagBag from /opt/airflow/dags/amazon_books_elt.py
[2025-09-14T17:11:37.790+0000] {processor.py:840} INFO - DAG(s) 'amazon_books_elt' retrieved from /opt/airflow/dags/amazon_books_elt.py
[2025-09-14T17:11:37.806+0000] {logging_mixin.py:188} INFO - [2025-09-14T17:11:37.805+0000] {dag.py:3096} INFO - Sync 1 DAGs
[2025-09-14T17:11:37.819+0000] {logging_mixin.py:188} INFO - [2025-09-14T17:11:37.819+0000] {dag.py:3954} INFO - Setting next_dagrun for amazon_books_elt to 2025-09-14 00:00:00+00:00, run_after=2025-09-15 00:00:00+00:00
[2025-09-14T17:11:37.830+0000] {processor.py:183} INFO - Processing /opt/airflow/dags/amazon_books_elt.py took 0.596 seconds
[2025-09-14T17:12:08.580+0000] {processor.py:161} INFO - Started process (PID=2824) to work on /opt/airflow/dags/amazon_books_elt.py
[2025-09-14T17:12:08.582+0000] {processor.py:830} INFO - Processing file /opt/airflow/dags/amazon_books_elt.py for tasks to queue
[2025-09-14T17:12:08.583+0000] {logging_mixin.py:188} INFO - [2025-09-14T17:12:08.583+0000] {dagbag.py:545} INFO - Filling up the DagBag from /opt/airflow/dags/amazon_books_elt.py
[2025-09-14T17:12:09.046+0000] {processor.py:840} INFO - DAG(s) 'amazon_books_elt' retrieved from /opt/airflow/dags/amazon_books_elt.py
[2025-09-14T17:12:09.061+0000] {logging_mixin.py:188} INFO - [2025-09-14T17:12:09.061+0000] {dag.py:3096} INFO - Sync 1 DAGs
[2025-09-14T17:12:09.074+0000] {logging_mixin.py:188} INFO - [2025-09-14T17:12:09.074+0000] {dag.py:3954} INFO - Setting next_dagrun for amazon_books_elt to 2025-09-14 00:00:00+00:00, run_after=2025-09-15 00:00:00+00:00
[2025-09-14T17:12:09.085+0000] {processor.py:183} INFO - Processing /opt/airflow/dags/amazon_books_elt.py took 0.509 seconds
[2025-09-14T17:12:39.644+0000] {processor.py:161} INFO - Started process (PID=2844) to work on /opt/airflow/dags/amazon_books_elt.py
[2025-09-14T17:12:39.646+0000] {processor.py:830} INFO - Processing file /opt/airflow/dags/amazon_books_elt.py for tasks to queue
[2025-09-14T17:12:39.648+0000] {logging_mixin.py:188} INFO - [2025-09-14T17:12:39.647+0000] {dagbag.py:545} INFO - Filling up the DagBag from /opt/airflow/dags/amazon_books_elt.py
[2025-09-14T17:12:40.046+0000] {processor.py:840} INFO - DAG(s) 'amazon_books_elt' retrieved from /opt/airflow/dags/amazon_books_elt.py
[2025-09-14T17:12:40.062+0000] {logging_mixin.py:188} INFO - [2025-09-14T17:12:40.062+0000] {dag.py:3096} INFO - Sync 1 DAGs
[2025-09-14T17:12:40.076+0000] {logging_mixin.py:188} INFO - [2025-09-14T17:12:40.076+0000] {dag.py:3954} INFO - Setting next_dagrun for amazon_books_elt to 2025-09-14 00:00:00+00:00, run_after=2025-09-15 00:00:00+00:00
[2025-09-14T17:12:40.088+0000] {processor.py:183} INFO - Processing /opt/airflow/dags/amazon_books_elt.py took 0.448 seconds
[2025-09-14T17:13:10.192+0000] {processor.py:161} INFO - Started process (PID=2864) to work on /opt/airflow/dags/amazon_books_elt.py
[2025-09-14T17:13:10.192+0000] {processor.py:830} INFO - Processing file /opt/airflow/dags/amazon_books_elt.py for tasks to queue
[2025-09-14T17:13:10.194+0000] {logging_mixin.py:188} INFO - [2025-09-14T17:13:10.193+0000] {dagbag.py:545} INFO - Filling up the DagBag from /opt/airflow/dags/amazon_books_elt.py
[2025-09-14T17:13:10.625+0000] {processor.py:840} INFO - DAG(s) 'amazon_books_elt' retrieved from /opt/airflow/dags/amazon_books_elt.py
[2025-09-14T17:13:11.465+0000] {logging_mixin.py:188} INFO - [2025-09-14T17:13:11.465+0000] {dag.py:3096} INFO - Sync 1 DAGs
[2025-09-14T17:13:11.479+0000] {logging_mixin.py:188} INFO - [2025-09-14T17:13:11.479+0000] {dag.py:3954} INFO - Setting next_dagrun for amazon_books_elt to 2025-09-14 00:00:00+00:00, run_after=2025-09-15 00:00:00+00:00
[2025-09-14T17:13:11.490+0000] {processor.py:183} INFO - Processing /opt/airflow/dags/amazon_books_elt.py took 0.480 seconds
[2025-09-14T17:13:41.603+0000] {processor.py:161} INFO - Started process (PID=2884) to work on /opt/airflow/dags/amazon_books_elt.py
[2025-09-14T17:13:41.604+0000] {processor.py:830} INFO - Processing file /opt/airflow/dags/amazon_books_elt.py for tasks to queue
[2025-09-14T17:13:41.605+0000] {logging_mixin.py:188} INFO - [2025-09-14T17:13:41.605+0000] {dagbag.py:545} INFO - Filling up the DagBag from /opt/airflow/dags/amazon_books_elt.py
[2025-09-14T17:13:42.062+0000] {processor.py:840} INFO - DAG(s) 'amazon_books_elt' retrieved from /opt/airflow/dags/amazon_books_elt.py
[2025-09-14T17:13:42.082+0000] {logging_mixin.py:188} INFO - [2025-09-14T17:13:42.082+0000] {dag.py:3096} INFO - Sync 1 DAGs
[2025-09-14T17:13:42.097+0000] {logging_mixin.py:188} INFO - [2025-09-14T17:13:42.097+0000] {dag.py:3954} INFO - Setting next_dagrun for amazon_books_elt to 2025-09-14 00:00:00+00:00, run_after=2025-09-15 00:00:00+00:00
[2025-09-14T17:13:42.109+0000] {processor.py:183} INFO - Processing /opt/airflow/dags/amazon_books_elt.py took 0.511 seconds
[2025-09-14T17:14:13.017+0000] {processor.py:161} INFO - Started process (PID=2904) to work on /opt/airflow/dags/amazon_books_elt.py
[2025-09-14T17:14:13.018+0000] {processor.py:830} INFO - Processing file /opt/airflow/dags/amazon_books_elt.py for tasks to queue
[2025-09-14T17:14:13.019+0000] {logging_mixin.py:188} INFO - [2025-09-14T17:14:13.019+0000] {dagbag.py:545} INFO - Filling up the DagBag from /opt/airflow/dags/amazon_books_elt.py
[2025-09-14T17:14:13.404+0000] {processor.py:840} INFO - DAG(s) 'amazon_books_elt' retrieved from /opt/airflow/dags/amazon_books_elt.py
[2025-09-14T17:14:13.420+0000] {logging_mixin.py:188} INFO - [2025-09-14T17:14:13.419+0000] {dag.py:3096} INFO - Sync 1 DAGs
[2025-09-14T17:14:13.432+0000] {logging_mixin.py:188} INFO - [2025-09-14T17:14:13.432+0000] {dag.py:3954} INFO - Setting next_dagrun for amazon_books_elt to 2025-09-14 00:00:00+00:00, run_after=2025-09-15 00:00:00+00:00
[2025-09-14T17:14:13.442+0000] {processor.py:183} INFO - Processing /opt/airflow/dags/amazon_books_elt.py took 0.429 seconds
[2025-09-14T17:14:43.877+0000] {processor.py:161} INFO - Started process (PID=2924) to work on /opt/airflow/dags/amazon_books_elt.py
[2025-09-14T17:14:43.877+0000] {processor.py:830} INFO - Processing file /opt/airflow/dags/amazon_books_elt.py for tasks to queue
[2025-09-14T17:14:43.878+0000] {logging_mixin.py:188} INFO - [2025-09-14T17:14:43.878+0000] {dagbag.py:545} INFO - Filling up the DagBag from /opt/airflow/dags/amazon_books_elt.py
[2025-09-14T17:14:44.360+0000] {processor.py:840} INFO - DAG(s) 'amazon_books_elt' retrieved from /opt/airflow/dags/amazon_books_elt.py
[2025-09-14T17:14:44.379+0000] {logging_mixin.py:188} INFO - [2025-09-14T17:14:44.379+0000] {dag.py:3096} INFO - Sync 1 DAGs
[2025-09-14T17:14:44.393+0000] {logging_mixin.py:188} INFO - [2025-09-14T17:14:44.393+0000] {dag.py:3954} INFO - Setting next_dagrun for amazon_books_elt to 2025-09-14 00:00:00+00:00, run_after=2025-09-15 00:00:00+00:00
[2025-09-14T17:14:44.405+0000] {processor.py:183} INFO - Processing /opt/airflow/dags/amazon_books_elt.py took 0.533 seconds
[2025-09-14T17:15:15.193+0000] {processor.py:161} INFO - Started process (PID=2944) to work on /opt/airflow/dags/amazon_books_elt.py
[2025-09-14T17:15:15.194+0000] {processor.py:830} INFO - Processing file /opt/airflow/dags/amazon_books_elt.py for tasks to queue
[2025-09-14T17:15:15.195+0000] {logging_mixin.py:188} INFO - [2025-09-14T17:15:15.195+0000] {dagbag.py:545} INFO - Filling up the DagBag from /opt/airflow/dags/amazon_books_elt.py
[2025-09-14T17:15:15.585+0000] {processor.py:840} INFO - DAG(s) 'amazon_books_elt' retrieved from /opt/airflow/dags/amazon_books_elt.py
[2025-09-14T17:15:15.600+0000] {logging_mixin.py:188} INFO - [2025-09-14T17:15:15.600+0000] {dag.py:3096} INFO - Sync 1 DAGs
[2025-09-14T17:15:15.614+0000] {logging_mixin.py:188} INFO - [2025-09-14T17:15:15.614+0000] {dag.py:3954} INFO - Setting next_dagrun for amazon_books_elt to 2025-09-14 00:00:00+00:00, run_after=2025-09-15 00:00:00+00:00
[2025-09-14T17:15:15.624+0000] {processor.py:183} INFO - Processing /opt/airflow/dags/amazon_books_elt.py took 0.435 seconds
[2025-09-14T17:15:46.180+0000] {processor.py:161} INFO - Started process (PID=2964) to work on /opt/airflow/dags/amazon_books_elt.py
[2025-09-14T17:15:46.182+0000] {processor.py:830} INFO - Processing file /opt/airflow/dags/amazon_books_elt.py for tasks to queue
[2025-09-14T17:15:46.184+0000] {logging_mixin.py:188} INFO - [2025-09-14T17:15:46.184+0000] {dagbag.py:545} INFO - Filling up the DagBag from /opt/airflow/dags/amazon_books_elt.py
[2025-09-14T17:15:46.592+0000] {processor.py:840} INFO - DAG(s) 'amazon_books_elt' retrieved from /opt/airflow/dags/amazon_books_elt.py
[2025-09-14T17:15:46.608+0000] {logging_mixin.py:188} INFO - [2025-09-14T17:15:46.608+0000] {dag.py:3096} INFO - Sync 1 DAGs
[2025-09-14T17:15:46.625+0000] {logging_mixin.py:188} INFO - [2025-09-14T17:15:46.625+0000] {dag.py:3954} INFO - Setting next_dagrun for amazon_books_elt to 2025-09-14 00:00:00+00:00, run_after=2025-09-15 00:00:00+00:00
[2025-09-14T17:15:46.638+0000] {processor.py:183} INFO - Processing /opt/airflow/dags/amazon_books_elt.py took 0.462 seconds
[2025-09-14T17:16:17.460+0000] {processor.py:161} INFO - Started process (PID=2984) to work on /opt/airflow/dags/amazon_books_elt.py
[2025-09-14T17:16:17.463+0000] {processor.py:830} INFO - Processing file /opt/airflow/dags/amazon_books_elt.py for tasks to queue
[2025-09-14T17:16:17.464+0000] {logging_mixin.py:188} INFO - [2025-09-14T17:16:17.464+0000] {dagbag.py:545} INFO - Filling up the DagBag from /opt/airflow/dags/amazon_books_elt.py
[2025-09-14T17:16:17.848+0000] {processor.py:840} INFO - DAG(s) 'amazon_books_elt' retrieved from /opt/airflow/dags/amazon_books_elt.py
[2025-09-14T17:16:17.863+0000] {logging_mixin.py:188} INFO - [2025-09-14T17:16:17.862+0000] {dag.py:3096} INFO - Sync 1 DAGs
[2025-09-14T17:16:17.875+0000] {logging_mixin.py:188} INFO - [2025-09-14T17:16:17.875+0000] {dag.py:3954} INFO - Setting next_dagrun for amazon_books_elt to 2025-09-14 00:00:00+00:00, run_after=2025-09-15 00:00:00+00:00
[2025-09-14T17:16:17.886+0000] {processor.py:183} INFO - Processing /opt/airflow/dags/amazon_books_elt.py took 0.429 seconds
[2025-09-14T17:16:48.451+0000] {processor.py:161} INFO - Started process (PID=3004) to work on /opt/airflow/dags/amazon_books_elt.py
[2025-09-14T17:16:48.452+0000] {processor.py:830} INFO - Processing file /opt/airflow/dags/amazon_books_elt.py for tasks to queue
[2025-09-14T17:16:48.453+0000] {logging_mixin.py:188} INFO - [2025-09-14T17:16:48.453+0000] {dagbag.py:545} INFO - Filling up the DagBag from /opt/airflow/dags/amazon_books_elt.py
[2025-09-14T17:16:48.828+0000] {processor.py:840} INFO - DAG(s) 'amazon_books_elt' retrieved from /opt/airflow/dags/amazon_books_elt.py
[2025-09-14T17:16:48.847+0000] {logging_mixin.py:188} INFO - [2025-09-14T17:16:48.846+0000] {dag.py:3096} INFO - Sync 1 DAGs
[2025-09-14T17:16:48.859+0000] {logging_mixin.py:188} INFO - [2025-09-14T17:16:48.859+0000] {dag.py:3954} INFO - Setting next_dagrun for amazon_books_elt to 2025-09-14 00:00:00+00:00, run_after=2025-09-15 00:00:00+00:00
[2025-09-14T17:16:48.870+0000] {processor.py:183} INFO - Processing /opt/airflow/dags/amazon_books_elt.py took 0.423 seconds
[2025-09-14T17:17:19.670+0000] {processor.py:161} INFO - Started process (PID=3024) to work on /opt/airflow/dags/amazon_books_elt.py
[2025-09-14T17:17:19.671+0000] {processor.py:830} INFO - Processing file /opt/airflow/dags/amazon_books_elt.py for tasks to queue
[2025-09-14T17:17:19.672+0000] {logging_mixin.py:188} INFO - [2025-09-14T17:17:19.671+0000] {dagbag.py:545} INFO - Filling up the DagBag from /opt/airflow/dags/amazon_books_elt.py
[2025-09-14T17:17:20.042+0000] {processor.py:840} INFO - DAG(s) 'amazon_books_elt' retrieved from /opt/airflow/dags/amazon_books_elt.py
[2025-09-14T17:17:20.057+0000] {logging_mixin.py:188} INFO - [2025-09-14T17:17:20.056+0000] {dag.py:3096} INFO - Sync 1 DAGs
[2025-09-14T17:17:20.069+0000] {logging_mixin.py:188} INFO - [2025-09-14T17:17:20.069+0000] {dag.py:3954} INFO - Setting next_dagrun for amazon_books_elt to 2025-09-14 00:00:00+00:00, run_after=2025-09-15 00:00:00+00:00
[2025-09-14T17:17:20.081+0000] {processor.py:183} INFO - Processing /opt/airflow/dags/amazon_books_elt.py took 0.415 seconds
[2025-09-14T17:17:50.626+0000] {processor.py:161} INFO - Started process (PID=3044) to work on /opt/airflow/dags/amazon_books_elt.py
[2025-09-14T17:17:50.627+0000] {processor.py:830} INFO - Processing file /opt/airflow/dags/amazon_books_elt.py for tasks to queue
[2025-09-14T17:17:50.628+0000] {logging_mixin.py:188} INFO - [2025-09-14T17:17:50.628+0000] {dagbag.py:545} INFO - Filling up the DagBag from /opt/airflow/dags/amazon_books_elt.py
[2025-09-14T17:17:51.002+0000] {processor.py:840} INFO - DAG(s) 'amazon_books_elt' retrieved from /opt/airflow/dags/amazon_books_elt.py
[2025-09-14T17:17:51.017+0000] {logging_mixin.py:188} INFO - [2025-09-14T17:17:51.016+0000] {dag.py:3096} INFO - Sync 1 DAGs
[2025-09-14T17:17:51.029+0000] {logging_mixin.py:188} INFO - [2025-09-14T17:17:51.029+0000] {dag.py:3954} INFO - Setting next_dagrun for amazon_books_elt to 2025-09-14 00:00:00+00:00, run_after=2025-09-15 00:00:00+00:00
[2025-09-14T17:17:51.039+0000] {processor.py:183} INFO - Processing /opt/airflow/dags/amazon_books_elt.py took 0.417 seconds
[2025-09-14T17:18:21.834+0000] {processor.py:161} INFO - Started process (PID=3064) to work on /opt/airflow/dags/amazon_books_elt.py
[2025-09-14T17:18:21.835+0000] {processor.py:830} INFO - Processing file /opt/airflow/dags/amazon_books_elt.py for tasks to queue
[2025-09-14T17:18:21.836+0000] {logging_mixin.py:188} INFO - [2025-09-14T17:18:21.836+0000] {dagbag.py:545} INFO - Filling up the DagBag from /opt/airflow/dags/amazon_books_elt.py
[2025-09-14T17:18:22.213+0000] {processor.py:840} INFO - DAG(s) 'amazon_books_elt' retrieved from /opt/airflow/dags/amazon_books_elt.py
[2025-09-14T17:18:22.227+0000] {logging_mixin.py:188} INFO - [2025-09-14T17:18:22.227+0000] {dag.py:3096} INFO - Sync 1 DAGs
[2025-09-14T17:18:22.240+0000] {logging_mixin.py:188} INFO - [2025-09-14T17:18:22.240+0000] {dag.py:3954} INFO - Setting next_dagrun for amazon_books_elt to 2025-09-14 00:00:00+00:00, run_after=2025-09-15 00:00:00+00:00
[2025-09-14T17:18:22.252+0000] {processor.py:183} INFO - Processing /opt/airflow/dags/amazon_books_elt.py took 0.421 seconds
[2025-09-14T17:18:52.768+0000] {processor.py:161} INFO - Started process (PID=3084) to work on /opt/airflow/dags/amazon_books_elt.py
[2025-09-14T17:18:52.769+0000] {processor.py:830} INFO - Processing file /opt/airflow/dags/amazon_books_elt.py for tasks to queue
[2025-09-14T17:18:52.770+0000] {logging_mixin.py:188} INFO - [2025-09-14T17:18:52.770+0000] {dagbag.py:545} INFO - Filling up the DagBag from /opt/airflow/dags/amazon_books_elt.py
[2025-09-14T17:18:53.147+0000] {processor.py:840} INFO - DAG(s) 'amazon_books_elt' retrieved from /opt/airflow/dags/amazon_books_elt.py
[2025-09-14T17:18:53.163+0000] {logging_mixin.py:188} INFO - [2025-09-14T17:18:53.163+0000] {dag.py:3096} INFO - Sync 1 DAGs
[2025-09-14T17:18:53.176+0000] {logging_mixin.py:188} INFO - [2025-09-14T17:18:53.175+0000] {dag.py:3954} INFO - Setting next_dagrun for amazon_books_elt to 2025-09-14 00:00:00+00:00, run_after=2025-09-15 00:00:00+00:00
[2025-09-14T17:18:53.188+0000] {processor.py:183} INFO - Processing /opt/airflow/dags/amazon_books_elt.py took 0.423 seconds
[2025-09-14T17:19:24.063+0000] {processor.py:161} INFO - Started process (PID=3104) to work on /opt/airflow/dags/amazon_books_elt.py
[2025-09-14T17:19:24.064+0000] {processor.py:830} INFO - Processing file /opt/airflow/dags/amazon_books_elt.py for tasks to queue
[2025-09-14T17:19:24.065+0000] {logging_mixin.py:188} INFO - [2025-09-14T17:19:24.065+0000] {dagbag.py:545} INFO - Filling up the DagBag from /opt/airflow/dags/amazon_books_elt.py
[2025-09-14T17:19:24.435+0000] {processor.py:840} INFO - DAG(s) 'amazon_books_elt' retrieved from /opt/airflow/dags/amazon_books_elt.py
[2025-09-14T17:19:24.452+0000] {logging_mixin.py:188} INFO - [2025-09-14T17:19:24.451+0000] {dag.py:3096} INFO - Sync 1 DAGs
[2025-09-14T17:19:24.465+0000] {logging_mixin.py:188} INFO - [2025-09-14T17:19:24.465+0000] {dag.py:3954} INFO - Setting next_dagrun for amazon_books_elt to 2025-09-14 00:00:00+00:00, run_after=2025-09-15 00:00:00+00:00
[2025-09-14T17:19:24.477+0000] {processor.py:183} INFO - Processing /opt/airflow/dags/amazon_books_elt.py took 0.419 seconds
[2025-09-14T17:19:54.914+0000] {processor.py:161} INFO - Started process (PID=3124) to work on /opt/airflow/dags/amazon_books_elt.py
[2025-09-14T17:19:54.916+0000] {processor.py:830} INFO - Processing file /opt/airflow/dags/amazon_books_elt.py for tasks to queue
[2025-09-14T17:19:54.918+0000] {logging_mixin.py:188} INFO - [2025-09-14T17:19:54.917+0000] {dagbag.py:545} INFO - Filling up the DagBag from /opt/airflow/dags/amazon_books_elt.py
[2025-09-14T17:19:55.312+0000] {processor.py:840} INFO - DAG(s) 'amazon_books_elt' retrieved from /opt/airflow/dags/amazon_books_elt.py
[2025-09-14T17:19:55.329+0000] {logging_mixin.py:188} INFO - [2025-09-14T17:19:55.328+0000] {dag.py:3096} INFO - Sync 1 DAGs
[2025-09-14T17:19:55.342+0000] {logging_mixin.py:188} INFO - [2025-09-14T17:19:55.342+0000] {dag.py:3954} INFO - Setting next_dagrun for amazon_books_elt to 2025-09-14 00:00:00+00:00, run_after=2025-09-15 00:00:00+00:00
[2025-09-14T17:19:55.356+0000] {processor.py:183} INFO - Processing /opt/airflow/dags/amazon_books_elt.py took 0.446 seconds
[2025-09-14T17:20:26.131+0000] {processor.py:161} INFO - Started process (PID=3144) to work on /opt/airflow/dags/amazon_books_elt.py
[2025-09-14T17:20:26.133+0000] {processor.py:830} INFO - Processing file /opt/airflow/dags/amazon_books_elt.py for tasks to queue
[2025-09-14T17:20:26.134+0000] {logging_mixin.py:188} INFO - [2025-09-14T17:20:26.134+0000] {dagbag.py:545} INFO - Filling up the DagBag from /opt/airflow/dags/amazon_books_elt.py
[2025-09-14T17:20:26.550+0000] {processor.py:840} INFO - DAG(s) 'amazon_books_elt' retrieved from /opt/airflow/dags/amazon_books_elt.py
[2025-09-14T17:20:26.565+0000] {logging_mixin.py:188} INFO - [2025-09-14T17:20:26.565+0000] {dag.py:3096} INFO - Sync 1 DAGs
[2025-09-14T17:20:26.578+0000] {logging_mixin.py:188} INFO - [2025-09-14T17:20:26.578+0000] {dag.py:3954} INFO - Setting next_dagrun for amazon_books_elt to 2025-09-14 00:00:00+00:00, run_after=2025-09-15 00:00:00+00:00
[2025-09-14T17:20:26.588+0000] {processor.py:183} INFO - Processing /opt/airflow/dags/amazon_books_elt.py took 0.461 seconds
[2025-09-14T17:20:57.013+0000] {processor.py:161} INFO - Started process (PID=3164) to work on /opt/airflow/dags/amazon_books_elt.py
[2025-09-14T17:20:57.014+0000] {processor.py:830} INFO - Processing file /opt/airflow/dags/amazon_books_elt.py for tasks to queue
[2025-09-14T17:20:57.015+0000] {logging_mixin.py:188} INFO - [2025-09-14T17:20:57.015+0000] {dagbag.py:545} INFO - Filling up the DagBag from /opt/airflow/dags/amazon_books_elt.py
[2025-09-14T17:20:57.387+0000] {processor.py:840} INFO - DAG(s) 'amazon_books_elt' retrieved from /opt/airflow/dags/amazon_books_elt.py
[2025-09-14T17:20:57.403+0000] {logging_mixin.py:188} INFO - [2025-09-14T17:20:57.403+0000] {dag.py:3096} INFO - Sync 1 DAGs
[2025-09-14T17:20:57.416+0000] {logging_mixin.py:188} INFO - [2025-09-14T17:20:57.415+0000] {dag.py:3954} INFO - Setting next_dagrun for amazon_books_elt to 2025-09-14 00:00:00+00:00, run_after=2025-09-15 00:00:00+00:00
[2025-09-14T17:20:57.427+0000] {processor.py:183} INFO - Processing /opt/airflow/dags/amazon_books_elt.py took 0.417 seconds
[2025-09-14T17:21:28.272+0000] {processor.py:161} INFO - Started process (PID=3184) to work on /opt/airflow/dags/amazon_books_elt.py
[2025-09-14T17:21:28.272+0000] {processor.py:830} INFO - Processing file /opt/airflow/dags/amazon_books_elt.py for tasks to queue
[2025-09-14T17:21:28.273+0000] {logging_mixin.py:188} INFO - [2025-09-14T17:21:28.273+0000] {dagbag.py:545} INFO - Filling up the DagBag from /opt/airflow/dags/amazon_books_elt.py
[2025-09-14T17:21:28.726+0000] {processor.py:840} INFO - DAG(s) 'amazon_books_elt' retrieved from /opt/airflow/dags/amazon_books_elt.py
[2025-09-14T17:21:28.743+0000] {logging_mixin.py:188} INFO - [2025-09-14T17:21:28.743+0000] {dag.py:3096} INFO - Sync 1 DAGs
[2025-09-14T17:21:28.757+0000] {logging_mixin.py:188} INFO - [2025-09-14T17:21:28.757+0000] {dag.py:3954} INFO - Setting next_dagrun for amazon_books_elt to 2025-09-14 00:00:00+00:00, run_after=2025-09-15 00:00:00+00:00
[2025-09-14T17:21:28.768+0000] {processor.py:183} INFO - Processing /opt/airflow/dags/amazon_books_elt.py took 0.500 seconds
[2025-09-14T17:21:58.895+0000] {processor.py:161} INFO - Started process (PID=3204) to work on /opt/airflow/dags/amazon_books_elt.py
[2025-09-14T17:21:58.896+0000] {processor.py:830} INFO - Processing file /opt/airflow/dags/amazon_books_elt.py for tasks to queue
[2025-09-14T17:21:58.897+0000] {logging_mixin.py:188} INFO - [2025-09-14T17:21:58.897+0000] {dagbag.py:545} INFO - Filling up the DagBag from /opt/airflow/dags/amazon_books_elt.py
[2025-09-14T17:22:00.099+0000] {processor.py:840} INFO - DAG(s) 'amazon_books_elt' retrieved from /opt/airflow/dags/amazon_books_elt.py
[2025-09-14T17:22:00.116+0000] {logging_mixin.py:188} INFO - [2025-09-14T17:22:00.115+0000] {dag.py:3096} INFO - Sync 1 DAGs
[2025-09-14T17:22:00.129+0000] {logging_mixin.py:188} INFO - [2025-09-14T17:22:00.129+0000] {dag.py:3954} INFO - Setting next_dagrun for amazon_books_elt to 2025-09-14 00:00:00+00:00, run_after=2025-09-15 00:00:00+00:00
[2025-09-14T17:22:00.142+0000] {processor.py:183} INFO - Processing /opt/airflow/dags/amazon_books_elt.py took 0.517 seconds
[2025-09-14T17:22:30.213+0000] {processor.py:161} INFO - Started process (PID=3230) to work on /opt/airflow/dags/amazon_books_elt.py
[2025-09-14T17:22:30.213+0000] {processor.py:830} INFO - Processing file /opt/airflow/dags/amazon_books_elt.py for tasks to queue
[2025-09-14T17:22:30.215+0000] {logging_mixin.py:188} INFO - [2025-09-14T17:22:30.214+0000] {dagbag.py:545} INFO - Filling up the DagBag from /opt/airflow/dags/amazon_books_elt.py
[2025-09-14T17:22:30.631+0000] {processor.py:840} INFO - DAG(s) 'amazon_books_elt' retrieved from /opt/airflow/dags/amazon_books_elt.py
[2025-09-14T17:22:30.661+0000] {logging_mixin.py:188} INFO - [2025-09-14T17:22:30.661+0000] {dag.py:3096} INFO - Sync 1 DAGs
[2025-09-14T17:22:30.692+0000] {logging_mixin.py:188} INFO - [2025-09-14T17:22:30.688+0000] {dag.py:3954} INFO - Setting next_dagrun for amazon_books_elt to 2025-09-14 00:00:00+00:00, run_after=2025-09-15 00:00:00+00:00
[2025-09-14T17:22:30.719+0000] {processor.py:183} INFO - Processing /opt/airflow/dags/amazon_books_elt.py took 0.512 seconds
[2025-09-14T17:23:01.075+0000] {processor.py:161} INFO - Started process (PID=3250) to work on /opt/airflow/dags/amazon_books_elt.py
[2025-09-14T17:23:01.076+0000] {processor.py:830} INFO - Processing file /opt/airflow/dags/amazon_books_elt.py for tasks to queue
[2025-09-14T17:23:01.077+0000] {logging_mixin.py:188} INFO - [2025-09-14T17:23:01.077+0000] {dagbag.py:545} INFO - Filling up the DagBag from /opt/airflow/dags/amazon_books_elt.py
[2025-09-14T17:23:01.513+0000] {processor.py:840} INFO - DAG(s) 'amazon_books_elt' retrieved from /opt/airflow/dags/amazon_books_elt.py
[2025-09-14T17:23:01.534+0000] {logging_mixin.py:188} INFO - [2025-09-14T17:23:01.533+0000] {dag.py:3096} INFO - Sync 1 DAGs
[2025-09-14T17:23:01.557+0000] {logging_mixin.py:188} INFO - [2025-09-14T17:23:01.556+0000] {dag.py:3954} INFO - Setting next_dagrun for amazon_books_elt to 2025-09-14 00:00:00+00:00, run_after=2025-09-15 00:00:00+00:00
[2025-09-14T17:23:01.586+0000] {processor.py:183} INFO - Processing /opt/airflow/dags/amazon_books_elt.py took 0.515 seconds
[2025-09-14T17:23:32.417+0000] {processor.py:161} INFO - Started process (PID=3270) to work on /opt/airflow/dags/amazon_books_elt.py
[2025-09-14T17:23:32.418+0000] {processor.py:830} INFO - Processing file /opt/airflow/dags/amazon_books_elt.py for tasks to queue
[2025-09-14T17:23:32.419+0000] {logging_mixin.py:188} INFO - [2025-09-14T17:23:32.419+0000] {dagbag.py:545} INFO - Filling up the DagBag from /opt/airflow/dags/amazon_books_elt.py
[2025-09-14T17:23:32.823+0000] {processor.py:840} INFO - DAG(s) 'amazon_books_elt' retrieved from /opt/airflow/dags/amazon_books_elt.py
[2025-09-14T17:23:32.837+0000] {logging_mixin.py:188} INFO - [2025-09-14T17:23:32.837+0000] {dag.py:3096} INFO - Sync 1 DAGs
[2025-09-14T17:23:32.850+0000] {logging_mixin.py:188} INFO - [2025-09-14T17:23:32.849+0000] {dag.py:3954} INFO - Setting next_dagrun for amazon_books_elt to 2025-09-14 00:00:00+00:00, run_after=2025-09-15 00:00:00+00:00
[2025-09-14T17:23:32.861+0000] {processor.py:183} INFO - Processing /opt/airflow/dags/amazon_books_elt.py took 0.448 seconds
[2025-09-14T17:24:03.248+0000] {processor.py:161} INFO - Started process (PID=3290) to work on /opt/airflow/dags/amazon_books_elt.py
[2025-09-14T17:24:03.249+0000] {processor.py:830} INFO - Processing file /opt/airflow/dags/amazon_books_elt.py for tasks to queue
[2025-09-14T17:24:03.250+0000] {logging_mixin.py:188} INFO - [2025-09-14T17:24:03.250+0000] {dagbag.py:545} INFO - Filling up the DagBag from /opt/airflow/dags/amazon_books_elt.py
[2025-09-14T17:24:03.635+0000] {processor.py:840} INFO - DAG(s) 'amazon_books_elt' retrieved from /opt/airflow/dags/amazon_books_elt.py
[2025-09-14T17:24:03.651+0000] {logging_mixin.py:188} INFO - [2025-09-14T17:24:03.651+0000] {dag.py:3096} INFO - Sync 1 DAGs
[2025-09-14T17:24:03.664+0000] {logging_mixin.py:188} INFO - [2025-09-14T17:24:03.664+0000] {dag.py:3954} INFO - Setting next_dagrun for amazon_books_elt to 2025-09-14 00:00:00+00:00, run_after=2025-09-15 00:00:00+00:00
[2025-09-14T17:24:03.676+0000] {processor.py:183} INFO - Processing /opt/airflow/dags/amazon_books_elt.py took 0.432 seconds
[2025-09-14T17:24:34.084+0000] {processor.py:161} INFO - Started process (PID=3310) to work on /opt/airflow/dags/amazon_books_elt.py
[2025-09-14T17:24:34.085+0000] {processor.py:830} INFO - Processing file /opt/airflow/dags/amazon_books_elt.py for tasks to queue
[2025-09-14T17:24:34.086+0000] {logging_mixin.py:188} INFO - [2025-09-14T17:24:34.086+0000] {dagbag.py:545} INFO - Filling up the DagBag from /opt/airflow/dags/amazon_books_elt.py
[2025-09-14T17:24:34.465+0000] {processor.py:840} INFO - DAG(s) 'amazon_books_elt' retrieved from /opt/airflow/dags/amazon_books_elt.py
[2025-09-14T17:24:34.481+0000] {logging_mixin.py:188} INFO - [2025-09-14T17:24:34.480+0000] {dag.py:3096} INFO - Sync 1 DAGs
[2025-09-14T17:24:34.492+0000] {logging_mixin.py:188} INFO - [2025-09-14T17:24:34.492+0000] {dag.py:3954} INFO - Setting next_dagrun for amazon_books_elt to 2025-09-14 00:00:00+00:00, run_after=2025-09-15 00:00:00+00:00
[2025-09-14T17:24:34.504+0000] {processor.py:183} INFO - Processing /opt/airflow/dags/amazon_books_elt.py took 0.424 seconds
[2025-09-14T17:25:04.912+0000] {processor.py:161} INFO - Started process (PID=3330) to work on /opt/airflow/dags/amazon_books_elt.py
[2025-09-14T17:25:04.913+0000] {processor.py:830} INFO - Processing file /opt/airflow/dags/amazon_books_elt.py for tasks to queue
[2025-09-14T17:25:04.915+0000] {logging_mixin.py:188} INFO - [2025-09-14T17:25:04.914+0000] {dagbag.py:545} INFO - Filling up the DagBag from /opt/airflow/dags/amazon_books_elt.py
[2025-09-14T17:25:05.300+0000] {processor.py:840} INFO - DAG(s) 'amazon_books_elt' retrieved from /opt/airflow/dags/amazon_books_elt.py
[2025-09-14T17:25:05.317+0000] {logging_mixin.py:188} INFO - [2025-09-14T17:25:05.317+0000] {dag.py:3096} INFO - Sync 1 DAGs
[2025-09-14T17:25:05.329+0000] {logging_mixin.py:188} INFO - [2025-09-14T17:25:05.329+0000] {dag.py:3954} INFO - Setting next_dagrun for amazon_books_elt to 2025-09-14 00:00:00+00:00, run_after=2025-09-15 00:00:00+00:00
[2025-09-14T17:25:05.340+0000] {processor.py:183} INFO - Processing /opt/airflow/dags/amazon_books_elt.py took 0.431 seconds
[2025-09-14T17:25:36.162+0000] {processor.py:161} INFO - Started process (PID=3350) to work on /opt/airflow/dags/amazon_books_elt.py
[2025-09-14T17:25:36.163+0000] {processor.py:830} INFO - Processing file /opt/airflow/dags/amazon_books_elt.py for tasks to queue
[2025-09-14T17:25:36.164+0000] {logging_mixin.py:188} INFO - [2025-09-14T17:25:36.163+0000] {dagbag.py:545} INFO - Filling up the DagBag from /opt/airflow/dags/amazon_books_elt.py
[2025-09-14T17:25:36.642+0000] {processor.py:840} INFO - DAG(s) 'amazon_books_elt' retrieved from /opt/airflow/dags/amazon_books_elt.py
[2025-09-14T17:25:36.659+0000] {logging_mixin.py:188} INFO - [2025-09-14T17:25:36.659+0000] {dag.py:3096} INFO - Sync 1 DAGs
[2025-09-14T17:25:36.672+0000] {logging_mixin.py:188} INFO - [2025-09-14T17:25:36.672+0000] {dag.py:3954} INFO - Setting next_dagrun for amazon_books_elt to 2025-09-14 00:00:00+00:00, run_after=2025-09-15 00:00:00+00:00
[2025-09-14T17:25:36.684+0000] {processor.py:183} INFO - Processing /opt/airflow/dags/amazon_books_elt.py took 0.526 seconds
[2025-09-14T17:26:07.062+0000] {processor.py:161} INFO - Started process (PID=3370) to work on /opt/airflow/dags/amazon_books_elt.py
[2025-09-14T17:26:07.063+0000] {processor.py:830} INFO - Processing file /opt/airflow/dags/amazon_books_elt.py for tasks to queue
[2025-09-14T17:26:07.064+0000] {logging_mixin.py:188} INFO - [2025-09-14T17:26:07.064+0000] {dagbag.py:545} INFO - Filling up the DagBag from /opt/airflow/dags/amazon_books_elt.py
[2025-09-14T17:26:07.504+0000] {processor.py:840} INFO - DAG(s) 'amazon_books_elt' retrieved from /opt/airflow/dags/amazon_books_elt.py
[2025-09-14T17:26:07.520+0000] {logging_mixin.py:188} INFO - [2025-09-14T17:26:07.520+0000] {dag.py:3096} INFO - Sync 1 DAGs
[2025-09-14T17:26:07.532+0000] {logging_mixin.py:188} INFO - [2025-09-14T17:26:07.532+0000] {dag.py:3954} INFO - Setting next_dagrun for amazon_books_elt to 2025-09-14 00:00:00+00:00, run_after=2025-09-15 00:00:00+00:00
[2025-09-14T17:26:07.543+0000] {processor.py:183} INFO - Processing /opt/airflow/dags/amazon_books_elt.py took 0.485 seconds
[2025-09-14T17:26:38.396+0000] {processor.py:161} INFO - Started process (PID=3392) to work on /opt/airflow/dags/amazon_books_elt.py
[2025-09-14T17:26:38.399+0000] {processor.py:830} INFO - Processing file /opt/airflow/dags/amazon_books_elt.py for tasks to queue
[2025-09-14T17:26:38.400+0000] {logging_mixin.py:188} INFO - [2025-09-14T17:26:38.400+0000] {dagbag.py:545} INFO - Filling up the DagBag from /opt/airflow/dags/amazon_books_elt.py
[2025-09-14T17:26:38.805+0000] {processor.py:840} INFO - DAG(s) 'amazon_books_elt' retrieved from /opt/airflow/dags/amazon_books_elt.py
[2025-09-14T17:26:38.824+0000] {logging_mixin.py:188} INFO - [2025-09-14T17:26:38.824+0000] {dag.py:3096} INFO - Sync 1 DAGs
[2025-09-14T17:26:38.839+0000] {logging_mixin.py:188} INFO - [2025-09-14T17:26:38.839+0000] {dag.py:3954} INFO - Setting next_dagrun for amazon_books_elt to 2025-09-14 00:00:00+00:00, run_after=2025-09-15 00:00:00+00:00
[2025-09-14T17:26:38.851+0000] {processor.py:183} INFO - Processing /opt/airflow/dags/amazon_books_elt.py took 0.459 seconds
[2025-09-14T17:27:09.173+0000] {processor.py:161} INFO - Started process (PID=3414) to work on /opt/airflow/dags/amazon_books_elt.py
[2025-09-14T17:27:09.175+0000] {processor.py:830} INFO - Processing file /opt/airflow/dags/amazon_books_elt.py for tasks to queue
[2025-09-14T17:27:09.176+0000] {logging_mixin.py:188} INFO - [2025-09-14T17:27:09.176+0000] {dagbag.py:545} INFO - Filling up the DagBag from /opt/airflow/dags/amazon_books_elt.py
[2025-09-14T17:27:09.599+0000] {processor.py:840} INFO - DAG(s) 'amazon_books_elt' retrieved from /opt/airflow/dags/amazon_books_elt.py
[2025-09-14T17:27:09.617+0000] {logging_mixin.py:188} INFO - [2025-09-14T17:27:09.616+0000] {dag.py:3096} INFO - Sync 1 DAGs
[2025-09-14T17:27:09.631+0000] {logging_mixin.py:188} INFO - [2025-09-14T17:27:09.631+0000] {dag.py:3954} INFO - Setting next_dagrun for amazon_books_elt to 2025-09-14 00:00:00+00:00, run_after=2025-09-15 00:00:00+00:00
[2025-09-14T17:27:09.645+0000] {processor.py:183} INFO - Processing /opt/airflow/dags/amazon_books_elt.py took 0.476 seconds
[2025-09-14T17:27:39.973+0000] {processor.py:161} INFO - Started process (PID=3436) to work on /opt/airflow/dags/amazon_books_elt.py
[2025-09-14T17:27:39.974+0000] {processor.py:830} INFO - Processing file /opt/airflow/dags/amazon_books_elt.py for tasks to queue
[2025-09-14T17:27:39.975+0000] {logging_mixin.py:188} INFO - [2025-09-14T17:27:39.975+0000] {dagbag.py:545} INFO - Filling up the DagBag from /opt/airflow/dags/amazon_books_elt.py
[2025-09-14T17:27:40.368+0000] {processor.py:840} INFO - DAG(s) 'amazon_books_elt' retrieved from /opt/airflow/dags/amazon_books_elt.py
[2025-09-14T17:27:40.385+0000] {logging_mixin.py:188} INFO - [2025-09-14T17:27:40.385+0000] {dag.py:3096} INFO - Sync 1 DAGs
[2025-09-14T17:27:40.401+0000] {logging_mixin.py:188} INFO - [2025-09-14T17:27:40.401+0000] {dag.py:3954} INFO - Setting next_dagrun for amazon_books_elt to 2025-09-14 00:00:00+00:00, run_after=2025-09-15 00:00:00+00:00
[2025-09-14T17:27:40.418+0000] {processor.py:183} INFO - Processing /opt/airflow/dags/amazon_books_elt.py took 0.449 seconds
[2025-09-14T17:28:12.804+0000] {processor.py:161} INFO - Started process (PID=3455) to work on /opt/airflow/dags/amazon_books_elt.py
[2025-09-14T17:28:12.806+0000] {processor.py:830} INFO - Processing file /opt/airflow/dags/amazon_books_elt.py for tasks to queue
[2025-09-14T17:28:12.840+0000] {logging_mixin.py:188} INFO - [2025-09-14T17:28:12.836+0000] {dagbag.py:545} INFO - Filling up the DagBag from /opt/airflow/dags/amazon_books_elt.py
[2025-09-14T17:28:15.828+0000] {processor.py:840} INFO - DAG(s) 'amazon_books_elt' retrieved from /opt/airflow/dags/amazon_books_elt.py
[2025-09-14T17:28:15.965+0000] {logging_mixin.py:188} INFO - [2025-09-14T17:28:15.962+0000] {dag.py:3096} INFO - Sync 1 DAGs
[2025-09-14T17:28:15.989+0000] {logging_mixin.py:188} INFO - [2025-09-14T17:28:15.989+0000] {dag.py:3954} INFO - Setting next_dagrun for amazon_books_elt to 2025-09-14 00:00:00+00:00, run_after=2025-09-15 00:00:00+00:00
[2025-09-14T17:28:16.012+0000] {processor.py:183} INFO - Processing /opt/airflow/dags/amazon_books_elt.py took 3.335 seconds
[2025-09-14T17:28:46.439+0000] {processor.py:161} INFO - Started process (PID=3472) to work on /opt/airflow/dags/amazon_books_elt.py
[2025-09-14T17:28:46.441+0000] {processor.py:830} INFO - Processing file /opt/airflow/dags/amazon_books_elt.py for tasks to queue
[2025-09-14T17:28:46.442+0000] {logging_mixin.py:188} INFO - [2025-09-14T17:28:46.442+0000] {dagbag.py:545} INFO - Filling up the DagBag from /opt/airflow/dags/amazon_books_elt.py
[2025-09-14T17:28:46.948+0000] {processor.py:840} INFO - DAG(s) 'amazon_books_elt' retrieved from /opt/airflow/dags/amazon_books_elt.py
[2025-09-14T17:28:46.966+0000] {logging_mixin.py:188} INFO - [2025-09-14T17:28:46.965+0000] {dag.py:3096} INFO - Sync 1 DAGs
[2025-09-14T17:28:46.990+0000] {logging_mixin.py:188} INFO - [2025-09-14T17:28:46.990+0000] {dag.py:3954} INFO - Setting next_dagrun for amazon_books_elt to 2025-09-14 00:00:00+00:00, run_after=2025-09-15 00:00:00+00:00
[2025-09-14T17:28:47.003+0000] {processor.py:183} INFO - Processing /opt/airflow/dags/amazon_books_elt.py took 0.569 seconds
[2025-09-14T17:29:17.471+0000] {processor.py:161} INFO - Started process (PID=3525) to work on /opt/airflow/dags/amazon_books_elt.py
[2025-09-14T17:29:17.477+0000] {processor.py:830} INFO - Processing file /opt/airflow/dags/amazon_books_elt.py for tasks to queue
[2025-09-14T17:29:17.479+0000] {logging_mixin.py:188} INFO - [2025-09-14T17:29:17.479+0000] {dagbag.py:545} INFO - Filling up the DagBag from /opt/airflow/dags/amazon_books_elt.py
[2025-09-14T17:29:18.314+0000] {processor.py:840} INFO - DAG(s) 'amazon_books_elt' retrieved from /opt/airflow/dags/amazon_books_elt.py
[2025-09-14T17:29:18.344+0000] {logging_mixin.py:188} INFO - [2025-09-14T17:29:18.343+0000] {dag.py:3096} INFO - Sync 1 DAGs
[2025-09-14T17:29:18.370+0000] {logging_mixin.py:188} INFO - [2025-09-14T17:29:18.370+0000] {dag.py:3954} INFO - Setting next_dagrun for amazon_books_elt to 2025-09-14 00:00:00+00:00, run_after=2025-09-15 00:00:00+00:00
[2025-09-14T17:29:18.395+0000] {processor.py:183} INFO - Processing /opt/airflow/dags/amazon_books_elt.py took 0.932 seconds
[2025-09-14T17:29:48.572+0000] {processor.py:161} INFO - Started process (PID=3556) to work on /opt/airflow/dags/amazon_books_elt.py
[2025-09-14T17:29:48.578+0000] {processor.py:830} INFO - Processing file /opt/airflow/dags/amazon_books_elt.py for tasks to queue
[2025-09-14T17:29:48.580+0000] {logging_mixin.py:188} INFO - [2025-09-14T17:29:48.580+0000] {dagbag.py:545} INFO - Filling up the DagBag from /opt/airflow/dags/amazon_books_elt.py
[2025-09-14T17:29:49.043+0000] {processor.py:840} INFO - DAG(s) 'amazon_books_elt' retrieved from /opt/airflow/dags/amazon_books_elt.py
[2025-09-14T17:29:49.060+0000] {logging_mixin.py:188} INFO - [2025-09-14T17:29:49.060+0000] {dag.py:3096} INFO - Sync 1 DAGs
[2025-09-14T17:29:49.074+0000] {logging_mixin.py:188} INFO - [2025-09-14T17:29:49.074+0000] {dag.py:3954} INFO - Setting next_dagrun for amazon_books_elt to 2025-09-14 00:00:00+00:00, run_after=2025-09-15 00:00:00+00:00
[2025-09-14T17:29:49.093+0000] {processor.py:183} INFO - Processing /opt/airflow/dags/amazon_books_elt.py took 0.525 seconds
[2025-09-14T17:30:19.439+0000] {processor.py:161} INFO - Started process (PID=3578) to work on /opt/airflow/dags/amazon_books_elt.py
[2025-09-14T17:30:19.440+0000] {processor.py:830} INFO - Processing file /opt/airflow/dags/amazon_books_elt.py for tasks to queue
[2025-09-14T17:30:19.441+0000] {logging_mixin.py:188} INFO - [2025-09-14T17:30:19.441+0000] {dagbag.py:545} INFO - Filling up the DagBag from /opt/airflow/dags/amazon_books_elt.py
[2025-09-14T17:30:19.881+0000] {processor.py:840} INFO - DAG(s) 'amazon_books_elt' retrieved from /opt/airflow/dags/amazon_books_elt.py
[2025-09-14T17:30:19.918+0000] {logging_mixin.py:188} INFO - [2025-09-14T17:30:19.918+0000] {dag.py:3096} INFO - Sync 1 DAGs
[2025-09-14T17:30:19.941+0000] {logging_mixin.py:188} INFO - [2025-09-14T17:30:19.940+0000] {dag.py:3954} INFO - Setting next_dagrun for amazon_books_elt to 2025-09-14 00:00:00+00:00, run_after=2025-09-15 00:00:00+00:00
[2025-09-14T17:30:19.971+0000] {processor.py:183} INFO - Processing /opt/airflow/dags/amazon_books_elt.py took 0.536 seconds
[2025-09-14T17:30:50.168+0000] {processor.py:161} INFO - Started process (PID=3614) to work on /opt/airflow/dags/amazon_books_elt.py
[2025-09-14T17:30:50.169+0000] {processor.py:830} INFO - Processing file /opt/airflow/dags/amazon_books_elt.py for tasks to queue
[2025-09-14T17:30:50.170+0000] {logging_mixin.py:188} INFO - [2025-09-14T17:30:50.170+0000] {dagbag.py:545} INFO - Filling up the DagBag from /opt/airflow/dags/amazon_books_elt.py
[2025-09-14T17:30:50.637+0000] {processor.py:840} INFO - DAG(s) 'amazon_books_elt' retrieved from /opt/airflow/dags/amazon_books_elt.py
[2025-09-14T17:30:50.653+0000] {logging_mixin.py:188} INFO - [2025-09-14T17:30:50.653+0000] {dag.py:3096} INFO - Sync 1 DAGs
[2025-09-14T17:30:50.668+0000] {logging_mixin.py:188} INFO - [2025-09-14T17:30:50.668+0000] {dag.py:3954} INFO - Setting next_dagrun for amazon_books_elt to 2025-09-14 00:00:00+00:00, run_after=2025-09-15 00:00:00+00:00
[2025-09-14T17:30:50.680+0000] {processor.py:183} INFO - Processing /opt/airflow/dags/amazon_books_elt.py took 0.516 seconds
[2025-09-14T17:31:20.993+0000] {processor.py:161} INFO - Started process (PID=3637) to work on /opt/airflow/dags/amazon_books_elt.py
[2025-09-14T17:31:21.001+0000] {processor.py:830} INFO - Processing file /opt/airflow/dags/amazon_books_elt.py for tasks to queue
[2025-09-14T17:31:21.002+0000] {logging_mixin.py:188} INFO - [2025-09-14T17:31:21.002+0000] {dagbag.py:545} INFO - Filling up the DagBag from /opt/airflow/dags/amazon_books_elt.py
[2025-09-14T17:31:21.410+0000] {processor.py:840} INFO - DAG(s) 'amazon_books_elt' retrieved from /opt/airflow/dags/amazon_books_elt.py
[2025-09-14T17:31:21.426+0000] {logging_mixin.py:188} INFO - [2025-09-14T17:31:21.426+0000] {dag.py:3096} INFO - Sync 1 DAGs
[2025-09-14T17:31:21.439+0000] {logging_mixin.py:188} INFO - [2025-09-14T17:31:21.439+0000] {dag.py:3954} INFO - Setting next_dagrun for amazon_books_elt to 2025-09-14 00:00:00+00:00, run_after=2025-09-15 00:00:00+00:00
[2025-09-14T17:31:21.460+0000] {processor.py:183} INFO - Processing /opt/airflow/dags/amazon_books_elt.py took 0.471 seconds
[2025-09-14T17:31:51.775+0000] {processor.py:161} INFO - Started process (PID=3659) to work on /opt/airflow/dags/amazon_books_elt.py
[2025-09-14T17:31:51.776+0000] {processor.py:830} INFO - Processing file /opt/airflow/dags/amazon_books_elt.py for tasks to queue
[2025-09-14T17:31:51.777+0000] {logging_mixin.py:188} INFO - [2025-09-14T17:31:51.777+0000] {dagbag.py:545} INFO - Filling up the DagBag from /opt/airflow/dags/amazon_books_elt.py
[2025-09-14T17:31:52.184+0000] {processor.py:840} INFO - DAG(s) 'amazon_books_elt' retrieved from /opt/airflow/dags/amazon_books_elt.py
[2025-09-14T17:31:52.200+0000] {logging_mixin.py:188} INFO - [2025-09-14T17:31:52.199+0000] {dag.py:3096} INFO - Sync 1 DAGs
[2025-09-14T17:31:52.212+0000] {logging_mixin.py:188} INFO - [2025-09-14T17:31:52.212+0000] {dag.py:3954} INFO - Setting next_dagrun for amazon_books_elt to 2025-09-14 00:00:00+00:00, run_after=2025-09-15 00:00:00+00:00
[2025-09-14T17:31:52.224+0000] {processor.py:183} INFO - Processing /opt/airflow/dags/amazon_books_elt.py took 0.454 seconds
[2025-09-14T17:32:22.517+0000] {processor.py:161} INFO - Started process (PID=3681) to work on /opt/airflow/dags/amazon_books_elt.py
[2025-09-14T17:32:22.520+0000] {processor.py:830} INFO - Processing file /opt/airflow/dags/amazon_books_elt.py for tasks to queue
[2025-09-14T17:32:22.521+0000] {logging_mixin.py:188} INFO - [2025-09-14T17:32:22.521+0000] {dagbag.py:545} INFO - Filling up the DagBag from /opt/airflow/dags/amazon_books_elt.py
[2025-09-14T17:32:22.923+0000] {processor.py:840} INFO - DAG(s) 'amazon_books_elt' retrieved from /opt/airflow/dags/amazon_books_elt.py
[2025-09-14T17:32:22.939+0000] {logging_mixin.py:188} INFO - [2025-09-14T17:32:22.938+0000] {dag.py:3096} INFO - Sync 1 DAGs
[2025-09-14T17:32:22.951+0000] {logging_mixin.py:188} INFO - [2025-09-14T17:32:22.951+0000] {dag.py:3954} INFO - Setting next_dagrun for amazon_books_elt to 2025-09-14 00:00:00+00:00, run_after=2025-09-15 00:00:00+00:00
[2025-09-14T17:32:22.963+0000] {processor.py:183} INFO - Processing /opt/airflow/dags/amazon_books_elt.py took 0.450 seconds
[2025-09-14T17:32:53.345+0000] {processor.py:161} INFO - Started process (PID=3703) to work on /opt/airflow/dags/amazon_books_elt.py
[2025-09-14T17:32:53.348+0000] {processor.py:830} INFO - Processing file /opt/airflow/dags/amazon_books_elt.py for tasks to queue
[2025-09-14T17:32:53.349+0000] {logging_mixin.py:188} INFO - [2025-09-14T17:32:53.348+0000] {dagbag.py:545} INFO - Filling up the DagBag from /opt/airflow/dags/amazon_books_elt.py
[2025-09-14T17:32:53.724+0000] {processor.py:840} INFO - DAG(s) 'amazon_books_elt' retrieved from /opt/airflow/dags/amazon_books_elt.py
[2025-09-14T17:32:53.739+0000] {logging_mixin.py:188} INFO - [2025-09-14T17:32:53.739+0000] {dag.py:3096} INFO - Sync 1 DAGs
[2025-09-14T17:32:53.753+0000] {logging_mixin.py:188} INFO - [2025-09-14T17:32:53.753+0000] {dag.py:3954} INFO - Setting next_dagrun for amazon_books_elt to 2025-09-14 00:00:00+00:00, run_after=2025-09-15 00:00:00+00:00
[2025-09-14T17:32:53.764+0000] {processor.py:183} INFO - Processing /opt/airflow/dags/amazon_books_elt.py took 0.423 seconds
[2025-09-14T17:33:24.696+0000] {processor.py:161} INFO - Started process (PID=3725) to work on /opt/airflow/dags/amazon_books_elt.py
[2025-09-14T17:33:24.697+0000] {processor.py:830} INFO - Processing file /opt/airflow/dags/amazon_books_elt.py for tasks to queue
[2025-09-14T17:33:24.699+0000] {logging_mixin.py:188} INFO - [2025-09-14T17:33:24.699+0000] {dagbag.py:545} INFO - Filling up the DagBag from /opt/airflow/dags/amazon_books_elt.py
[2025-09-14T17:33:25.110+0000] {processor.py:840} INFO - DAG(s) 'amazon_books_elt' retrieved from /opt/airflow/dags/amazon_books_elt.py
[2025-09-14T17:33:25.125+0000] {logging_mixin.py:188} INFO - [2025-09-14T17:33:25.125+0000] {dag.py:3096} INFO - Sync 1 DAGs
[2025-09-14T17:33:25.137+0000] {logging_mixin.py:188} INFO - [2025-09-14T17:33:25.137+0000] {dag.py:3954} INFO - Setting next_dagrun for amazon_books_elt to 2025-09-14 00:00:00+00:00, run_after=2025-09-15 00:00:00+00:00
[2025-09-14T17:33:25.148+0000] {processor.py:183} INFO - Processing /opt/airflow/dags/amazon_books_elt.py took 0.456 seconds
[2025-09-14T17:33:55.551+0000] {processor.py:161} INFO - Started process (PID=3747) to work on /opt/airflow/dags/amazon_books_elt.py
[2025-09-14T17:33:55.552+0000] {processor.py:830} INFO - Processing file /opt/airflow/dags/amazon_books_elt.py for tasks to queue
[2025-09-14T17:33:55.553+0000] {logging_mixin.py:188} INFO - [2025-09-14T17:33:55.553+0000] {dagbag.py:545} INFO - Filling up the DagBag from /opt/airflow/dags/amazon_books_elt.py
[2025-09-14T17:33:55.955+0000] {processor.py:840} INFO - DAG(s) 'amazon_books_elt' retrieved from /opt/airflow/dags/amazon_books_elt.py
[2025-09-14T17:33:55.970+0000] {logging_mixin.py:188} INFO - [2025-09-14T17:33:55.970+0000] {dag.py:3096} INFO - Sync 1 DAGs
[2025-09-14T17:33:55.982+0000] {logging_mixin.py:188} INFO - [2025-09-14T17:33:55.982+0000] {dag.py:3954} INFO - Setting next_dagrun for amazon_books_elt to 2025-09-14 00:00:00+00:00, run_after=2025-09-15 00:00:00+00:00
[2025-09-14T17:33:55.993+0000] {processor.py:183} INFO - Processing /opt/airflow/dags/amazon_books_elt.py took 0.445 seconds
[2025-09-14T17:34:26.413+0000] {processor.py:161} INFO - Started process (PID=3769) to work on /opt/airflow/dags/amazon_books_elt.py
[2025-09-14T17:34:26.414+0000] {processor.py:830} INFO - Processing file /opt/airflow/dags/amazon_books_elt.py for tasks to queue
[2025-09-14T17:34:26.415+0000] {logging_mixin.py:188} INFO - [2025-09-14T17:34:26.414+0000] {dagbag.py:545} INFO - Filling up the DagBag from /opt/airflow/dags/amazon_books_elt.py
[2025-09-14T17:34:26.801+0000] {processor.py:840} INFO - DAG(s) 'amazon_books_elt' retrieved from /opt/airflow/dags/amazon_books_elt.py
[2025-09-14T17:34:26.816+0000] {logging_mixin.py:188} INFO - [2025-09-14T17:34:26.816+0000] {dag.py:3096} INFO - Sync 1 DAGs
[2025-09-14T17:34:26.829+0000] {logging_mixin.py:188} INFO - [2025-09-14T17:34:26.828+0000] {dag.py:3954} INFO - Setting next_dagrun for amazon_books_elt to 2025-09-14 00:00:00+00:00, run_after=2025-09-15 00:00:00+00:00
[2025-09-14T17:34:26.841+0000] {processor.py:183} INFO - Processing /opt/airflow/dags/amazon_books_elt.py took 0.432 seconds
[2025-09-14T17:34:57.308+0000] {processor.py:161} INFO - Started process (PID=3791) to work on /opt/airflow/dags/amazon_books_elt.py
[2025-09-14T17:34:57.309+0000] {processor.py:830} INFO - Processing file /opt/airflow/dags/amazon_books_elt.py for tasks to queue
[2025-09-14T17:34:57.310+0000] {logging_mixin.py:188} INFO - [2025-09-14T17:34:57.310+0000] {dagbag.py:545} INFO - Filling up the DagBag from /opt/airflow/dags/amazon_books_elt.py
[2025-09-14T17:34:57.684+0000] {processor.py:840} INFO - DAG(s) 'amazon_books_elt' retrieved from /opt/airflow/dags/amazon_books_elt.py
[2025-09-14T17:34:57.699+0000] {logging_mixin.py:188} INFO - [2025-09-14T17:34:57.699+0000] {dag.py:3096} INFO - Sync 1 DAGs
[2025-09-14T17:34:57.712+0000] {logging_mixin.py:188} INFO - [2025-09-14T17:34:57.711+0000] {dag.py:3954} INFO - Setting next_dagrun for amazon_books_elt to 2025-09-14 00:00:00+00:00, run_after=2025-09-15 00:00:00+00:00
[2025-09-14T17:34:57.724+0000] {processor.py:183} INFO - Processing /opt/airflow/dags/amazon_books_elt.py took 0.421 seconds
[2025-09-14T17:35:28.105+0000] {processor.py:161} INFO - Started process (PID=3813) to work on /opt/airflow/dags/amazon_books_elt.py
[2025-09-14T17:35:28.106+0000] {processor.py:830} INFO - Processing file /opt/airflow/dags/amazon_books_elt.py for tasks to queue
[2025-09-14T17:35:28.107+0000] {logging_mixin.py:188} INFO - [2025-09-14T17:35:28.107+0000] {dagbag.py:545} INFO - Filling up the DagBag from /opt/airflow/dags/amazon_books_elt.py
[2025-09-14T17:35:28.483+0000] {processor.py:840} INFO - DAG(s) 'amazon_books_elt' retrieved from /opt/airflow/dags/amazon_books_elt.py
[2025-09-14T17:35:28.500+0000] {logging_mixin.py:188} INFO - [2025-09-14T17:35:28.499+0000] {dag.py:3096} INFO - Sync 1 DAGs
[2025-09-14T17:35:28.513+0000] {logging_mixin.py:188} INFO - [2025-09-14T17:35:28.513+0000] {dag.py:3954} INFO - Setting next_dagrun for amazon_books_elt to 2025-09-14 00:00:00+00:00, run_after=2025-09-15 00:00:00+00:00
[2025-09-14T17:35:28.524+0000] {processor.py:183} INFO - Processing /opt/airflow/dags/amazon_books_elt.py took 0.424 seconds
[2025-09-14T17:35:58.889+0000] {processor.py:161} INFO - Started process (PID=3839) to work on /opt/airflow/dags/amazon_books_elt.py
[2025-09-14T17:35:58.889+0000] {processor.py:830} INFO - Processing file /opt/airflow/dags/amazon_books_elt.py for tasks to queue
[2025-09-14T17:35:58.891+0000] {logging_mixin.py:188} INFO - [2025-09-14T17:35:58.890+0000] {dagbag.py:545} INFO - Filling up the DagBag from /opt/airflow/dags/amazon_books_elt.py
[2025-09-14T17:35:59.277+0000] {processor.py:840} INFO - DAG(s) 'amazon_books_elt' retrieved from /opt/airflow/dags/amazon_books_elt.py
[2025-09-14T17:35:59.296+0000] {logging_mixin.py:188} INFO - [2025-09-14T17:35:59.295+0000] {dag.py:3096} INFO - Sync 1 DAGs
[2025-09-14T17:35:59.312+0000] {logging_mixin.py:188} INFO - [2025-09-14T17:35:59.312+0000] {dag.py:3954} INFO - Setting next_dagrun for amazon_books_elt to 2025-09-14 00:00:00+00:00, run_after=2025-09-15 00:00:00+00:00
[2025-09-14T17:35:59.333+0000] {processor.py:183} INFO - Processing /opt/airflow/dags/amazon_books_elt.py took 0.448 seconds
[2025-09-14T17:36:29.672+0000] {processor.py:161} INFO - Started process (PID=3861) to work on /opt/airflow/dags/amazon_books_elt.py
[2025-09-14T17:36:29.672+0000] {processor.py:830} INFO - Processing file /opt/airflow/dags/amazon_books_elt.py for tasks to queue
[2025-09-14T17:36:29.673+0000] {logging_mixin.py:188} INFO - [2025-09-14T17:36:29.673+0000] {dagbag.py:545} INFO - Filling up the DagBag from /opt/airflow/dags/amazon_books_elt.py
[2025-09-14T17:36:30.046+0000] {processor.py:840} INFO - DAG(s) 'amazon_books_elt' retrieved from /opt/airflow/dags/amazon_books_elt.py
[2025-09-14T17:36:30.061+0000] {logging_mixin.py:188} INFO - [2025-09-14T17:36:30.060+0000] {dag.py:3096} INFO - Sync 1 DAGs
[2025-09-14T17:36:30.073+0000] {logging_mixin.py:188} INFO - [2025-09-14T17:36:30.073+0000] {dag.py:3954} INFO - Setting next_dagrun for amazon_books_elt to 2025-09-14 00:00:00+00:00, run_after=2025-09-15 00:00:00+00:00
[2025-09-14T17:36:30.083+0000] {processor.py:183} INFO - Processing /opt/airflow/dags/amazon_books_elt.py took 0.416 seconds
[2025-09-14T17:37:00.392+0000] {processor.py:161} INFO - Started process (PID=3883) to work on /opt/airflow/dags/amazon_books_elt.py
[2025-09-14T17:37:00.393+0000] {processor.py:830} INFO - Processing file /opt/airflow/dags/amazon_books_elt.py for tasks to queue
[2025-09-14T17:37:00.394+0000] {logging_mixin.py:188} INFO - [2025-09-14T17:37:00.394+0000] {dagbag.py:545} INFO - Filling up the DagBag from /opt/airflow/dags/amazon_books_elt.py
[2025-09-14T17:37:00.781+0000] {processor.py:840} INFO - DAG(s) 'amazon_books_elt' retrieved from /opt/airflow/dags/amazon_books_elt.py
[2025-09-14T17:37:00.796+0000] {logging_mixin.py:188} INFO - [2025-09-14T17:37:00.796+0000] {dag.py:3096} INFO - Sync 1 DAGs
[2025-09-14T17:37:00.808+0000] {logging_mixin.py:188} INFO - [2025-09-14T17:37:00.808+0000] {dag.py:3954} INFO - Setting next_dagrun for amazon_books_elt to 2025-09-14 00:00:00+00:00, run_after=2025-09-15 00:00:00+00:00
[2025-09-14T17:37:00.820+0000] {processor.py:183} INFO - Processing /opt/airflow/dags/amazon_books_elt.py took 0.432 seconds
[2025-09-14T17:37:31.151+0000] {processor.py:161} INFO - Started process (PID=3905) to work on /opt/airflow/dags/amazon_books_elt.py
[2025-09-14T17:37:31.153+0000] {processor.py:830} INFO - Processing file /opt/airflow/dags/amazon_books_elt.py for tasks to queue
[2025-09-14T17:37:31.155+0000] {logging_mixin.py:188} INFO - [2025-09-14T17:37:31.154+0000] {dagbag.py:545} INFO - Filling up the DagBag from /opt/airflow/dags/amazon_books_elt.py
[2025-09-14T17:37:31.530+0000] {processor.py:840} INFO - DAG(s) 'amazon_books_elt' retrieved from /opt/airflow/dags/amazon_books_elt.py
[2025-09-14T17:37:31.546+0000] {logging_mixin.py:188} INFO - [2025-09-14T17:37:31.545+0000] {dag.py:3096} INFO - Sync 1 DAGs
[2025-09-14T17:37:31.558+0000] {logging_mixin.py:188} INFO - [2025-09-14T17:37:31.558+0000] {dag.py:3954} INFO - Setting next_dagrun for amazon_books_elt to 2025-09-14 00:00:00+00:00, run_after=2025-09-15 00:00:00+00:00
[2025-09-14T17:37:31.569+0000] {processor.py:183} INFO - Processing /opt/airflow/dags/amazon_books_elt.py took 0.422 seconds
[2025-09-14T17:38:01.908+0000] {processor.py:161} INFO - Started process (PID=3927) to work on /opt/airflow/dags/amazon_books_elt.py
[2025-09-14T17:38:01.909+0000] {processor.py:830} INFO - Processing file /opt/airflow/dags/amazon_books_elt.py for tasks to queue
[2025-09-14T17:38:01.910+0000] {logging_mixin.py:188} INFO - [2025-09-14T17:38:01.910+0000] {dagbag.py:545} INFO - Filling up the DagBag from /opt/airflow/dags/amazon_books_elt.py
[2025-09-14T17:38:02.295+0000] {processor.py:840} INFO - DAG(s) 'amazon_books_elt' retrieved from /opt/airflow/dags/amazon_books_elt.py
[2025-09-14T17:38:02.311+0000] {logging_mixin.py:188} INFO - [2025-09-14T17:38:02.310+0000] {dag.py:3096} INFO - Sync 1 DAGs
[2025-09-14T17:38:02.322+0000] {logging_mixin.py:188} INFO - [2025-09-14T17:38:02.322+0000] {dag.py:3954} INFO - Setting next_dagrun for amazon_books_elt to 2025-09-14 00:00:00+00:00, run_after=2025-09-15 00:00:00+00:00
[2025-09-14T17:38:02.334+0000] {processor.py:183} INFO - Processing /opt/airflow/dags/amazon_books_elt.py took 0.429 seconds
[2025-09-14T17:38:32.451+0000] {processor.py:161} INFO - Started process (PID=3949) to work on /opt/airflow/dags/amazon_books_elt.py
[2025-09-14T17:38:32.453+0000] {processor.py:830} INFO - Processing file /opt/airflow/dags/amazon_books_elt.py for tasks to queue
[2025-09-14T17:38:32.455+0000] {logging_mixin.py:188} INFO - [2025-09-14T17:38:32.454+0000] {dagbag.py:545} INFO - Filling up the DagBag from /opt/airflow/dags/amazon_books_elt.py
[2025-09-14T17:38:32.839+0000] {processor.py:840} INFO - DAG(s) 'amazon_books_elt' retrieved from /opt/airflow/dags/amazon_books_elt.py
[2025-09-14T17:38:32.854+0000] {logging_mixin.py:188} INFO - [2025-09-14T17:38:32.854+0000] {dag.py:3096} INFO - Sync 1 DAGs
[2025-09-14T17:38:32.866+0000] {logging_mixin.py:188} INFO - [2025-09-14T17:38:32.866+0000] {dag.py:3954} INFO - Setting next_dagrun for amazon_books_elt to 2025-09-14 00:00:00+00:00, run_after=2025-09-15 00:00:00+00:00
[2025-09-14T17:38:32.878+0000] {processor.py:183} INFO - Processing /opt/airflow/dags/amazon_books_elt.py took 0.431 seconds
[2025-09-14T17:39:03.187+0000] {processor.py:161} INFO - Started process (PID=3971) to work on /opt/airflow/dags/amazon_books_elt.py
[2025-09-14T17:39:03.190+0000] {processor.py:830} INFO - Processing file /opt/airflow/dags/amazon_books_elt.py for tasks to queue
[2025-09-14T17:39:03.191+0000] {logging_mixin.py:188} INFO - [2025-09-14T17:39:03.191+0000] {dagbag.py:545} INFO - Filling up the DagBag from /opt/airflow/dags/amazon_books_elt.py
[2025-09-14T17:39:03.627+0000] {processor.py:840} INFO - DAG(s) 'amazon_books_elt' retrieved from /opt/airflow/dags/amazon_books_elt.py
[2025-09-14T17:39:03.642+0000] {logging_mixin.py:188} INFO - [2025-09-14T17:39:03.642+0000] {dag.py:3096} INFO - Sync 1 DAGs
[2025-09-14T17:39:03.655+0000] {logging_mixin.py:188} INFO - [2025-09-14T17:39:03.655+0000] {dag.py:3954} INFO - Setting next_dagrun for amazon_books_elt to 2025-09-14 00:00:00+00:00, run_after=2025-09-15 00:00:00+00:00
[2025-09-14T17:39:03.666+0000] {processor.py:183} INFO - Processing /opt/airflow/dags/amazon_books_elt.py took 0.483 seconds
[2025-09-14T17:39:34.025+0000] {processor.py:161} INFO - Started process (PID=3993) to work on /opt/airflow/dags/amazon_books_elt.py
[2025-09-14T17:39:34.026+0000] {processor.py:830} INFO - Processing file /opt/airflow/dags/amazon_books_elt.py for tasks to queue
[2025-09-14T17:39:34.027+0000] {logging_mixin.py:188} INFO - [2025-09-14T17:39:34.027+0000] {dagbag.py:545} INFO - Filling up the DagBag from /opt/airflow/dags/amazon_books_elt.py
[2025-09-14T17:39:34.394+0000] {processor.py:840} INFO - DAG(s) 'amazon_books_elt' retrieved from /opt/airflow/dags/amazon_books_elt.py
[2025-09-14T17:39:34.410+0000] {logging_mixin.py:188} INFO - [2025-09-14T17:39:34.410+0000] {dag.py:3096} INFO - Sync 1 DAGs
[2025-09-14T17:39:34.422+0000] {logging_mixin.py:188} INFO - [2025-09-14T17:39:34.421+0000] {dag.py:3954} INFO - Setting next_dagrun for amazon_books_elt to 2025-09-14 00:00:00+00:00, run_after=2025-09-15 00:00:00+00:00
[2025-09-14T17:39:34.433+0000] {processor.py:183} INFO - Processing /opt/airflow/dags/amazon_books_elt.py took 0.412 seconds
[2025-09-14T17:40:04.835+0000] {processor.py:161} INFO - Started process (PID=4015) to work on /opt/airflow/dags/amazon_books_elt.py
[2025-09-14T17:40:04.836+0000] {processor.py:830} INFO - Processing file /opt/airflow/dags/amazon_books_elt.py for tasks to queue
[2025-09-14T17:40:04.837+0000] {logging_mixin.py:188} INFO - [2025-09-14T17:40:04.837+0000] {dagbag.py:545} INFO - Filling up the DagBag from /opt/airflow/dags/amazon_books_elt.py
[2025-09-14T17:40:05.260+0000] {processor.py:840} INFO - DAG(s) 'amazon_books_elt' retrieved from /opt/airflow/dags/amazon_books_elt.py
[2025-09-14T17:40:05.276+0000] {logging_mixin.py:188} INFO - [2025-09-14T17:40:05.275+0000] {dag.py:3096} INFO - Sync 1 DAGs
[2025-09-14T17:40:05.287+0000] {logging_mixin.py:188} INFO - [2025-09-14T17:40:05.287+0000] {dag.py:3954} INFO - Setting next_dagrun for amazon_books_elt to 2025-09-14 00:00:00+00:00, run_after=2025-09-15 00:00:00+00:00
[2025-09-14T17:40:05.300+0000] {processor.py:183} INFO - Processing /opt/airflow/dags/amazon_books_elt.py took 0.469 seconds
[2025-09-14T17:40:35.694+0000] {processor.py:161} INFO - Started process (PID=4037) to work on /opt/airflow/dags/amazon_books_elt.py
[2025-09-14T17:40:35.696+0000] {processor.py:830} INFO - Processing file /opt/airflow/dags/amazon_books_elt.py for tasks to queue
[2025-09-14T17:40:35.697+0000] {logging_mixin.py:188} INFO - [2025-09-14T17:40:35.697+0000] {dagbag.py:545} INFO - Filling up the DagBag from /opt/airflow/dags/amazon_books_elt.py
[2025-09-14T17:40:36.095+0000] {processor.py:840} INFO - DAG(s) 'amazon_books_elt' retrieved from /opt/airflow/dags/amazon_books_elt.py
[2025-09-14T17:40:36.110+0000] {logging_mixin.py:188} INFO - [2025-09-14T17:40:36.110+0000] {dag.py:3096} INFO - Sync 1 DAGs
[2025-09-14T17:40:36.123+0000] {logging_mixin.py:188} INFO - [2025-09-14T17:40:36.123+0000] {dag.py:3954} INFO - Setting next_dagrun for amazon_books_elt to 2025-09-14 00:00:00+00:00, run_after=2025-09-15 00:00:00+00:00
[2025-09-14T17:40:36.135+0000] {processor.py:183} INFO - Processing /opt/airflow/dags/amazon_books_elt.py took 0.444 seconds
[2025-09-14T17:41:06.429+0000] {processor.py:161} INFO - Started process (PID=4059) to work on /opt/airflow/dags/amazon_books_elt.py
[2025-09-14T17:41:06.430+0000] {processor.py:830} INFO - Processing file /opt/airflow/dags/amazon_books_elt.py for tasks to queue
[2025-09-14T17:41:06.431+0000] {logging_mixin.py:188} INFO - [2025-09-14T17:41:06.431+0000] {dagbag.py:545} INFO - Filling up the DagBag from /opt/airflow/dags/amazon_books_elt.py
[2025-09-14T17:41:06.808+0000] {processor.py:840} INFO - DAG(s) 'amazon_books_elt' retrieved from /opt/airflow/dags/amazon_books_elt.py
[2025-09-14T17:41:06.823+0000] {logging_mixin.py:188} INFO - [2025-09-14T17:41:06.823+0000] {dag.py:3096} INFO - Sync 1 DAGs
[2025-09-14T17:41:06.837+0000] {logging_mixin.py:188} INFO - [2025-09-14T17:41:06.836+0000] {dag.py:3954} INFO - Setting next_dagrun for amazon_books_elt to 2025-09-14 00:00:00+00:00, run_after=2025-09-15 00:00:00+00:00
[2025-09-14T17:41:06.849+0000] {processor.py:183} INFO - Processing /opt/airflow/dags/amazon_books_elt.py took 0.424 seconds
[2025-09-14T17:41:37.188+0000] {processor.py:161} INFO - Started process (PID=4081) to work on /opt/airflow/dags/amazon_books_elt.py
[2025-09-14T17:41:37.189+0000] {processor.py:830} INFO - Processing file /opt/airflow/dags/amazon_books_elt.py for tasks to queue
[2025-09-14T17:41:37.190+0000] {logging_mixin.py:188} INFO - [2025-09-14T17:41:37.190+0000] {dagbag.py:545} INFO - Filling up the DagBag from /opt/airflow/dags/amazon_books_elt.py
[2025-09-14T17:41:37.577+0000] {processor.py:840} INFO - DAG(s) 'amazon_books_elt' retrieved from /opt/airflow/dags/amazon_books_elt.py
[2025-09-14T17:41:37.592+0000] {logging_mixin.py:188} INFO - [2025-09-14T17:41:37.592+0000] {dag.py:3096} INFO - Sync 1 DAGs
[2025-09-14T17:41:37.605+0000] {logging_mixin.py:188} INFO - [2025-09-14T17:41:37.604+0000] {dag.py:3954} INFO - Setting next_dagrun for amazon_books_elt to 2025-09-14 00:00:00+00:00, run_after=2025-09-15 00:00:00+00:00
[2025-09-14T17:41:37.615+0000] {processor.py:183} INFO - Processing /opt/airflow/dags/amazon_books_elt.py took 0.432 seconds
[2025-09-14T17:42:07.962+0000] {processor.py:161} INFO - Started process (PID=4103) to work on /opt/airflow/dags/amazon_books_elt.py
[2025-09-14T17:42:07.965+0000] {processor.py:830} INFO - Processing file /opt/airflow/dags/amazon_books_elt.py for tasks to queue
[2025-09-14T17:42:07.966+0000] {logging_mixin.py:188} INFO - [2025-09-14T17:42:07.966+0000] {dagbag.py:545} INFO - Filling up the DagBag from /opt/airflow/dags/amazon_books_elt.py
[2025-09-14T17:42:08.355+0000] {processor.py:840} INFO - DAG(s) 'amazon_books_elt' retrieved from /opt/airflow/dags/amazon_books_elt.py
[2025-09-14T17:42:08.370+0000] {logging_mixin.py:188} INFO - [2025-09-14T17:42:08.369+0000] {dag.py:3096} INFO - Sync 1 DAGs
[2025-09-14T17:42:08.382+0000] {logging_mixin.py:188} INFO - [2025-09-14T17:42:08.382+0000] {dag.py:3954} INFO - Setting next_dagrun for amazon_books_elt to 2025-09-14 00:00:00+00:00, run_after=2025-09-15 00:00:00+00:00
[2025-09-14T17:42:08.394+0000] {processor.py:183} INFO - Processing /opt/airflow/dags/amazon_books_elt.py took 0.435 seconds
[2025-09-14T17:42:38.808+0000] {processor.py:161} INFO - Started process (PID=4125) to work on /opt/airflow/dags/amazon_books_elt.py
[2025-09-14T17:42:38.809+0000] {processor.py:830} INFO - Processing file /opt/airflow/dags/amazon_books_elt.py for tasks to queue
[2025-09-14T17:42:38.810+0000] {logging_mixin.py:188} INFO - [2025-09-14T17:42:38.810+0000] {dagbag.py:545} INFO - Filling up the DagBag from /opt/airflow/dags/amazon_books_elt.py
[2025-09-14T17:42:39.192+0000] {processor.py:840} INFO - DAG(s) 'amazon_books_elt' retrieved from /opt/airflow/dags/amazon_books_elt.py
[2025-09-14T17:42:39.208+0000] {logging_mixin.py:188} INFO - [2025-09-14T17:42:39.207+0000] {dag.py:3096} INFO - Sync 1 DAGs
[2025-09-14T17:42:39.221+0000] {logging_mixin.py:188} INFO - [2025-09-14T17:42:39.221+0000] {dag.py:3954} INFO - Setting next_dagrun for amazon_books_elt to 2025-09-14 00:00:00+00:00, run_after=2025-09-15 00:00:00+00:00
[2025-09-14T17:42:39.232+0000] {processor.py:183} INFO - Processing /opt/airflow/dags/amazon_books_elt.py took 0.428 seconds
[2025-09-14T17:43:09.583+0000] {processor.py:161} INFO - Started process (PID=4147) to work on /opt/airflow/dags/amazon_books_elt.py
[2025-09-14T17:43:09.584+0000] {processor.py:830} INFO - Processing file /opt/airflow/dags/amazon_books_elt.py for tasks to queue
[2025-09-14T17:43:09.586+0000] {logging_mixin.py:188} INFO - [2025-09-14T17:43:09.586+0000] {dagbag.py:545} INFO - Filling up the DagBag from /opt/airflow/dags/amazon_books_elt.py
[2025-09-14T17:43:09.977+0000] {processor.py:840} INFO - DAG(s) 'amazon_books_elt' retrieved from /opt/airflow/dags/amazon_books_elt.py
[2025-09-14T17:43:09.994+0000] {logging_mixin.py:188} INFO - [2025-09-14T17:43:09.994+0000] {dag.py:3096} INFO - Sync 1 DAGs
[2025-09-14T17:43:10.008+0000] {logging_mixin.py:188} INFO - [2025-09-14T17:43:10.008+0000] {dag.py:3954} INFO - Setting next_dagrun for amazon_books_elt to 2025-09-14 00:00:00+00:00, run_after=2025-09-15 00:00:00+00:00
[2025-09-14T17:43:10.019+0000] {processor.py:183} INFO - Processing /opt/airflow/dags/amazon_books_elt.py took 0.441 seconds
[2025-09-14T17:43:40.346+0000] {processor.py:161} INFO - Started process (PID=4169) to work on /opt/airflow/dags/amazon_books_elt.py
[2025-09-14T17:43:40.347+0000] {processor.py:830} INFO - Processing file /opt/airflow/dags/amazon_books_elt.py for tasks to queue
[2025-09-14T17:43:40.348+0000] {logging_mixin.py:188} INFO - [2025-09-14T17:43:40.348+0000] {dagbag.py:545} INFO - Filling up the DagBag from /opt/airflow/dags/amazon_books_elt.py
[2025-09-14T17:43:40.730+0000] {processor.py:840} INFO - DAG(s) 'amazon_books_elt' retrieved from /opt/airflow/dags/amazon_books_elt.py
[2025-09-14T17:43:40.746+0000] {logging_mixin.py:188} INFO - [2025-09-14T17:43:40.746+0000] {dag.py:3096} INFO - Sync 1 DAGs
[2025-09-14T17:43:40.758+0000] {logging_mixin.py:188} INFO - [2025-09-14T17:43:40.758+0000] {dag.py:3954} INFO - Setting next_dagrun for amazon_books_elt to 2025-09-14 00:00:00+00:00, run_after=2025-09-15 00:00:00+00:00
[2025-09-14T17:43:40.769+0000] {processor.py:183} INFO - Processing /opt/airflow/dags/amazon_books_elt.py took 0.426 seconds
[2025-09-14T17:44:11.208+0000] {processor.py:161} INFO - Started process (PID=4191) to work on /opt/airflow/dags/amazon_books_elt.py
[2025-09-14T17:44:11.211+0000] {processor.py:830} INFO - Processing file /opt/airflow/dags/amazon_books_elt.py for tasks to queue
[2025-09-14T17:44:11.212+0000] {logging_mixin.py:188} INFO - [2025-09-14T17:44:11.212+0000] {dagbag.py:545} INFO - Filling up the DagBag from /opt/airflow/dags/amazon_books_elt.py
[2025-09-14T17:44:11.595+0000] {processor.py:840} INFO - DAG(s) 'amazon_books_elt' retrieved from /opt/airflow/dags/amazon_books_elt.py
[2025-09-14T17:44:11.611+0000] {logging_mixin.py:188} INFO - [2025-09-14T17:44:11.610+0000] {dag.py:3096} INFO - Sync 1 DAGs
[2025-09-14T17:44:11.624+0000] {logging_mixin.py:188} INFO - [2025-09-14T17:44:11.623+0000] {dag.py:3954} INFO - Setting next_dagrun for amazon_books_elt to 2025-09-14 00:00:00+00:00, run_after=2025-09-15 00:00:00+00:00
[2025-09-14T17:44:11.636+0000] {processor.py:183} INFO - Processing /opt/airflow/dags/amazon_books_elt.py took 0.431 seconds
[2025-09-14T17:44:41.967+0000] {processor.py:161} INFO - Started process (PID=4213) to work on /opt/airflow/dags/amazon_books_elt.py
[2025-09-14T17:44:41.968+0000] {processor.py:830} INFO - Processing file /opt/airflow/dags/amazon_books_elt.py for tasks to queue
[2025-09-14T17:44:41.970+0000] {logging_mixin.py:188} INFO - [2025-09-14T17:44:41.969+0000] {dagbag.py:545} INFO - Filling up the DagBag from /opt/airflow/dags/amazon_books_elt.py
[2025-09-14T17:44:42.363+0000] {processor.py:840} INFO - DAG(s) 'amazon_books_elt' retrieved from /opt/airflow/dags/amazon_books_elt.py
[2025-09-14T17:44:42.379+0000] {logging_mixin.py:188} INFO - [2025-09-14T17:44:42.379+0000] {dag.py:3096} INFO - Sync 1 DAGs
[2025-09-14T17:44:42.393+0000] {logging_mixin.py:188} INFO - [2025-09-14T17:44:42.393+0000] {dag.py:3954} INFO - Setting next_dagrun for amazon_books_elt to 2025-09-14 00:00:00+00:00, run_after=2025-09-15 00:00:00+00:00
[2025-09-14T17:44:42.405+0000] {processor.py:183} INFO - Processing /opt/airflow/dags/amazon_books_elt.py took 0.442 seconds
[2025-09-14T17:45:12.737+0000] {processor.py:161} INFO - Started process (PID=4235) to work on /opt/airflow/dags/amazon_books_elt.py
[2025-09-14T17:45:12.738+0000] {processor.py:830} INFO - Processing file /opt/airflow/dags/amazon_books_elt.py for tasks to queue
[2025-09-14T17:45:12.739+0000] {logging_mixin.py:188} INFO - [2025-09-14T17:45:12.739+0000] {dagbag.py:545} INFO - Filling up the DagBag from /opt/airflow/dags/amazon_books_elt.py
[2025-09-14T17:45:13.125+0000] {processor.py:840} INFO - DAG(s) 'amazon_books_elt' retrieved from /opt/airflow/dags/amazon_books_elt.py
[2025-09-14T17:45:13.140+0000] {logging_mixin.py:188} INFO - [2025-09-14T17:45:13.140+0000] {dag.py:3096} INFO - Sync 1 DAGs
[2025-09-14T17:45:13.154+0000] {logging_mixin.py:188} INFO - [2025-09-14T17:45:13.154+0000] {dag.py:3954} INFO - Setting next_dagrun for amazon_books_elt to 2025-09-14 00:00:00+00:00, run_after=2025-09-15 00:00:00+00:00
[2025-09-14T17:45:13.164+0000] {processor.py:183} INFO - Processing /opt/airflow/dags/amazon_books_elt.py took 0.430 seconds
[2025-09-14T17:45:43.501+0000] {processor.py:161} INFO - Started process (PID=4257) to work on /opt/airflow/dags/amazon_books_elt.py
[2025-09-14T17:45:43.502+0000] {processor.py:830} INFO - Processing file /opt/airflow/dags/amazon_books_elt.py for tasks to queue
[2025-09-14T17:45:43.503+0000] {logging_mixin.py:188} INFO - [2025-09-14T17:45:43.503+0000] {dagbag.py:545} INFO - Filling up the DagBag from /opt/airflow/dags/amazon_books_elt.py
[2025-09-14T17:45:43.888+0000] {processor.py:840} INFO - DAG(s) 'amazon_books_elt' retrieved from /opt/airflow/dags/amazon_books_elt.py
[2025-09-14T17:45:43.904+0000] {logging_mixin.py:188} INFO - [2025-09-14T17:45:43.903+0000] {dag.py:3096} INFO - Sync 1 DAGs
[2025-09-14T17:45:43.917+0000] {logging_mixin.py:188} INFO - [2025-09-14T17:45:43.916+0000] {dag.py:3954} INFO - Setting next_dagrun for amazon_books_elt to 2025-09-14 00:00:00+00:00, run_after=2025-09-15 00:00:00+00:00
[2025-09-14T17:45:43.929+0000] {processor.py:183} INFO - Processing /opt/airflow/dags/amazon_books_elt.py took 0.432 seconds
[2025-09-14T17:46:14.049+0000] {processor.py:161} INFO - Started process (PID=4279) to work on /opt/airflow/dags/amazon_books_elt.py
[2025-09-14T17:46:14.050+0000] {processor.py:830} INFO - Processing file /opt/airflow/dags/amazon_books_elt.py for tasks to queue
[2025-09-14T17:46:14.051+0000] {logging_mixin.py:188} INFO - [2025-09-14T17:46:14.051+0000] {dagbag.py:545} INFO - Filling up the DagBag from /opt/airflow/dags/amazon_books_elt.py
[2025-09-14T17:46:14.431+0000] {processor.py:840} INFO - DAG(s) 'amazon_books_elt' retrieved from /opt/airflow/dags/amazon_books_elt.py
[2025-09-14T17:46:14.446+0000] {logging_mixin.py:188} INFO - [2025-09-14T17:46:14.446+0000] {dag.py:3096} INFO - Sync 1 DAGs
[2025-09-14T17:46:14.458+0000] {logging_mixin.py:188} INFO - [2025-09-14T17:46:14.458+0000] {dag.py:3954} INFO - Setting next_dagrun for amazon_books_elt to 2025-09-14 00:00:00+00:00, run_after=2025-09-15 00:00:00+00:00
[2025-09-14T17:46:14.471+0000] {processor.py:183} INFO - Processing /opt/airflow/dags/amazon_books_elt.py took 0.426 seconds
[2025-09-14T17:46:45.368+0000] {processor.py:161} INFO - Started process (PID=4301) to work on /opt/airflow/dags/amazon_books_elt.py
[2025-09-14T17:46:45.370+0000] {processor.py:830} INFO - Processing file /opt/airflow/dags/amazon_books_elt.py for tasks to queue
[2025-09-14T17:46:45.371+0000] {logging_mixin.py:188} INFO - [2025-09-14T17:46:45.371+0000] {dagbag.py:545} INFO - Filling up the DagBag from /opt/airflow/dags/amazon_books_elt.py
[2025-09-14T17:46:45.745+0000] {processor.py:840} INFO - DAG(s) 'amazon_books_elt' retrieved from /opt/airflow/dags/amazon_books_elt.py
[2025-09-14T17:46:45.761+0000] {logging_mixin.py:188} INFO - [2025-09-14T17:46:45.760+0000] {dag.py:3096} INFO - Sync 1 DAGs
[2025-09-14T17:46:45.772+0000] {logging_mixin.py:188} INFO - [2025-09-14T17:46:45.772+0000] {dag.py:3954} INFO - Setting next_dagrun for amazon_books_elt to 2025-09-14 00:00:00+00:00, run_after=2025-09-15 00:00:00+00:00
[2025-09-14T17:46:45.785+0000] {processor.py:183} INFO - Processing /opt/airflow/dags/amazon_books_elt.py took 0.420 seconds
[2025-09-14T17:47:16.079+0000] {processor.py:161} INFO - Started process (PID=4323) to work on /opt/airflow/dags/amazon_books_elt.py
[2025-09-14T17:47:16.080+0000] {processor.py:830} INFO - Processing file /opt/airflow/dags/amazon_books_elt.py for tasks to queue
[2025-09-14T17:47:16.081+0000] {logging_mixin.py:188} INFO - [2025-09-14T17:47:16.081+0000] {dagbag.py:545} INFO - Filling up the DagBag from /opt/airflow/dags/amazon_books_elt.py
[2025-09-14T17:47:16.452+0000] {processor.py:840} INFO - DAG(s) 'amazon_books_elt' retrieved from /opt/airflow/dags/amazon_books_elt.py
[2025-09-14T17:47:16.467+0000] {logging_mixin.py:188} INFO - [2025-09-14T17:47:16.467+0000] {dag.py:3096} INFO - Sync 1 DAGs
[2025-09-14T17:47:16.479+0000] {logging_mixin.py:188} INFO - [2025-09-14T17:47:16.479+0000] {dag.py:3954} INFO - Setting next_dagrun for amazon_books_elt to 2025-09-14 00:00:00+00:00, run_after=2025-09-15 00:00:00+00:00
[2025-09-14T17:47:16.491+0000] {processor.py:183} INFO - Processing /opt/airflow/dags/amazon_books_elt.py took 0.416 seconds
[2025-09-14T17:47:46.801+0000] {processor.py:161} INFO - Started process (PID=4345) to work on /opt/airflow/dags/amazon_books_elt.py
[2025-09-14T17:47:46.802+0000] {processor.py:830} INFO - Processing file /opt/airflow/dags/amazon_books_elt.py for tasks to queue
[2025-09-14T17:47:46.803+0000] {logging_mixin.py:188} INFO - [2025-09-14T17:47:46.803+0000] {dagbag.py:545} INFO - Filling up the DagBag from /opt/airflow/dags/amazon_books_elt.py
[2025-09-14T17:47:47.168+0000] {processor.py:840} INFO - DAG(s) 'amazon_books_elt' retrieved from /opt/airflow/dags/amazon_books_elt.py
[2025-09-14T17:47:47.183+0000] {logging_mixin.py:188} INFO - [2025-09-14T17:47:47.183+0000] {dag.py:3096} INFO - Sync 1 DAGs
[2025-09-14T17:47:47.195+0000] {logging_mixin.py:188} INFO - [2025-09-14T17:47:47.195+0000] {dag.py:3954} INFO - Setting next_dagrun for amazon_books_elt to 2025-09-14 00:00:00+00:00, run_after=2025-09-15 00:00:00+00:00
[2025-09-14T17:47:47.207+0000] {processor.py:183} INFO - Processing /opt/airflow/dags/amazon_books_elt.py took 0.409 seconds
[2025-09-14T17:48:18.169+0000] {processor.py:161} INFO - Started process (PID=4367) to work on /opt/airflow/dags/amazon_books_elt.py
[2025-09-14T17:48:18.172+0000] {processor.py:830} INFO - Processing file /opt/airflow/dags/amazon_books_elt.py for tasks to queue
[2025-09-14T17:48:18.173+0000] {logging_mixin.py:188} INFO - [2025-09-14T17:48:18.173+0000] {dagbag.py:545} INFO - Filling up the DagBag from /opt/airflow/dags/amazon_books_elt.py
[2025-09-14T17:48:18.644+0000] {processor.py:840} INFO - DAG(s) 'amazon_books_elt' retrieved from /opt/airflow/dags/amazon_books_elt.py
[2025-09-14T17:48:18.660+0000] {logging_mixin.py:188} INFO - [2025-09-14T17:48:18.660+0000] {dag.py:3096} INFO - Sync 1 DAGs
[2025-09-14T17:48:18.672+0000] {logging_mixin.py:188} INFO - [2025-09-14T17:48:18.672+0000] {dag.py:3954} INFO - Setting next_dagrun for amazon_books_elt to 2025-09-14 00:00:00+00:00, run_after=2025-09-15 00:00:00+00:00
[2025-09-14T17:48:18.683+0000] {processor.py:183} INFO - Processing /opt/airflow/dags/amazon_books_elt.py took 0.517 seconds
[2025-09-14T17:48:49.041+0000] {processor.py:161} INFO - Started process (PID=4389) to work on /opt/airflow/dags/amazon_books_elt.py
[2025-09-14T17:48:49.043+0000] {processor.py:830} INFO - Processing file /opt/airflow/dags/amazon_books_elt.py for tasks to queue
[2025-09-14T17:48:49.045+0000] {logging_mixin.py:188} INFO - [2025-09-14T17:48:49.044+0000] {dagbag.py:545} INFO - Filling up the DagBag from /opt/airflow/dags/amazon_books_elt.py
[2025-09-14T17:48:49.435+0000] {processor.py:840} INFO - DAG(s) 'amazon_books_elt' retrieved from /opt/airflow/dags/amazon_books_elt.py
[2025-09-14T17:48:49.451+0000] {logging_mixin.py:188} INFO - [2025-09-14T17:48:49.450+0000] {dag.py:3096} INFO - Sync 1 DAGs
[2025-09-14T17:48:49.463+0000] {logging_mixin.py:188} INFO - [2025-09-14T17:48:49.463+0000] {dag.py:3954} INFO - Setting next_dagrun for amazon_books_elt to 2025-09-14 00:00:00+00:00, run_after=2025-09-15 00:00:00+00:00
[2025-09-14T17:48:49.478+0000] {processor.py:183} INFO - Processing /opt/airflow/dags/amazon_books_elt.py took 0.440 seconds
[2025-09-14T17:49:19.807+0000] {processor.py:161} INFO - Started process (PID=4411) to work on /opt/airflow/dags/amazon_books_elt.py
[2025-09-14T17:49:19.808+0000] {processor.py:830} INFO - Processing file /opt/airflow/dags/amazon_books_elt.py for tasks to queue
[2025-09-14T17:49:19.809+0000] {logging_mixin.py:188} INFO - [2025-09-14T17:49:19.809+0000] {dagbag.py:545} INFO - Filling up the DagBag from /opt/airflow/dags/amazon_books_elt.py
[2025-09-14T17:49:20.185+0000] {processor.py:840} INFO - DAG(s) 'amazon_books_elt' retrieved from /opt/airflow/dags/amazon_books_elt.py
[2025-09-14T17:49:20.200+0000] {logging_mixin.py:188} INFO - [2025-09-14T17:49:20.200+0000] {dag.py:3096} INFO - Sync 1 DAGs
[2025-09-14T17:49:20.213+0000] {logging_mixin.py:188} INFO - [2025-09-14T17:49:20.213+0000] {dag.py:3954} INFO - Setting next_dagrun for amazon_books_elt to 2025-09-14 00:00:00+00:00, run_after=2025-09-15 00:00:00+00:00
[2025-09-14T17:49:20.225+0000] {processor.py:183} INFO - Processing /opt/airflow/dags/amazon_books_elt.py took 0.422 seconds
[2025-09-14T17:49:50.553+0000] {processor.py:161} INFO - Started process (PID=4433) to work on /opt/airflow/dags/amazon_books_elt.py
[2025-09-14T17:49:50.554+0000] {processor.py:830} INFO - Processing file /opt/airflow/dags/amazon_books_elt.py for tasks to queue
[2025-09-14T17:49:50.555+0000] {logging_mixin.py:188} INFO - [2025-09-14T17:49:50.555+0000] {dagbag.py:545} INFO - Filling up the DagBag from /opt/airflow/dags/amazon_books_elt.py
[2025-09-14T17:49:50.927+0000] {processor.py:840} INFO - DAG(s) 'amazon_books_elt' retrieved from /opt/airflow/dags/amazon_books_elt.py
[2025-09-14T17:49:50.944+0000] {logging_mixin.py:188} INFO - [2025-09-14T17:49:50.944+0000] {dag.py:3096} INFO - Sync 1 DAGs
[2025-09-14T17:49:50.957+0000] {logging_mixin.py:188} INFO - [2025-09-14T17:49:50.957+0000] {dag.py:3954} INFO - Setting next_dagrun for amazon_books_elt to 2025-09-14 00:00:00+00:00, run_after=2025-09-15 00:00:00+00:00
[2025-09-14T17:49:50.969+0000] {processor.py:183} INFO - Processing /opt/airflow/dags/amazon_books_elt.py took 0.419 seconds
[2025-09-14T17:50:21.319+0000] {processor.py:161} INFO - Started process (PID=4455) to work on /opt/airflow/dags/amazon_books_elt.py
[2025-09-14T17:50:21.320+0000] {processor.py:830} INFO - Processing file /opt/airflow/dags/amazon_books_elt.py for tasks to queue
[2025-09-14T17:50:21.321+0000] {logging_mixin.py:188} INFO - [2025-09-14T17:50:21.321+0000] {dagbag.py:545} INFO - Filling up the DagBag from /opt/airflow/dags/amazon_books_elt.py
[2025-09-14T17:50:21.686+0000] {processor.py:840} INFO - DAG(s) 'amazon_books_elt' retrieved from /opt/airflow/dags/amazon_books_elt.py
[2025-09-14T17:50:21.702+0000] {logging_mixin.py:188} INFO - [2025-09-14T17:50:21.701+0000] {dag.py:3096} INFO - Sync 1 DAGs
[2025-09-14T17:50:21.713+0000] {logging_mixin.py:188} INFO - [2025-09-14T17:50:21.713+0000] {dag.py:3954} INFO - Setting next_dagrun for amazon_books_elt to 2025-09-14 00:00:00+00:00, run_after=2025-09-15 00:00:00+00:00
[2025-09-14T17:50:21.723+0000] {processor.py:183} INFO - Processing /opt/airflow/dags/amazon_books_elt.py took 0.408 seconds
[2025-09-14T17:50:52.052+0000] {processor.py:161} INFO - Started process (PID=4477) to work on /opt/airflow/dags/amazon_books_elt.py
[2025-09-14T17:50:52.055+0000] {processor.py:830} INFO - Processing file /opt/airflow/dags/amazon_books_elt.py for tasks to queue
[2025-09-14T17:50:52.056+0000] {logging_mixin.py:188} INFO - [2025-09-14T17:50:52.056+0000] {dagbag.py:545} INFO - Filling up the DagBag from /opt/airflow/dags/amazon_books_elt.py
[2025-09-14T17:50:52.426+0000] {processor.py:840} INFO - DAG(s) 'amazon_books_elt' retrieved from /opt/airflow/dags/amazon_books_elt.py
[2025-09-14T17:50:52.441+0000] {logging_mixin.py:188} INFO - [2025-09-14T17:50:52.441+0000] {dag.py:3096} INFO - Sync 1 DAGs
[2025-09-14T17:50:52.453+0000] {logging_mixin.py:188} INFO - [2025-09-14T17:50:52.453+0000] {dag.py:3954} INFO - Setting next_dagrun for amazon_books_elt to 2025-09-14 00:00:00+00:00, run_after=2025-09-15 00:00:00+00:00
[2025-09-14T17:50:52.464+0000] {processor.py:183} INFO - Processing /opt/airflow/dags/amazon_books_elt.py took 0.415 seconds
[2025-09-14T17:51:22.761+0000] {processor.py:161} INFO - Started process (PID=4499) to work on /opt/airflow/dags/amazon_books_elt.py
[2025-09-14T17:51:22.762+0000] {processor.py:830} INFO - Processing file /opt/airflow/dags/amazon_books_elt.py for tasks to queue
[2025-09-14T17:51:22.763+0000] {logging_mixin.py:188} INFO - [2025-09-14T17:51:22.763+0000] {dagbag.py:545} INFO - Filling up the DagBag from /opt/airflow/dags/amazon_books_elt.py
[2025-09-14T17:51:23.130+0000] {processor.py:840} INFO - DAG(s) 'amazon_books_elt' retrieved from /opt/airflow/dags/amazon_books_elt.py
[2025-09-14T17:51:23.145+0000] {logging_mixin.py:188} INFO - [2025-09-14T17:51:23.144+0000] {dag.py:3096} INFO - Sync 1 DAGs
[2025-09-14T17:51:23.158+0000] {logging_mixin.py:188} INFO - [2025-09-14T17:51:23.157+0000] {dag.py:3954} INFO - Setting next_dagrun for amazon_books_elt to 2025-09-14 00:00:00+00:00, run_after=2025-09-15 00:00:00+00:00
[2025-09-14T17:51:23.170+0000] {processor.py:183} INFO - Processing /opt/airflow/dags/amazon_books_elt.py took 0.412 seconds
[2025-09-14T17:51:53.471+0000] {processor.py:161} INFO - Started process (PID=4521) to work on /opt/airflow/dags/amazon_books_elt.py
[2025-09-14T17:51:53.472+0000] {processor.py:830} INFO - Processing file /opt/airflow/dags/amazon_books_elt.py for tasks to queue
[2025-09-14T17:51:53.474+0000] {logging_mixin.py:188} INFO - [2025-09-14T17:51:53.473+0000] {dagbag.py:545} INFO - Filling up the DagBag from /opt/airflow/dags/amazon_books_elt.py
[2025-09-14T17:51:53.863+0000] {processor.py:840} INFO - DAG(s) 'amazon_books_elt' retrieved from /opt/airflow/dags/amazon_books_elt.py
[2025-09-14T17:51:53.878+0000] {logging_mixin.py:188} INFO - [2025-09-14T17:51:53.878+0000] {dag.py:3096} INFO - Sync 1 DAGs
[2025-09-14T17:51:53.890+0000] {logging_mixin.py:188} INFO - [2025-09-14T17:51:53.890+0000] {dag.py:3954} INFO - Setting next_dagrun for amazon_books_elt to 2025-09-14 00:00:00+00:00, run_after=2025-09-15 00:00:00+00:00
[2025-09-14T17:51:53.901+0000] {processor.py:183} INFO - Processing /opt/airflow/dags/amazon_books_elt.py took 0.434 seconds
[2025-09-14T17:52:24.259+0000] {processor.py:161} INFO - Started process (PID=4543) to work on /opt/airflow/dags/amazon_books_elt.py
[2025-09-14T17:52:24.260+0000] {processor.py:830} INFO - Processing file /opt/airflow/dags/amazon_books_elt.py for tasks to queue
[2025-09-14T17:52:24.261+0000] {logging_mixin.py:188} INFO - [2025-09-14T17:52:24.261+0000] {dagbag.py:545} INFO - Filling up the DagBag from /opt/airflow/dags/amazon_books_elt.py
[2025-09-14T17:52:24.728+0000] {processor.py:840} INFO - DAG(s) 'amazon_books_elt' retrieved from /opt/airflow/dags/amazon_books_elt.py
[2025-09-14T17:52:24.743+0000] {logging_mixin.py:188} INFO - [2025-09-14T17:52:24.743+0000] {dag.py:3096} INFO - Sync 1 DAGs
[2025-09-14T17:52:24.756+0000] {logging_mixin.py:188} INFO - [2025-09-14T17:52:24.756+0000] {dag.py:3954} INFO - Setting next_dagrun for amazon_books_elt to 2025-09-14 00:00:00+00:00, run_after=2025-09-15 00:00:00+00:00
[2025-09-14T17:52:24.767+0000] {processor.py:183} INFO - Processing /opt/airflow/dags/amazon_books_elt.py took 0.512 seconds
[2025-09-14T17:52:55.073+0000] {processor.py:161} INFO - Started process (PID=4565) to work on /opt/airflow/dags/amazon_books_elt.py
[2025-09-14T17:52:55.074+0000] {processor.py:830} INFO - Processing file /opt/airflow/dags/amazon_books_elt.py for tasks to queue
[2025-09-14T17:52:55.075+0000] {logging_mixin.py:188} INFO - [2025-09-14T17:52:55.075+0000] {dagbag.py:545} INFO - Filling up the DagBag from /opt/airflow/dags/amazon_books_elt.py
[2025-09-14T17:52:55.475+0000] {processor.py:840} INFO - DAG(s) 'amazon_books_elt' retrieved from /opt/airflow/dags/amazon_books_elt.py
[2025-09-14T17:52:55.491+0000] {logging_mixin.py:188} INFO - [2025-09-14T17:52:55.491+0000] {dag.py:3096} INFO - Sync 1 DAGs
[2025-09-14T17:52:55.504+0000] {logging_mixin.py:188} INFO - [2025-09-14T17:52:55.504+0000] {dag.py:3954} INFO - Setting next_dagrun for amazon_books_elt to 2025-09-14 00:00:00+00:00, run_after=2025-09-15 00:00:00+00:00
[2025-09-14T17:52:55.515+0000] {processor.py:183} INFO - Processing /opt/airflow/dags/amazon_books_elt.py took 0.446 seconds
[2025-09-14T17:53:25.812+0000] {processor.py:161} INFO - Started process (PID=4587) to work on /opt/airflow/dags/amazon_books_elt.py
[2025-09-14T17:53:25.815+0000] {processor.py:830} INFO - Processing file /opt/airflow/dags/amazon_books_elt.py for tasks to queue
[2025-09-14T17:53:25.816+0000] {logging_mixin.py:188} INFO - [2025-09-14T17:53:25.816+0000] {dagbag.py:545} INFO - Filling up the DagBag from /opt/airflow/dags/amazon_books_elt.py
[2025-09-14T17:53:26.211+0000] {processor.py:840} INFO - DAG(s) 'amazon_books_elt' retrieved from /opt/airflow/dags/amazon_books_elt.py
[2025-09-14T17:53:26.226+0000] {logging_mixin.py:188} INFO - [2025-09-14T17:53:26.226+0000] {dag.py:3096} INFO - Sync 1 DAGs
[2025-09-14T17:53:26.239+0000] {logging_mixin.py:188} INFO - [2025-09-14T17:53:26.239+0000] {dag.py:3954} INFO - Setting next_dagrun for amazon_books_elt to 2025-09-14 00:00:00+00:00, run_after=2025-09-15 00:00:00+00:00
[2025-09-14T17:53:26.251+0000] {processor.py:183} INFO - Processing /opt/airflow/dags/amazon_books_elt.py took 0.443 seconds
[2025-09-14T17:53:56.367+0000] {processor.py:161} INFO - Started process (PID=4609) to work on /opt/airflow/dags/amazon_books_elt.py
[2025-09-14T17:53:56.370+0000] {processor.py:830} INFO - Processing file /opt/airflow/dags/amazon_books_elt.py for tasks to queue
[2025-09-14T17:53:56.371+0000] {logging_mixin.py:188} INFO - [2025-09-14T17:53:56.371+0000] {dagbag.py:545} INFO - Filling up the DagBag from /opt/airflow/dags/amazon_books_elt.py
[2025-09-14T17:53:56.747+0000] {processor.py:840} INFO - DAG(s) 'amazon_books_elt' retrieved from /opt/airflow/dags/amazon_books_elt.py
[2025-09-14T17:53:56.762+0000] {logging_mixin.py:188} INFO - [2025-09-14T17:53:56.762+0000] {dag.py:3096} INFO - Sync 1 DAGs
[2025-09-14T17:53:56.774+0000] {logging_mixin.py:188} INFO - [2025-09-14T17:53:56.773+0000] {dag.py:3954} INFO - Setting next_dagrun for amazon_books_elt to 2025-09-14 00:00:00+00:00, run_after=2025-09-15 00:00:00+00:00
[2025-09-14T17:53:56.786+0000] {processor.py:183} INFO - Processing /opt/airflow/dags/amazon_books_elt.py took 0.423 seconds
[2025-09-14T17:54:27.696+0000] {processor.py:161} INFO - Started process (PID=4631) to work on /opt/airflow/dags/amazon_books_elt.py
[2025-09-14T17:54:27.697+0000] {processor.py:830} INFO - Processing file /opt/airflow/dags/amazon_books_elt.py for tasks to queue
[2025-09-14T17:54:27.698+0000] {logging_mixin.py:188} INFO - [2025-09-14T17:54:27.698+0000] {dagbag.py:545} INFO - Filling up the DagBag from /opt/airflow/dags/amazon_books_elt.py
[2025-09-14T17:54:28.090+0000] {processor.py:840} INFO - DAG(s) 'amazon_books_elt' retrieved from /opt/airflow/dags/amazon_books_elt.py
[2025-09-14T17:54:28.105+0000] {logging_mixin.py:188} INFO - [2025-09-14T17:54:28.104+0000] {dag.py:3096} INFO - Sync 1 DAGs
[2025-09-14T17:54:28.117+0000] {logging_mixin.py:188} INFO - [2025-09-14T17:54:28.117+0000] {dag.py:3954} INFO - Setting next_dagrun for amazon_books_elt to 2025-09-14 00:00:00+00:00, run_after=2025-09-15 00:00:00+00:00
[2025-09-14T17:54:28.126+0000] {processor.py:183} INFO - Processing /opt/airflow/dags/amazon_books_elt.py took 0.434 seconds
[2025-09-14T17:54:58.436+0000] {processor.py:161} INFO - Started process (PID=4653) to work on /opt/airflow/dags/amazon_books_elt.py
[2025-09-14T17:54:58.437+0000] {processor.py:830} INFO - Processing file /opt/airflow/dags/amazon_books_elt.py for tasks to queue
[2025-09-14T17:54:58.438+0000] {logging_mixin.py:188} INFO - [2025-09-14T17:54:58.438+0000] {dagbag.py:545} INFO - Filling up the DagBag from /opt/airflow/dags/amazon_books_elt.py
[2025-09-14T17:54:58.815+0000] {processor.py:840} INFO - DAG(s) 'amazon_books_elt' retrieved from /opt/airflow/dags/amazon_books_elt.py
[2025-09-14T17:54:58.831+0000] {logging_mixin.py:188} INFO - [2025-09-14T17:54:58.831+0000] {dag.py:3096} INFO - Sync 1 DAGs
[2025-09-14T17:54:58.843+0000] {logging_mixin.py:188} INFO - [2025-09-14T17:54:58.843+0000] {dag.py:3954} INFO - Setting next_dagrun for amazon_books_elt to 2025-09-14 00:00:00+00:00, run_after=2025-09-15 00:00:00+00:00
[2025-09-14T17:54:58.855+0000] {processor.py:183} INFO - Processing /opt/airflow/dags/amazon_books_elt.py took 0.423 seconds
[2025-09-14T17:55:29.214+0000] {processor.py:161} INFO - Started process (PID=4675) to work on /opt/airflow/dags/amazon_books_elt.py
[2025-09-14T17:55:29.214+0000] {processor.py:830} INFO - Processing file /opt/airflow/dags/amazon_books_elt.py for tasks to queue
[2025-09-14T17:55:29.216+0000] {logging_mixin.py:188} INFO - [2025-09-14T17:55:29.215+0000] {dagbag.py:545} INFO - Filling up the DagBag from /opt/airflow/dags/amazon_books_elt.py
[2025-09-14T17:55:29.603+0000] {processor.py:840} INFO - DAG(s) 'amazon_books_elt' retrieved from /opt/airflow/dags/amazon_books_elt.py
[2025-09-14T17:55:29.619+0000] {logging_mixin.py:188} INFO - [2025-09-14T17:55:29.618+0000] {dag.py:3096} INFO - Sync 1 DAGs
[2025-09-14T17:55:29.632+0000] {logging_mixin.py:188} INFO - [2025-09-14T17:55:29.632+0000] {dag.py:3954} INFO - Setting next_dagrun for amazon_books_elt to 2025-09-14 00:00:00+00:00, run_after=2025-09-15 00:00:00+00:00
[2025-09-14T17:55:29.643+0000] {processor.py:183} INFO - Processing /opt/airflow/dags/amazon_books_elt.py took 0.434 seconds
[2025-09-14T17:56:00.582+0000] {processor.py:161} INFO - Started process (PID=4697) to work on /opt/airflow/dags/amazon_books_elt.py
[2025-09-14T17:56:00.583+0000] {processor.py:830} INFO - Processing file /opt/airflow/dags/amazon_books_elt.py for tasks to queue
[2025-09-14T17:56:00.585+0000] {logging_mixin.py:188} INFO - [2025-09-14T17:56:00.584+0000] {dagbag.py:545} INFO - Filling up the DagBag from /opt/airflow/dags/amazon_books_elt.py
[2025-09-14T17:56:00.949+0000] {processor.py:840} INFO - DAG(s) 'amazon_books_elt' retrieved from /opt/airflow/dags/amazon_books_elt.py
[2025-09-14T17:56:00.964+0000] {logging_mixin.py:188} INFO - [2025-09-14T17:56:00.964+0000] {dag.py:3096} INFO - Sync 1 DAGs
[2025-09-14T17:56:00.976+0000] {logging_mixin.py:188} INFO - [2025-09-14T17:56:00.976+0000] {dag.py:3954} INFO - Setting next_dagrun for amazon_books_elt to 2025-09-14 00:00:00+00:00, run_after=2025-09-15 00:00:00+00:00
[2025-09-14T17:56:00.986+0000] {processor.py:183} INFO - Processing /opt/airflow/dags/amazon_books_elt.py took 0.407 seconds
[2025-09-14T17:56:31.049+0000] {processor.py:161} INFO - Started process (PID=4719) to work on /opt/airflow/dags/amazon_books_elt.py
[2025-09-14T17:56:31.050+0000] {processor.py:830} INFO - Processing file /opt/airflow/dags/amazon_books_elt.py for tasks to queue
[2025-09-14T17:56:31.051+0000] {logging_mixin.py:188} INFO - [2025-09-14T17:56:31.051+0000] {dagbag.py:545} INFO - Filling up the DagBag from /opt/airflow/dags/amazon_books_elt.py
[2025-09-14T17:56:31.447+0000] {processor.py:840} INFO - DAG(s) 'amazon_books_elt' retrieved from /opt/airflow/dags/amazon_books_elt.py
[2025-09-14T17:56:31.462+0000] {logging_mixin.py:188} INFO - [2025-09-14T17:56:31.462+0000] {dag.py:3096} INFO - Sync 1 DAGs
[2025-09-14T17:56:31.476+0000] {logging_mixin.py:188} INFO - [2025-09-14T17:56:31.476+0000] {dag.py:3954} INFO - Setting next_dagrun for amazon_books_elt to 2025-09-14 00:00:00+00:00, run_after=2025-09-15 00:00:00+00:00
[2025-09-14T17:56:31.492+0000] {processor.py:183} INFO - Processing /opt/airflow/dags/amazon_books_elt.py took 0.447 seconds
[2025-09-14T17:57:01.920+0000] {processor.py:161} INFO - Started process (PID=4741) to work on /opt/airflow/dags/amazon_books_elt.py
[2025-09-14T17:57:01.921+0000] {processor.py:830} INFO - Processing file /opt/airflow/dags/amazon_books_elt.py for tasks to queue
[2025-09-14T17:57:01.922+0000] {logging_mixin.py:188} INFO - [2025-09-14T17:57:01.922+0000] {dagbag.py:545} INFO - Filling up the DagBag from /opt/airflow/dags/amazon_books_elt.py
[2025-09-14T17:57:02.315+0000] {processor.py:840} INFO - DAG(s) 'amazon_books_elt' retrieved from /opt/airflow/dags/amazon_books_elt.py
[2025-09-14T17:57:02.331+0000] {logging_mixin.py:188} INFO - [2025-09-14T17:57:02.330+0000] {dag.py:3096} INFO - Sync 1 DAGs
[2025-09-14T17:57:02.343+0000] {logging_mixin.py:188} INFO - [2025-09-14T17:57:02.343+0000] {dag.py:3954} INFO - Setting next_dagrun for amazon_books_elt to 2025-09-14 00:00:00+00:00, run_after=2025-09-15 00:00:00+00:00
[2025-09-14T17:57:02.357+0000] {processor.py:183} INFO - Processing /opt/airflow/dags/amazon_books_elt.py took 0.441 seconds
[2025-09-14T17:57:32.685+0000] {processor.py:161} INFO - Started process (PID=4763) to work on /opt/airflow/dags/amazon_books_elt.py
[2025-09-14T17:57:32.688+0000] {processor.py:830} INFO - Processing file /opt/airflow/dags/amazon_books_elt.py for tasks to queue
[2025-09-14T17:57:32.689+0000] {logging_mixin.py:188} INFO - [2025-09-14T17:57:32.689+0000] {dagbag.py:545} INFO - Filling up the DagBag from /opt/airflow/dags/amazon_books_elt.py
[2025-09-14T17:57:33.073+0000] {processor.py:840} INFO - DAG(s) 'amazon_books_elt' retrieved from /opt/airflow/dags/amazon_books_elt.py
[2025-09-14T17:57:33.090+0000] {logging_mixin.py:188} INFO - [2025-09-14T17:57:33.090+0000] {dag.py:3096} INFO - Sync 1 DAGs
[2025-09-14T17:57:33.103+0000] {logging_mixin.py:188} INFO - [2025-09-14T17:57:33.103+0000] {dag.py:3954} INFO - Setting next_dagrun for amazon_books_elt to 2025-09-14 00:00:00+00:00, run_after=2025-09-15 00:00:00+00:00
[2025-09-14T17:57:33.114+0000] {processor.py:183} INFO - Processing /opt/airflow/dags/amazon_books_elt.py took 0.433 seconds
[2025-09-14T17:58:03.194+0000] {processor.py:161} INFO - Started process (PID=4785) to work on /opt/airflow/dags/amazon_books_elt.py
[2025-09-14T17:58:03.194+0000] {processor.py:830} INFO - Processing file /opt/airflow/dags/amazon_books_elt.py for tasks to queue
[2025-09-14T17:58:03.196+0000] {logging_mixin.py:188} INFO - [2025-09-14T17:58:03.195+0000] {dagbag.py:545} INFO - Filling up the DagBag from /opt/airflow/dags/amazon_books_elt.py
[2025-09-14T17:58:03.445+0000] {processor.py:840} INFO - DAG(s) 'amazon_books_elt' retrieved from /opt/airflow/dags/amazon_books_elt.py
[2025-09-14T17:58:03.462+0000] {logging_mixin.py:188} INFO - [2025-09-14T17:58:03.462+0000] {dag.py:3096} INFO - Sync 1 DAGs
[2025-09-14T17:58:03.475+0000] {logging_mixin.py:188} INFO - [2025-09-14T17:58:03.475+0000] {dag.py:3954} INFO - Setting next_dagrun for amazon_books_elt to 2025-09-14 00:00:00+00:00, run_after=2025-09-15 00:00:00+00:00
[2025-09-14T17:58:03.487+0000] {processor.py:183} INFO - Processing /opt/airflow/dags/amazon_books_elt.py took 0.297 seconds
[2025-09-14T17:58:33.725+0000] {processor.py:161} INFO - Started process (PID=4807) to work on /opt/airflow/dags/amazon_books_elt.py
[2025-09-14T17:58:33.726+0000] {processor.py:830} INFO - Processing file /opt/airflow/dags/amazon_books_elt.py for tasks to queue
[2025-09-14T17:58:33.727+0000] {logging_mixin.py:188} INFO - [2025-09-14T17:58:33.727+0000] {dagbag.py:545} INFO - Filling up the DagBag from /opt/airflow/dags/amazon_books_elt.py
[2025-09-14T17:58:33.985+0000] {processor.py:840} INFO - DAG(s) 'amazon_books_elt' retrieved from /opt/airflow/dags/amazon_books_elt.py
[2025-09-14T17:58:34.002+0000] {logging_mixin.py:188} INFO - [2025-09-14T17:58:34.001+0000] {dag.py:3096} INFO - Sync 1 DAGs
[2025-09-14T17:58:34.016+0000] {logging_mixin.py:188} INFO - [2025-09-14T17:58:34.016+0000] {dag.py:3954} INFO - Setting next_dagrun for amazon_books_elt to 2025-09-14 00:00:00+00:00, run_after=2025-09-15 00:00:00+00:00
[2025-09-14T17:58:34.029+0000] {processor.py:183} INFO - Processing /opt/airflow/dags/amazon_books_elt.py took 0.308 seconds
[2025-09-14T17:59:04.290+0000] {processor.py:161} INFO - Started process (PID=4829) to work on /opt/airflow/dags/amazon_books_elt.py
[2025-09-14T17:59:04.291+0000] {processor.py:830} INFO - Processing file /opt/airflow/dags/amazon_books_elt.py for tasks to queue
[2025-09-14T17:59:04.292+0000] {logging_mixin.py:188} INFO - [2025-09-14T17:59:04.292+0000] {dagbag.py:545} INFO - Filling up the DagBag from /opt/airflow/dags/amazon_books_elt.py
[2025-09-14T17:59:04.552+0000] {processor.py:840} INFO - DAG(s) 'amazon_books_elt' retrieved from /opt/airflow/dags/amazon_books_elt.py
[2025-09-14T17:59:04.569+0000] {logging_mixin.py:188} INFO - [2025-09-14T17:59:04.568+0000] {dag.py:3096} INFO - Sync 1 DAGs
[2025-09-14T17:59:04.583+0000] {logging_mixin.py:188} INFO - [2025-09-14T17:59:04.583+0000] {dag.py:3954} INFO - Setting next_dagrun for amazon_books_elt to 2025-09-14 00:00:00+00:00, run_after=2025-09-15 00:00:00+00:00
[2025-09-14T17:59:04.595+0000] {processor.py:183} INFO - Processing /opt/airflow/dags/amazon_books_elt.py took 0.309 seconds
[2025-09-14T17:59:34.843+0000] {processor.py:161} INFO - Started process (PID=4851) to work on /opt/airflow/dags/amazon_books_elt.py
[2025-09-14T17:59:34.844+0000] {processor.py:830} INFO - Processing file /opt/airflow/dags/amazon_books_elt.py for tasks to queue
[2025-09-14T17:59:34.845+0000] {logging_mixin.py:188} INFO - [2025-09-14T17:59:34.845+0000] {dagbag.py:545} INFO - Filling up the DagBag from /opt/airflow/dags/amazon_books_elt.py
[2025-09-14T17:59:35.100+0000] {processor.py:840} INFO - DAG(s) 'amazon_books_elt' retrieved from /opt/airflow/dags/amazon_books_elt.py
[2025-09-14T17:59:35.120+0000] {logging_mixin.py:188} INFO - [2025-09-14T17:59:35.119+0000] {dag.py:3096} INFO - Sync 1 DAGs
[2025-09-14T17:59:35.134+0000] {logging_mixin.py:188} INFO - [2025-09-14T17:59:35.134+0000] {dag.py:3954} INFO - Setting next_dagrun for amazon_books_elt to 2025-09-14 00:00:00+00:00, run_after=2025-09-15 00:00:00+00:00
[2025-09-14T17:59:35.145+0000] {processor.py:183} INFO - Processing /opt/airflow/dags/amazon_books_elt.py took 0.306 seconds
[2025-09-14T18:00:05.399+0000] {processor.py:161} INFO - Started process (PID=4873) to work on /opt/airflow/dags/amazon_books_elt.py
[2025-09-14T18:00:05.401+0000] {processor.py:830} INFO - Processing file /opt/airflow/dags/amazon_books_elt.py for tasks to queue
[2025-09-14T18:00:05.402+0000] {logging_mixin.py:188} INFO - [2025-09-14T18:00:05.402+0000] {dagbag.py:545} INFO - Filling up the DagBag from /opt/airflow/dags/amazon_books_elt.py
[2025-09-14T18:00:05.662+0000] {processor.py:840} INFO - DAG(s) 'amazon_books_elt' retrieved from /opt/airflow/dags/amazon_books_elt.py
[2025-09-14T18:00:05.681+0000] {logging_mixin.py:188} INFO - [2025-09-14T18:00:05.680+0000] {dag.py:3096} INFO - Sync 1 DAGs
[2025-09-14T18:00:05.695+0000] {logging_mixin.py:188} INFO - [2025-09-14T18:00:05.695+0000] {dag.py:3954} INFO - Setting next_dagrun for amazon_books_elt to 2025-09-14 00:00:00+00:00, run_after=2025-09-15 00:00:00+00:00
[2025-09-14T18:00:05.708+0000] {processor.py:183} INFO - Processing /opt/airflow/dags/amazon_books_elt.py took 0.313 seconds
[2025-09-14T18:00:35.947+0000] {processor.py:161} INFO - Started process (PID=4895) to work on /opt/airflow/dags/amazon_books_elt.py
[2025-09-14T18:00:35.948+0000] {processor.py:830} INFO - Processing file /opt/airflow/dags/amazon_books_elt.py for tasks to queue
[2025-09-14T18:00:35.949+0000] {logging_mixin.py:188} INFO - [2025-09-14T18:00:35.949+0000] {dagbag.py:545} INFO - Filling up the DagBag from /opt/airflow/dags/amazon_books_elt.py
[2025-09-14T18:00:36.200+0000] {processor.py:840} INFO - DAG(s) 'amazon_books_elt' retrieved from /opt/airflow/dags/amazon_books_elt.py
[2025-09-14T18:00:36.217+0000] {logging_mixin.py:188} INFO - [2025-09-14T18:00:36.217+0000] {dag.py:3096} INFO - Sync 1 DAGs
[2025-09-14T18:00:36.231+0000] {logging_mixin.py:188} INFO - [2025-09-14T18:00:36.230+0000] {dag.py:3954} INFO - Setting next_dagrun for amazon_books_elt to 2025-09-14 00:00:00+00:00, run_after=2025-09-15 00:00:00+00:00
[2025-09-14T18:00:36.241+0000] {processor.py:183} INFO - Processing /opt/airflow/dags/amazon_books_elt.py took 0.298 seconds
[2025-09-14T18:01:06.353+0000] {processor.py:161} INFO - Started process (PID=4917) to work on /opt/airflow/dags/amazon_books_elt.py
[2025-09-14T18:01:06.354+0000] {processor.py:830} INFO - Processing file /opt/airflow/dags/amazon_books_elt.py for tasks to queue
[2025-09-14T18:01:06.356+0000] {logging_mixin.py:188} INFO - [2025-09-14T18:01:06.356+0000] {dagbag.py:545} INFO - Filling up the DagBag from /opt/airflow/dags/amazon_books_elt.py
[2025-09-14T18:01:06.613+0000] {processor.py:840} INFO - DAG(s) 'amazon_books_elt' retrieved from /opt/airflow/dags/amazon_books_elt.py
[2025-09-14T18:01:06.629+0000] {logging_mixin.py:188} INFO - [2025-09-14T18:01:06.629+0000] {dag.py:3096} INFO - Sync 1 DAGs
[2025-09-14T18:01:06.643+0000] {logging_mixin.py:188} INFO - [2025-09-14T18:01:06.643+0000] {dag.py:3954} INFO - Setting next_dagrun for amazon_books_elt to 2025-09-14 00:00:00+00:00, run_after=2025-09-15 00:00:00+00:00
[2025-09-14T18:01:06.654+0000] {processor.py:183} INFO - Processing /opt/airflow/dags/amazon_books_elt.py took 0.305 seconds
[2025-09-14T18:01:36.893+0000] {processor.py:161} INFO - Started process (PID=4939) to work on /opt/airflow/dags/amazon_books_elt.py
[2025-09-14T18:01:36.894+0000] {processor.py:830} INFO - Processing file /opt/airflow/dags/amazon_books_elt.py for tasks to queue
[2025-09-14T18:01:36.895+0000] {logging_mixin.py:188} INFO - [2025-09-14T18:01:36.895+0000] {dagbag.py:545} INFO - Filling up the DagBag from /opt/airflow/dags/amazon_books_elt.py
[2025-09-14T18:01:37.148+0000] {processor.py:840} INFO - DAG(s) 'amazon_books_elt' retrieved from /opt/airflow/dags/amazon_books_elt.py
[2025-09-14T18:01:37.165+0000] {logging_mixin.py:188} INFO - [2025-09-14T18:01:37.165+0000] {dag.py:3096} INFO - Sync 1 DAGs
[2025-09-14T18:01:37.179+0000] {logging_mixin.py:188} INFO - [2025-09-14T18:01:37.179+0000] {dag.py:3954} INFO - Setting next_dagrun for amazon_books_elt to 2025-09-14 00:00:00+00:00, run_after=2025-09-15 00:00:00+00:00
[2025-09-14T18:01:37.190+0000] {processor.py:183} INFO - Processing /opt/airflow/dags/amazon_books_elt.py took 0.300 seconds
[2025-09-14T18:02:07.437+0000] {processor.py:161} INFO - Started process (PID=4961) to work on /opt/airflow/dags/amazon_books_elt.py
[2025-09-14T18:02:07.439+0000] {processor.py:830} INFO - Processing file /opt/airflow/dags/amazon_books_elt.py for tasks to queue
[2025-09-14T18:02:07.440+0000] {logging_mixin.py:188} INFO - [2025-09-14T18:02:07.440+0000] {dagbag.py:545} INFO - Filling up the DagBag from /opt/airflow/dags/amazon_books_elt.py
[2025-09-14T18:02:07.689+0000] {processor.py:840} INFO - DAG(s) 'amazon_books_elt' retrieved from /opt/airflow/dags/amazon_books_elt.py
[2025-09-14T18:02:07.706+0000] {logging_mixin.py:188} INFO - [2025-09-14T18:02:07.706+0000] {dag.py:3096} INFO - Sync 1 DAGs
[2025-09-14T18:02:07.719+0000] {logging_mixin.py:188} INFO - [2025-09-14T18:02:07.719+0000] {dag.py:3954} INFO - Setting next_dagrun for amazon_books_elt to 2025-09-14 00:00:00+00:00, run_after=2025-09-15 00:00:00+00:00
[2025-09-14T18:02:07.735+0000] {processor.py:183} INFO - Processing /opt/airflow/dags/amazon_books_elt.py took 0.303 seconds
[2025-09-14T18:02:37.986+0000] {processor.py:161} INFO - Started process (PID=4983) to work on /opt/airflow/dags/amazon_books_elt.py
[2025-09-14T18:02:37.989+0000] {processor.py:830} INFO - Processing file /opt/airflow/dags/amazon_books_elt.py for tasks to queue
[2025-09-14T18:02:37.990+0000] {logging_mixin.py:188} INFO - [2025-09-14T18:02:37.990+0000] {dagbag.py:545} INFO - Filling up the DagBag from /opt/airflow/dags/amazon_books_elt.py
[2025-09-14T18:02:38.240+0000] {processor.py:840} INFO - DAG(s) 'amazon_books_elt' retrieved from /opt/airflow/dags/amazon_books_elt.py
[2025-09-14T18:02:38.258+0000] {logging_mixin.py:188} INFO - [2025-09-14T18:02:38.257+0000] {dag.py:3096} INFO - Sync 1 DAGs
[2025-09-14T18:02:38.271+0000] {logging_mixin.py:188} INFO - [2025-09-14T18:02:38.271+0000] {dag.py:3954} INFO - Setting next_dagrun for amazon_books_elt to 2025-09-14 00:00:00+00:00, run_after=2025-09-15 00:00:00+00:00
[2025-09-14T18:02:38.283+0000] {processor.py:183} INFO - Processing /opt/airflow/dags/amazon_books_elt.py took 0.300 seconds
[2025-09-14T18:03:08.537+0000] {processor.py:161} INFO - Started process (PID=5005) to work on /opt/airflow/dags/amazon_books_elt.py
[2025-09-14T18:03:08.537+0000] {processor.py:830} INFO - Processing file /opt/airflow/dags/amazon_books_elt.py for tasks to queue
[2025-09-14T18:03:08.539+0000] {logging_mixin.py:188} INFO - [2025-09-14T18:03:08.538+0000] {dagbag.py:545} INFO - Filling up the DagBag from /opt/airflow/dags/amazon_books_elt.py
[2025-09-14T18:03:08.792+0000] {processor.py:840} INFO - DAG(s) 'amazon_books_elt' retrieved from /opt/airflow/dags/amazon_books_elt.py
[2025-09-14T18:03:08.808+0000] {logging_mixin.py:188} INFO - [2025-09-14T18:03:08.808+0000] {dag.py:3096} INFO - Sync 1 DAGs
[2025-09-14T18:03:08.822+0000] {logging_mixin.py:188} INFO - [2025-09-14T18:03:08.822+0000] {dag.py:3954} INFO - Setting next_dagrun for amazon_books_elt to 2025-09-14 00:00:00+00:00, run_after=2025-09-15 00:00:00+00:00
[2025-09-14T18:03:08.832+0000] {processor.py:183} INFO - Processing /opt/airflow/dags/amazon_books_elt.py took 0.299 seconds
[2025-09-14T18:03:39.788+0000] {processor.py:161} INFO - Started process (PID=5027) to work on /opt/airflow/dags/amazon_books_elt.py
[2025-09-14T18:03:39.791+0000] {processor.py:830} INFO - Processing file /opt/airflow/dags/amazon_books_elt.py for tasks to queue
[2025-09-14T18:03:39.792+0000] {logging_mixin.py:188} INFO - [2025-09-14T18:03:39.792+0000] {dagbag.py:545} INFO - Filling up the DagBag from /opt/airflow/dags/amazon_books_elt.py
[2025-09-14T18:03:40.043+0000] {processor.py:840} INFO - DAG(s) 'amazon_books_elt' retrieved from /opt/airflow/dags/amazon_books_elt.py
[2025-09-14T18:03:40.060+0000] {logging_mixin.py:188} INFO - [2025-09-14T18:03:40.060+0000] {dag.py:3096} INFO - Sync 1 DAGs
[2025-09-14T18:03:40.073+0000] {logging_mixin.py:188} INFO - [2025-09-14T18:03:40.073+0000] {dag.py:3954} INFO - Setting next_dagrun for amazon_books_elt to 2025-09-14 00:00:00+00:00, run_after=2025-09-15 00:00:00+00:00
[2025-09-14T18:03:40.084+0000] {processor.py:183} INFO - Processing /opt/airflow/dags/amazon_books_elt.py took 0.299 seconds
[2025-09-14T18:04:10.256+0000] {processor.py:161} INFO - Started process (PID=5049) to work on /opt/airflow/dags/amazon_books_elt.py
[2025-09-14T18:04:10.258+0000] {processor.py:830} INFO - Processing file /opt/airflow/dags/amazon_books_elt.py for tasks to queue
[2025-09-14T18:04:10.260+0000] {logging_mixin.py:188} INFO - [2025-09-14T18:04:10.260+0000] {dagbag.py:545} INFO - Filling up the DagBag from /opt/airflow/dags/amazon_books_elt.py
[2025-09-14T18:04:10.507+0000] {processor.py:840} INFO - DAG(s) 'amazon_books_elt' retrieved from /opt/airflow/dags/amazon_books_elt.py
[2025-09-14T18:04:10.524+0000] {logging_mixin.py:188} INFO - [2025-09-14T18:04:10.524+0000] {dag.py:3096} INFO - Sync 1 DAGs
[2025-09-14T18:04:10.538+0000] {logging_mixin.py:188} INFO - [2025-09-14T18:04:10.538+0000] {dag.py:3954} INFO - Setting next_dagrun for amazon_books_elt to 2025-09-14 00:00:00+00:00, run_after=2025-09-15 00:00:00+00:00
[2025-09-14T18:04:10.550+0000] {processor.py:183} INFO - Processing /opt/airflow/dags/amazon_books_elt.py took 0.298 seconds
[2025-09-14T18:04:40.815+0000] {processor.py:161} INFO - Started process (PID=5071) to work on /opt/airflow/dags/amazon_books_elt.py
[2025-09-14T18:04:40.818+0000] {processor.py:830} INFO - Processing file /opt/airflow/dags/amazon_books_elt.py for tasks to queue
[2025-09-14T18:04:40.819+0000] {logging_mixin.py:188} INFO - [2025-09-14T18:04:40.819+0000] {dagbag.py:545} INFO - Filling up the DagBag from /opt/airflow/dags/amazon_books_elt.py
[2025-09-14T18:04:41.144+0000] {processor.py:840} INFO - DAG(s) 'amazon_books_elt' retrieved from /opt/airflow/dags/amazon_books_elt.py
[2025-09-14T18:04:41.165+0000] {logging_mixin.py:188} INFO - [2025-09-14T18:04:41.165+0000] {dag.py:3096} INFO - Sync 1 DAGs
[2025-09-14T18:04:41.178+0000] {logging_mixin.py:188} INFO - [2025-09-14T18:04:41.178+0000] {dag.py:3954} INFO - Setting next_dagrun for amazon_books_elt to 2025-09-14 00:00:00+00:00, run_after=2025-09-15 00:00:00+00:00
[2025-09-14T18:04:41.191+0000] {processor.py:183} INFO - Processing /opt/airflow/dags/amazon_books_elt.py took 0.379 seconds
[2025-09-14T18:05:11.429+0000] {processor.py:161} INFO - Started process (PID=5093) to work on /opt/airflow/dags/amazon_books_elt.py
[2025-09-14T18:05:11.429+0000] {processor.py:830} INFO - Processing file /opt/airflow/dags/amazon_books_elt.py for tasks to queue
[2025-09-14T18:05:11.431+0000] {logging_mixin.py:188} INFO - [2025-09-14T18:05:11.430+0000] {dagbag.py:545} INFO - Filling up the DagBag from /opt/airflow/dags/amazon_books_elt.py
[2025-09-14T18:05:11.685+0000] {processor.py:840} INFO - DAG(s) 'amazon_books_elt' retrieved from /opt/airflow/dags/amazon_books_elt.py
[2025-09-14T18:05:11.702+0000] {logging_mixin.py:188} INFO - [2025-09-14T18:05:11.702+0000] {dag.py:3096} INFO - Sync 1 DAGs
[2025-09-14T18:05:11.718+0000] {logging_mixin.py:188} INFO - [2025-09-14T18:05:11.717+0000] {dag.py:3954} INFO - Setting next_dagrun for amazon_books_elt to 2025-09-14 00:00:00+00:00, run_after=2025-09-15 00:00:00+00:00
[2025-09-14T18:05:11.732+0000] {processor.py:183} INFO - Processing /opt/airflow/dags/amazon_books_elt.py took 0.307 seconds
[2025-09-14T18:05:41.993+0000] {processor.py:161} INFO - Started process (PID=5115) to work on /opt/airflow/dags/amazon_books_elt.py
[2025-09-14T18:05:41.994+0000] {processor.py:830} INFO - Processing file /opt/airflow/dags/amazon_books_elt.py for tasks to queue
[2025-09-14T18:05:41.996+0000] {logging_mixin.py:188} INFO - [2025-09-14T18:05:41.995+0000] {dagbag.py:545} INFO - Filling up the DagBag from /opt/airflow/dags/amazon_books_elt.py
[2025-09-14T18:05:42.250+0000] {processor.py:840} INFO - DAG(s) 'amazon_books_elt' retrieved from /opt/airflow/dags/amazon_books_elt.py
[2025-09-14T18:05:42.267+0000] {logging_mixin.py:188} INFO - [2025-09-14T18:05:42.266+0000] {dag.py:3096} INFO - Sync 1 DAGs
[2025-09-14T18:05:42.280+0000] {logging_mixin.py:188} INFO - [2025-09-14T18:05:42.280+0000] {dag.py:3954} INFO - Setting next_dagrun for amazon_books_elt to 2025-09-14 00:00:00+00:00, run_after=2025-09-15 00:00:00+00:00
[2025-09-14T18:05:42.291+0000] {processor.py:183} INFO - Processing /opt/airflow/dags/amazon_books_elt.py took 0.302 seconds
[2025-09-14T18:06:12.531+0000] {processor.py:161} INFO - Started process (PID=5137) to work on /opt/airflow/dags/amazon_books_elt.py
[2025-09-14T18:06:12.534+0000] {processor.py:830} INFO - Processing file /opt/airflow/dags/amazon_books_elt.py for tasks to queue
[2025-09-14T18:06:12.535+0000] {logging_mixin.py:188} INFO - [2025-09-14T18:06:12.535+0000] {dagbag.py:545} INFO - Filling up the DagBag from /opt/airflow/dags/amazon_books_elt.py
[2025-09-14T18:06:12.805+0000] {processor.py:840} INFO - DAG(s) 'amazon_books_elt' retrieved from /opt/airflow/dags/amazon_books_elt.py
[2025-09-14T18:06:12.822+0000] {logging_mixin.py:188} INFO - [2025-09-14T18:06:12.822+0000] {dag.py:3096} INFO - Sync 1 DAGs
[2025-09-14T18:06:12.835+0000] {logging_mixin.py:188} INFO - [2025-09-14T18:06:12.835+0000] {dag.py:3954} INFO - Setting next_dagrun for amazon_books_elt to 2025-09-14 00:00:00+00:00, run_after=2025-09-15 00:00:00+00:00
[2025-09-14T18:06:12.846+0000] {processor.py:183} INFO - Processing /opt/airflow/dags/amazon_books_elt.py took 0.318 seconds
[2025-09-14T18:06:43.094+0000] {processor.py:161} INFO - Started process (PID=5153) to work on /opt/airflow/dags/amazon_books_elt.py
[2025-09-14T18:06:43.095+0000] {processor.py:830} INFO - Processing file /opt/airflow/dags/amazon_books_elt.py for tasks to queue
[2025-09-14T18:06:43.096+0000] {logging_mixin.py:188} INFO - [2025-09-14T18:06:43.096+0000] {dagbag.py:545} INFO - Filling up the DagBag from /opt/airflow/dags/amazon_books_elt.py
[2025-09-14T18:06:43.352+0000] {processor.py:840} INFO - DAG(s) 'amazon_books_elt' retrieved from /opt/airflow/dags/amazon_books_elt.py
[2025-09-14T18:06:43.369+0000] {logging_mixin.py:188} INFO - [2025-09-14T18:06:43.369+0000] {dag.py:3096} INFO - Sync 1 DAGs
[2025-09-14T18:06:43.382+0000] {logging_mixin.py:188} INFO - [2025-09-14T18:06:43.382+0000] {dag.py:3954} INFO - Setting next_dagrun for amazon_books_elt to 2025-09-14 00:00:00+00:00, run_after=2025-09-15 00:00:00+00:00
[2025-09-14T18:06:43.394+0000] {processor.py:183} INFO - Processing /opt/airflow/dags/amazon_books_elt.py took 0.304 seconds
[2025-09-14T18:07:13.636+0000] {processor.py:161} INFO - Started process (PID=5175) to work on /opt/airflow/dags/amazon_books_elt.py
[2025-09-14T18:07:13.639+0000] {processor.py:830} INFO - Processing file /opt/airflow/dags/amazon_books_elt.py for tasks to queue
[2025-09-14T18:07:13.640+0000] {logging_mixin.py:188} INFO - [2025-09-14T18:07:13.640+0000] {dagbag.py:545} INFO - Filling up the DagBag from /opt/airflow/dags/amazon_books_elt.py
[2025-09-14T18:07:13.896+0000] {processor.py:840} INFO - DAG(s) 'amazon_books_elt' retrieved from /opt/airflow/dags/amazon_books_elt.py
[2025-09-14T18:07:13.914+0000] {logging_mixin.py:188} INFO - [2025-09-14T18:07:13.913+0000] {dag.py:3096} INFO - Sync 1 DAGs
[2025-09-14T18:07:13.928+0000] {logging_mixin.py:188} INFO - [2025-09-14T18:07:13.928+0000] {dag.py:3954} INFO - Setting next_dagrun for amazon_books_elt to 2025-09-14 00:00:00+00:00, run_after=2025-09-15 00:00:00+00:00
[2025-09-14T18:07:13.939+0000] {processor.py:183} INFO - Processing /opt/airflow/dags/amazon_books_elt.py took 0.307 seconds
[2025-09-14T18:07:44.055+0000] {processor.py:161} INFO - Started process (PID=5197) to work on /opt/airflow/dags/amazon_books_elt.py
[2025-09-14T18:07:44.056+0000] {processor.py:830} INFO - Processing file /opt/airflow/dags/amazon_books_elt.py for tasks to queue
[2025-09-14T18:07:44.058+0000] {logging_mixin.py:188} INFO - [2025-09-14T18:07:44.057+0000] {dagbag.py:545} INFO - Filling up the DagBag from /opt/airflow/dags/amazon_books_elt.py
[2025-09-14T18:07:44.316+0000] {processor.py:840} INFO - DAG(s) 'amazon_books_elt' retrieved from /opt/airflow/dags/amazon_books_elt.py
[2025-09-14T18:07:44.335+0000] {logging_mixin.py:188} INFO - [2025-09-14T18:07:44.334+0000] {dag.py:3096} INFO - Sync 1 DAGs
[2025-09-14T18:07:44.349+0000] {logging_mixin.py:188} INFO - [2025-09-14T18:07:44.349+0000] {dag.py:3954} INFO - Setting next_dagrun for amazon_books_elt to 2025-09-14 00:00:00+00:00, run_after=2025-09-15 00:00:00+00:00
[2025-09-14T18:07:44.360+0000] {processor.py:183} INFO - Processing /opt/airflow/dags/amazon_books_elt.py took 0.308 seconds
[2025-09-14T18:08:15.286+0000] {processor.py:161} INFO - Started process (PID=5225) to work on /opt/airflow/dags/amazon_books_elt.py
[2025-09-14T18:08:15.287+0000] {processor.py:830} INFO - Processing file /opt/airflow/dags/amazon_books_elt.py for tasks to queue
[2025-09-14T18:08:15.288+0000] {logging_mixin.py:188} INFO - [2025-09-14T18:08:15.288+0000] {dagbag.py:545} INFO - Filling up the DagBag from /opt/airflow/dags/amazon_books_elt.py
[2025-09-14T18:08:15.540+0000] {processor.py:840} INFO - DAG(s) 'amazon_books_elt' retrieved from /opt/airflow/dags/amazon_books_elt.py
[2025-09-14T18:08:15.557+0000] {logging_mixin.py:188} INFO - [2025-09-14T18:08:15.556+0000] {dag.py:3096} INFO - Sync 1 DAGs
[2025-09-14T18:08:15.570+0000] {logging_mixin.py:188} INFO - [2025-09-14T18:08:15.570+0000] {dag.py:3954} INFO - Setting next_dagrun for amazon_books_elt to 2025-09-14 00:00:00+00:00, run_after=2025-09-15 00:00:00+00:00
[2025-09-14T18:08:15.582+0000] {processor.py:183} INFO - Processing /opt/airflow/dags/amazon_books_elt.py took 0.300 seconds
[2025-09-14T18:08:45.830+0000] {processor.py:161} INFO - Started process (PID=5241) to work on /opt/airflow/dags/amazon_books_elt.py
[2025-09-14T18:08:45.831+0000] {processor.py:830} INFO - Processing file /opt/airflow/dags/amazon_books_elt.py for tasks to queue
[2025-09-14T18:08:45.832+0000] {logging_mixin.py:188} INFO - [2025-09-14T18:08:45.831+0000] {dagbag.py:545} INFO - Filling up the DagBag from /opt/airflow/dags/amazon_books_elt.py
[2025-09-14T18:08:46.100+0000] {processor.py:840} INFO - DAG(s) 'amazon_books_elt' retrieved from /opt/airflow/dags/amazon_books_elt.py
[2025-09-14T18:08:46.118+0000] {logging_mixin.py:188} INFO - [2025-09-14T18:08:46.118+0000] {dag.py:3096} INFO - Sync 1 DAGs
[2025-09-14T18:08:46.133+0000] {logging_mixin.py:188} INFO - [2025-09-14T18:08:46.133+0000] {dag.py:3954} INFO - Setting next_dagrun for amazon_books_elt to 2025-09-14 00:00:00+00:00, run_after=2025-09-15 00:00:00+00:00
[2025-09-14T18:08:46.145+0000] {processor.py:183} INFO - Processing /opt/airflow/dags/amazon_books_elt.py took 0.320 seconds
[2025-09-14T18:09:16.388+0000] {processor.py:161} INFO - Started process (PID=5263) to work on /opt/airflow/dags/amazon_books_elt.py
[2025-09-14T18:09:16.389+0000] {processor.py:830} INFO - Processing file /opt/airflow/dags/amazon_books_elt.py for tasks to queue
[2025-09-14T18:09:16.390+0000] {logging_mixin.py:188} INFO - [2025-09-14T18:09:16.390+0000] {dagbag.py:545} INFO - Filling up the DagBag from /opt/airflow/dags/amazon_books_elt.py
[2025-09-14T18:09:16.639+0000] {processor.py:840} INFO - DAG(s) 'amazon_books_elt' retrieved from /opt/airflow/dags/amazon_books_elt.py
[2025-09-14T18:09:16.656+0000] {logging_mixin.py:188} INFO - [2025-09-14T18:09:16.656+0000] {dag.py:3096} INFO - Sync 1 DAGs
[2025-09-14T18:09:16.673+0000] {logging_mixin.py:188} INFO - [2025-09-14T18:09:16.672+0000] {dag.py:3954} INFO - Setting next_dagrun for amazon_books_elt to 2025-09-14 00:00:00+00:00, run_after=2025-09-15 00:00:00+00:00
[2025-09-14T18:09:16.685+0000] {processor.py:183} INFO - Processing /opt/airflow/dags/amazon_books_elt.py took 0.300 seconds
[2025-09-14T18:09:46.957+0000] {processor.py:161} INFO - Started process (PID=5285) to work on /opt/airflow/dags/amazon_books_elt.py
[2025-09-14T18:09:46.962+0000] {processor.py:830} INFO - Processing file /opt/airflow/dags/amazon_books_elt.py for tasks to queue
[2025-09-14T18:09:46.963+0000] {logging_mixin.py:188} INFO - [2025-09-14T18:09:46.963+0000] {dagbag.py:545} INFO - Filling up the DagBag from /opt/airflow/dags/amazon_books_elt.py
[2025-09-14T18:09:47.251+0000] {processor.py:840} INFO - DAG(s) 'amazon_books_elt' retrieved from /opt/airflow/dags/amazon_books_elt.py
[2025-09-14T18:09:47.268+0000] {logging_mixin.py:188} INFO - [2025-09-14T18:09:47.267+0000] {dag.py:3096} INFO - Sync 1 DAGs
[2025-09-14T18:09:47.281+0000] {logging_mixin.py:188} INFO - [2025-09-14T18:09:47.280+0000] {dag.py:3954} INFO - Setting next_dagrun for amazon_books_elt to 2025-09-14 00:00:00+00:00, run_after=2025-09-15 00:00:00+00:00
[2025-09-14T18:09:47.292+0000] {processor.py:183} INFO - Processing /opt/airflow/dags/amazon_books_elt.py took 0.339 seconds
[2025-09-14T18:10:17.826+0000] {processor.py:161} INFO - Started process (PID=5307) to work on /opt/airflow/dags/amazon_books_elt.py
[2025-09-14T18:10:17.826+0000] {processor.py:830} INFO - Processing file /opt/airflow/dags/amazon_books_elt.py for tasks to queue
[2025-09-14T18:10:17.827+0000] {logging_mixin.py:188} INFO - [2025-09-14T18:10:17.827+0000] {dagbag.py:545} INFO - Filling up the DagBag from /opt/airflow/dags/amazon_books_elt.py
[2025-09-14T18:10:18.078+0000] {processor.py:840} INFO - DAG(s) 'amazon_books_elt' retrieved from /opt/airflow/dags/amazon_books_elt.py
[2025-09-14T18:10:18.095+0000] {logging_mixin.py:188} INFO - [2025-09-14T18:10:18.095+0000] {dag.py:3096} INFO - Sync 1 DAGs
[2025-09-14T18:10:18.109+0000] {logging_mixin.py:188} INFO - [2025-09-14T18:10:18.108+0000] {dag.py:3954} INFO - Setting next_dagrun for amazon_books_elt to 2025-09-14 00:00:00+00:00, run_after=2025-09-15 00:00:00+00:00
[2025-09-14T18:10:18.119+0000] {processor.py:183} INFO - Processing /opt/airflow/dags/amazon_books_elt.py took 0.297 seconds
[2025-09-14T18:10:49.041+0000] {processor.py:161} INFO - Started process (PID=5329) to work on /opt/airflow/dags/amazon_books_elt.py
[2025-09-14T18:10:49.043+0000] {processor.py:830} INFO - Processing file /opt/airflow/dags/amazon_books_elt.py for tasks to queue
[2025-09-14T18:10:49.044+0000] {logging_mixin.py:188} INFO - [2025-09-14T18:10:49.044+0000] {dagbag.py:545} INFO - Filling up the DagBag from /opt/airflow/dags/amazon_books_elt.py
[2025-09-14T18:10:49.312+0000] {processor.py:840} INFO - DAG(s) 'amazon_books_elt' retrieved from /opt/airflow/dags/amazon_books_elt.py
[2025-09-14T18:10:49.330+0000] {logging_mixin.py:188} INFO - [2025-09-14T18:10:49.330+0000] {dag.py:3096} INFO - Sync 1 DAGs
[2025-09-14T18:10:49.345+0000] {logging_mixin.py:188} INFO - [2025-09-14T18:10:49.345+0000] {dag.py:3954} INFO - Setting next_dagrun for amazon_books_elt to 2025-09-14 00:00:00+00:00, run_after=2025-09-15 00:00:00+00:00
[2025-09-14T18:10:49.356+0000] {processor.py:183} INFO - Processing /opt/airflow/dags/amazon_books_elt.py took 0.319 seconds
[2025-09-14T18:11:19.593+0000] {processor.py:161} INFO - Started process (PID=5351) to work on /opt/airflow/dags/amazon_books_elt.py
[2025-09-14T18:11:19.595+0000] {processor.py:830} INFO - Processing file /opt/airflow/dags/amazon_books_elt.py for tasks to queue
[2025-09-14T18:11:19.596+0000] {logging_mixin.py:188} INFO - [2025-09-14T18:11:19.596+0000] {dagbag.py:545} INFO - Filling up the DagBag from /opt/airflow/dags/amazon_books_elt.py
[2025-09-14T18:11:19.848+0000] {processor.py:840} INFO - DAG(s) 'amazon_books_elt' retrieved from /opt/airflow/dags/amazon_books_elt.py
[2025-09-14T18:11:19.865+0000] {logging_mixin.py:188} INFO - [2025-09-14T18:11:19.864+0000] {dag.py:3096} INFO - Sync 1 DAGs
[2025-09-14T18:11:19.879+0000] {logging_mixin.py:188} INFO - [2025-09-14T18:11:19.879+0000] {dag.py:3954} INFO - Setting next_dagrun for amazon_books_elt to 2025-09-14 00:00:00+00:00, run_after=2025-09-15 00:00:00+00:00
[2025-09-14T18:11:19.892+0000] {processor.py:183} INFO - Processing /opt/airflow/dags/amazon_books_elt.py took 0.303 seconds
[2025-09-14T18:11:50.180+0000] {processor.py:161} INFO - Started process (PID=5373) to work on /opt/airflow/dags/amazon_books_elt.py
[2025-09-14T18:11:50.183+0000] {processor.py:830} INFO - Processing file /opt/airflow/dags/amazon_books_elt.py for tasks to queue
[2025-09-14T18:11:50.184+0000] {logging_mixin.py:188} INFO - [2025-09-14T18:11:50.184+0000] {dagbag.py:545} INFO - Filling up the DagBag from /opt/airflow/dags/amazon_books_elt.py
[2025-09-14T18:11:50.431+0000] {processor.py:840} INFO - DAG(s) 'amazon_books_elt' retrieved from /opt/airflow/dags/amazon_books_elt.py
[2025-09-14T18:11:50.448+0000] {logging_mixin.py:188} INFO - [2025-09-14T18:11:50.448+0000] {dag.py:3096} INFO - Sync 1 DAGs
[2025-09-14T18:11:50.461+0000] {logging_mixin.py:188} INFO - [2025-09-14T18:11:50.461+0000] {dag.py:3954} INFO - Setting next_dagrun for amazon_books_elt to 2025-09-14 00:00:00+00:00, run_after=2025-09-15 00:00:00+00:00
[2025-09-14T18:11:50.471+0000] {processor.py:183} INFO - Processing /opt/airflow/dags/amazon_books_elt.py took 0.295 seconds
[2025-09-14T18:12:20.717+0000] {processor.py:161} INFO - Started process (PID=5395) to work on /opt/airflow/dags/amazon_books_elt.py
[2025-09-14T18:12:20.718+0000] {processor.py:830} INFO - Processing file /opt/airflow/dags/amazon_books_elt.py for tasks to queue
[2025-09-14T18:12:20.719+0000] {logging_mixin.py:188} INFO - [2025-09-14T18:12:20.719+0000] {dagbag.py:545} INFO - Filling up the DagBag from /opt/airflow/dags/amazon_books_elt.py
[2025-09-14T18:12:20.968+0000] {processor.py:840} INFO - DAG(s) 'amazon_books_elt' retrieved from /opt/airflow/dags/amazon_books_elt.py
[2025-09-14T18:12:20.985+0000] {logging_mixin.py:188} INFO - [2025-09-14T18:12:20.985+0000] {dag.py:3096} INFO - Sync 1 DAGs
[2025-09-14T18:12:20.998+0000] {logging_mixin.py:188} INFO - [2025-09-14T18:12:20.997+0000] {dag.py:3954} INFO - Setting next_dagrun for amazon_books_elt to 2025-09-14 00:00:00+00:00, run_after=2025-09-15 00:00:00+00:00
[2025-09-14T18:12:21.008+0000] {processor.py:183} INFO - Processing /opt/airflow/dags/amazon_books_elt.py took 0.295 seconds
[2025-09-14T18:12:51.180+0000] {processor.py:161} INFO - Started process (PID=5417) to work on /opt/airflow/dags/amazon_books_elt.py
[2025-09-14T18:12:51.182+0000] {processor.py:830} INFO - Processing file /opt/airflow/dags/amazon_books_elt.py for tasks to queue
[2025-09-14T18:12:51.183+0000] {logging_mixin.py:188} INFO - [2025-09-14T18:12:51.183+0000] {dagbag.py:545} INFO - Filling up the DagBag from /opt/airflow/dags/amazon_books_elt.py
[2025-09-14T18:12:51.435+0000] {processor.py:840} INFO - DAG(s) 'amazon_books_elt' retrieved from /opt/airflow/dags/amazon_books_elt.py
[2025-09-14T18:12:51.452+0000] {logging_mixin.py:188} INFO - [2025-09-14T18:12:51.451+0000] {dag.py:3096} INFO - Sync 1 DAGs
[2025-09-14T18:12:51.464+0000] {logging_mixin.py:188} INFO - [2025-09-14T18:12:51.464+0000] {dag.py:3954} INFO - Setting next_dagrun for amazon_books_elt to 2025-09-14 00:00:00+00:00, run_after=2025-09-15 00:00:00+00:00
[2025-09-14T18:12:51.477+0000] {processor.py:183} INFO - Processing /opt/airflow/dags/amazon_books_elt.py took 0.300 seconds
[2025-09-14T18:13:21.742+0000] {processor.py:161} INFO - Started process (PID=5439) to work on /opt/airflow/dags/amazon_books_elt.py
[2025-09-14T18:13:21.743+0000] {processor.py:830} INFO - Processing file /opt/airflow/dags/amazon_books_elt.py for tasks to queue
[2025-09-14T18:13:21.744+0000] {logging_mixin.py:188} INFO - [2025-09-14T18:13:21.744+0000] {dagbag.py:545} INFO - Filling up the DagBag from /opt/airflow/dags/amazon_books_elt.py
[2025-09-14T18:13:21.998+0000] {processor.py:840} INFO - DAG(s) 'amazon_books_elt' retrieved from /opt/airflow/dags/amazon_books_elt.py
[2025-09-14T18:13:22.015+0000] {logging_mixin.py:188} INFO - [2025-09-14T18:13:22.015+0000] {dag.py:3096} INFO - Sync 1 DAGs
[2025-09-14T18:13:22.028+0000] {logging_mixin.py:188} INFO - [2025-09-14T18:13:22.028+0000] {dag.py:3954} INFO - Setting next_dagrun for amazon_books_elt to 2025-09-14 00:00:00+00:00, run_after=2025-09-15 00:00:00+00:00
[2025-09-14T18:13:22.040+0000] {processor.py:183} INFO - Processing /opt/airflow/dags/amazon_books_elt.py took 0.301 seconds
[2025-09-14T18:13:52.299+0000] {processor.py:161} INFO - Started process (PID=5461) to work on /opt/airflow/dags/amazon_books_elt.py
[2025-09-14T18:13:52.302+0000] {processor.py:830} INFO - Processing file /opt/airflow/dags/amazon_books_elt.py for tasks to queue
[2025-09-14T18:13:52.303+0000] {logging_mixin.py:188} INFO - [2025-09-14T18:13:52.303+0000] {dagbag.py:545} INFO - Filling up the DagBag from /opt/airflow/dags/amazon_books_elt.py
[2025-09-14T18:13:52.555+0000] {processor.py:840} INFO - DAG(s) 'amazon_books_elt' retrieved from /opt/airflow/dags/amazon_books_elt.py
[2025-09-14T18:13:52.572+0000] {logging_mixin.py:188} INFO - [2025-09-14T18:13:52.571+0000] {dag.py:3096} INFO - Sync 1 DAGs
[2025-09-14T18:13:52.586+0000] {logging_mixin.py:188} INFO - [2025-09-14T18:13:52.586+0000] {dag.py:3954} INFO - Setting next_dagrun for amazon_books_elt to 2025-09-14 00:00:00+00:00, run_after=2025-09-15 00:00:00+00:00
[2025-09-14T18:13:52.599+0000] {processor.py:183} INFO - Processing /opt/airflow/dags/amazon_books_elt.py took 0.305 seconds
[2025-09-14T18:14:22.830+0000] {processor.py:161} INFO - Started process (PID=5483) to work on /opt/airflow/dags/amazon_books_elt.py
[2025-09-14T18:14:22.832+0000] {processor.py:830} INFO - Processing file /opt/airflow/dags/amazon_books_elt.py for tasks to queue
[2025-09-14T18:14:22.833+0000] {logging_mixin.py:188} INFO - [2025-09-14T18:14:22.833+0000] {dagbag.py:545} INFO - Filling up the DagBag from /opt/airflow/dags/amazon_books_elt.py
[2025-09-14T18:14:23.097+0000] {processor.py:840} INFO - DAG(s) 'amazon_books_elt' retrieved from /opt/airflow/dags/amazon_books_elt.py
[2025-09-14T18:14:23.117+0000] {logging_mixin.py:188} INFO - [2025-09-14T18:14:23.116+0000] {dag.py:3096} INFO - Sync 1 DAGs
[2025-09-14T18:14:23.131+0000] {logging_mixin.py:188} INFO - [2025-09-14T18:14:23.131+0000] {dag.py:3954} INFO - Setting next_dagrun for amazon_books_elt to 2025-09-14 00:00:00+00:00, run_after=2025-09-15 00:00:00+00:00
[2025-09-14T18:14:23.144+0000] {processor.py:183} INFO - Processing /opt/airflow/dags/amazon_books_elt.py took 0.318 seconds
[2025-09-14T18:14:53.257+0000] {processor.py:161} INFO - Started process (PID=5505) to work on /opt/airflow/dags/amazon_books_elt.py
[2025-09-14T18:14:53.259+0000] {processor.py:830} INFO - Processing file /opt/airflow/dags/amazon_books_elt.py for tasks to queue
[2025-09-14T18:14:53.260+0000] {logging_mixin.py:188} INFO - [2025-09-14T18:14:53.260+0000] {dagbag.py:545} INFO - Filling up the DagBag from /opt/airflow/dags/amazon_books_elt.py
[2025-09-14T18:14:53.514+0000] {processor.py:840} INFO - DAG(s) 'amazon_books_elt' retrieved from /opt/airflow/dags/amazon_books_elt.py
[2025-09-14T18:14:53.531+0000] {logging_mixin.py:188} INFO - [2025-09-14T18:14:53.531+0000] {dag.py:3096} INFO - Sync 1 DAGs
[2025-09-14T18:14:53.545+0000] {logging_mixin.py:188} INFO - [2025-09-14T18:14:53.544+0000] {dag.py:3954} INFO - Setting next_dagrun for amazon_books_elt to 2025-09-14 00:00:00+00:00, run_after=2025-09-15 00:00:00+00:00
[2025-09-14T18:14:53.557+0000] {processor.py:183} INFO - Processing /opt/airflow/dags/amazon_books_elt.py took 0.304 seconds
[2025-09-14T18:15:23.762+0000] {processor.py:161} INFO - Started process (PID=5527) to work on /opt/airflow/dags/amazon_books_elt.py
[2025-09-14T18:15:23.763+0000] {processor.py:830} INFO - Processing file /opt/airflow/dags/amazon_books_elt.py for tasks to queue
[2025-09-14T18:15:23.764+0000] {logging_mixin.py:188} INFO - [2025-09-14T18:15:23.764+0000] {dagbag.py:545} INFO - Filling up the DagBag from /opt/airflow/dags/amazon_books_elt.py
[2025-09-14T18:15:24.015+0000] {processor.py:840} INFO - DAG(s) 'amazon_books_elt' retrieved from /opt/airflow/dags/amazon_books_elt.py
[2025-09-14T18:15:24.032+0000] {logging_mixin.py:188} INFO - [2025-09-14T18:15:24.031+0000] {dag.py:3096} INFO - Sync 1 DAGs
[2025-09-14T18:15:24.044+0000] {logging_mixin.py:188} INFO - [2025-09-14T18:15:24.044+0000] {dag.py:3954} INFO - Setting next_dagrun for amazon_books_elt to 2025-09-14 00:00:00+00:00, run_after=2025-09-15 00:00:00+00:00
[2025-09-14T18:15:24.055+0000] {processor.py:183} INFO - Processing /opt/airflow/dags/amazon_books_elt.py took 0.297 seconds
[2025-09-14T18:15:54.284+0000] {processor.py:161} INFO - Started process (PID=5549) to work on /opt/airflow/dags/amazon_books_elt.py
[2025-09-14T18:15:54.285+0000] {processor.py:830} INFO - Processing file /opt/airflow/dags/amazon_books_elt.py for tasks to queue
[2025-09-14T18:15:54.287+0000] {logging_mixin.py:188} INFO - [2025-09-14T18:15:54.286+0000] {dagbag.py:545} INFO - Filling up the DagBag from /opt/airflow/dags/amazon_books_elt.py
[2025-09-14T18:15:54.551+0000] {processor.py:840} INFO - DAG(s) 'amazon_books_elt' retrieved from /opt/airflow/dags/amazon_books_elt.py
[2025-09-14T18:15:54.568+0000] {logging_mixin.py:188} INFO - [2025-09-14T18:15:54.567+0000] {dag.py:3096} INFO - Sync 1 DAGs
[2025-09-14T18:15:54.581+0000] {logging_mixin.py:188} INFO - [2025-09-14T18:15:54.581+0000] {dag.py:3954} INFO - Setting next_dagrun for amazon_books_elt to 2025-09-14 00:00:00+00:00, run_after=2025-09-15 00:00:00+00:00
[2025-09-14T18:15:54.594+0000] {processor.py:183} INFO - Processing /opt/airflow/dags/amazon_books_elt.py took 0.314 seconds
[2025-09-14T18:16:24.808+0000] {processor.py:161} INFO - Started process (PID=5571) to work on /opt/airflow/dags/amazon_books_elt.py
[2025-09-14T18:16:24.808+0000] {processor.py:830} INFO - Processing file /opt/airflow/dags/amazon_books_elt.py for tasks to queue
[2025-09-14T18:16:24.810+0000] {logging_mixin.py:188} INFO - [2025-09-14T18:16:24.809+0000] {dagbag.py:545} INFO - Filling up the DagBag from /opt/airflow/dags/amazon_books_elt.py
[2025-09-14T18:16:25.071+0000] {processor.py:840} INFO - DAG(s) 'amazon_books_elt' retrieved from /opt/airflow/dags/amazon_books_elt.py
[2025-09-14T18:16:25.088+0000] {logging_mixin.py:188} INFO - [2025-09-14T18:16:25.087+0000] {dag.py:3096} INFO - Sync 1 DAGs
[2025-09-14T18:16:25.100+0000] {logging_mixin.py:188} INFO - [2025-09-14T18:16:25.100+0000] {dag.py:3954} INFO - Setting next_dagrun for amazon_books_elt to 2025-09-14 00:00:00+00:00, run_after=2025-09-15 00:00:00+00:00
[2025-09-14T18:16:25.111+0000] {processor.py:183} INFO - Processing /opt/airflow/dags/amazon_books_elt.py took 0.307 seconds
[2025-09-14T18:16:55.325+0000] {processor.py:161} INFO - Started process (PID=5593) to work on /opt/airflow/dags/amazon_books_elt.py
[2025-09-14T18:16:55.326+0000] {processor.py:830} INFO - Processing file /opt/airflow/dags/amazon_books_elt.py for tasks to queue
[2025-09-14T18:16:55.327+0000] {logging_mixin.py:188} INFO - [2025-09-14T18:16:55.327+0000] {dagbag.py:545} INFO - Filling up the DagBag from /opt/airflow/dags/amazon_books_elt.py
[2025-09-14T18:16:55.580+0000] {processor.py:840} INFO - DAG(s) 'amazon_books_elt' retrieved from /opt/airflow/dags/amazon_books_elt.py
[2025-09-14T18:16:55.597+0000] {logging_mixin.py:188} INFO - [2025-09-14T18:16:55.597+0000] {dag.py:3096} INFO - Sync 1 DAGs
[2025-09-14T18:16:55.610+0000] {logging_mixin.py:188} INFO - [2025-09-14T18:16:55.610+0000] {dag.py:3954} INFO - Setting next_dagrun for amazon_books_elt to 2025-09-14 00:00:00+00:00, run_after=2025-09-15 00:00:00+00:00
[2025-09-14T18:16:55.620+0000] {processor.py:183} INFO - Processing /opt/airflow/dags/amazon_books_elt.py took 0.299 seconds
[2025-09-14T18:17:26.536+0000] {processor.py:161} INFO - Started process (PID=5615) to work on /opt/airflow/dags/amazon_books_elt.py
[2025-09-14T18:17:26.536+0000] {processor.py:830} INFO - Processing file /opt/airflow/dags/amazon_books_elt.py for tasks to queue
[2025-09-14T18:17:26.538+0000] {logging_mixin.py:188} INFO - [2025-09-14T18:17:26.537+0000] {dagbag.py:545} INFO - Filling up the DagBag from /opt/airflow/dags/amazon_books_elt.py
[2025-09-14T18:17:26.788+0000] {processor.py:840} INFO - DAG(s) 'amazon_books_elt' retrieved from /opt/airflow/dags/amazon_books_elt.py
[2025-09-14T18:17:26.804+0000] {logging_mixin.py:188} INFO - [2025-09-14T18:17:26.803+0000] {dag.py:3096} INFO - Sync 1 DAGs
[2025-09-14T18:17:26.817+0000] {logging_mixin.py:188} INFO - [2025-09-14T18:17:26.817+0000] {dag.py:3954} INFO - Setting next_dagrun for amazon_books_elt to 2025-09-14 00:00:00+00:00, run_after=2025-09-15 00:00:00+00:00
[2025-09-14T18:17:26.830+0000] {processor.py:183} INFO - Processing /opt/airflow/dags/amazon_books_elt.py took 0.298 seconds
[2025-09-14T18:17:57.001+0000] {processor.py:161} INFO - Started process (PID=5637) to work on /opt/airflow/dags/amazon_books_elt.py
[2025-09-14T18:17:57.002+0000] {processor.py:830} INFO - Processing file /opt/airflow/dags/amazon_books_elt.py for tasks to queue
[2025-09-14T18:17:57.003+0000] {logging_mixin.py:188} INFO - [2025-09-14T18:17:57.003+0000] {dagbag.py:545} INFO - Filling up the DagBag from /opt/airflow/dags/amazon_books_elt.py
[2025-09-14T18:17:57.257+0000] {processor.py:840} INFO - DAG(s) 'amazon_books_elt' retrieved from /opt/airflow/dags/amazon_books_elt.py
[2025-09-14T18:17:57.275+0000] {logging_mixin.py:188} INFO - [2025-09-14T18:17:57.275+0000] {dag.py:3096} INFO - Sync 1 DAGs
[2025-09-14T18:17:57.290+0000] {logging_mixin.py:188} INFO - [2025-09-14T18:17:57.290+0000] {dag.py:3954} INFO - Setting next_dagrun for amazon_books_elt to 2025-09-14 00:00:00+00:00, run_after=2025-09-15 00:00:00+00:00
[2025-09-14T18:17:57.302+0000] {processor.py:183} INFO - Processing /opt/airflow/dags/amazon_books_elt.py took 0.304 seconds
[2025-09-14T18:18:27.486+0000] {processor.py:161} INFO - Started process (PID=5659) to work on /opt/airflow/dags/amazon_books_elt.py
[2025-09-14T18:18:27.487+0000] {processor.py:830} INFO - Processing file /opt/airflow/dags/amazon_books_elt.py for tasks to queue
[2025-09-14T18:18:27.488+0000] {logging_mixin.py:188} INFO - [2025-09-14T18:18:27.488+0000] {dagbag.py:545} INFO - Filling up the DagBag from /opt/airflow/dags/amazon_books_elt.py
[2025-09-14T18:18:27.751+0000] {processor.py:840} INFO - DAG(s) 'amazon_books_elt' retrieved from /opt/airflow/dags/amazon_books_elt.py
[2025-09-14T18:18:27.769+0000] {logging_mixin.py:188} INFO - [2025-09-14T18:18:27.769+0000] {dag.py:3096} INFO - Sync 1 DAGs
[2025-09-14T18:18:27.784+0000] {logging_mixin.py:188} INFO - [2025-09-14T18:18:27.783+0000] {dag.py:3954} INFO - Setting next_dagrun for amazon_books_elt to 2025-09-14 00:00:00+00:00, run_after=2025-09-15 00:00:00+00:00
[2025-09-14T18:18:27.795+0000] {processor.py:183} INFO - Processing /opt/airflow/dags/amazon_books_elt.py took 0.312 seconds
[2025-09-14T18:18:58.019+0000] {processor.py:161} INFO - Started process (PID=5681) to work on /opt/airflow/dags/amazon_books_elt.py
[2025-09-14T18:18:58.020+0000] {processor.py:830} INFO - Processing file /opt/airflow/dags/amazon_books_elt.py for tasks to queue
[2025-09-14T18:18:58.021+0000] {logging_mixin.py:188} INFO - [2025-09-14T18:18:58.021+0000] {dagbag.py:545} INFO - Filling up the DagBag from /opt/airflow/dags/amazon_books_elt.py
[2025-09-14T18:18:58.265+0000] {processor.py:840} INFO - DAG(s) 'amazon_books_elt' retrieved from /opt/airflow/dags/amazon_books_elt.py
[2025-09-14T18:18:58.282+0000] {logging_mixin.py:188} INFO - [2025-09-14T18:18:58.281+0000] {dag.py:3096} INFO - Sync 1 DAGs
[2025-09-14T18:18:58.295+0000] {logging_mixin.py:188} INFO - [2025-09-14T18:18:58.294+0000] {dag.py:3954} INFO - Setting next_dagrun for amazon_books_elt to 2025-09-14 00:00:00+00:00, run_after=2025-09-15 00:00:00+00:00
[2025-09-14T18:18:58.307+0000] {processor.py:183} INFO - Processing /opt/airflow/dags/amazon_books_elt.py took 0.291 seconds
[2025-09-14T18:19:28.530+0000] {processor.py:161} INFO - Started process (PID=5703) to work on /opt/airflow/dags/amazon_books_elt.py
[2025-09-14T18:19:28.531+0000] {processor.py:830} INFO - Processing file /opt/airflow/dags/amazon_books_elt.py for tasks to queue
[2025-09-14T18:19:28.532+0000] {logging_mixin.py:188} INFO - [2025-09-14T18:19:28.532+0000] {dagbag.py:545} INFO - Filling up the DagBag from /opt/airflow/dags/amazon_books_elt.py
[2025-09-14T18:19:28.787+0000] {processor.py:840} INFO - DAG(s) 'amazon_books_elt' retrieved from /opt/airflow/dags/amazon_books_elt.py
[2025-09-14T18:19:28.805+0000] {logging_mixin.py:188} INFO - [2025-09-14T18:19:28.804+0000] {dag.py:3096} INFO - Sync 1 DAGs
[2025-09-14T18:19:28.818+0000] {logging_mixin.py:188} INFO - [2025-09-14T18:19:28.818+0000] {dag.py:3954} INFO - Setting next_dagrun for amazon_books_elt to 2025-09-14 00:00:00+00:00, run_after=2025-09-15 00:00:00+00:00
[2025-09-14T18:19:28.829+0000] {processor.py:183} INFO - Processing /opt/airflow/dags/amazon_books_elt.py took 0.303 seconds
[2025-09-14T18:19:58.985+0000] {processor.py:161} INFO - Started process (PID=5725) to work on /opt/airflow/dags/amazon_books_elt.py
[2025-09-14T18:19:58.987+0000] {processor.py:830} INFO - Processing file /opt/airflow/dags/amazon_books_elt.py for tasks to queue
[2025-09-14T18:19:58.989+0000] {logging_mixin.py:188} INFO - [2025-09-14T18:19:58.988+0000] {dagbag.py:545} INFO - Filling up the DagBag from /opt/airflow/dags/amazon_books_elt.py
[2025-09-14T18:19:59.221+0000] {processor.py:840} INFO - DAG(s) 'amazon_books_elt' retrieved from /opt/airflow/dags/amazon_books_elt.py
[2025-09-14T18:19:59.238+0000] {logging_mixin.py:188} INFO - [2025-09-14T18:19:59.238+0000] {dag.py:3096} INFO - Sync 1 DAGs
[2025-09-14T18:19:59.252+0000] {logging_mixin.py:188} INFO - [2025-09-14T18:19:59.252+0000] {dag.py:3954} INFO - Setting next_dagrun for amazon_books_elt to 2025-09-14 00:00:00+00:00, run_after=2025-09-15 00:00:00+00:00
[2025-09-14T18:19:59.261+0000] {processor.py:183} INFO - Processing /opt/airflow/dags/amazon_books_elt.py took 0.280 seconds
[2025-09-14T18:20:30.021+0000] {processor.py:161} INFO - Started process (PID=5748) to work on /opt/airflow/dags/amazon_books_elt.py
[2025-09-14T18:20:30.022+0000] {processor.py:830} INFO - Processing file /opt/airflow/dags/amazon_books_elt.py for tasks to queue
[2025-09-14T18:20:30.023+0000] {logging_mixin.py:188} INFO - [2025-09-14T18:20:30.023+0000] {dagbag.py:545} INFO - Filling up the DagBag from /opt/airflow/dags/amazon_books_elt.py
[2025-09-14T18:20:30.260+0000] {processor.py:840} INFO - DAG(s) 'amazon_books_elt' retrieved from /opt/airflow/dags/amazon_books_elt.py
[2025-09-14T18:20:30.276+0000] {logging_mixin.py:188} INFO - [2025-09-14T18:20:30.275+0000] {dag.py:3096} INFO - Sync 1 DAGs
[2025-09-14T18:20:30.288+0000] {logging_mixin.py:188} INFO - [2025-09-14T18:20:30.288+0000] {dag.py:3954} INFO - Setting next_dagrun for amazon_books_elt to 2025-09-14 00:00:00+00:00, run_after=2025-09-15 00:00:00+00:00
[2025-09-14T18:20:30.298+0000] {processor.py:183} INFO - Processing /opt/airflow/dags/amazon_books_elt.py took 0.280 seconds
[2025-09-14T18:21:01.030+0000] {processor.py:161} INFO - Started process (PID=5770) to work on /opt/airflow/dags/amazon_books_elt.py
[2025-09-14T18:21:01.032+0000] {processor.py:830} INFO - Processing file /opt/airflow/dags/amazon_books_elt.py for tasks to queue
[2025-09-14T18:21:01.033+0000] {logging_mixin.py:188} INFO - [2025-09-14T18:21:01.033+0000] {dagbag.py:545} INFO - Filling up the DagBag from /opt/airflow/dags/amazon_books_elt.py
[2025-09-14T18:21:01.282+0000] {processor.py:840} INFO - DAG(s) 'amazon_books_elt' retrieved from /opt/airflow/dags/amazon_books_elt.py
[2025-09-14T18:21:01.299+0000] {logging_mixin.py:188} INFO - [2025-09-14T18:21:01.298+0000] {dag.py:3096} INFO - Sync 1 DAGs
[2025-09-14T18:21:01.311+0000] {logging_mixin.py:188} INFO - [2025-09-14T18:21:01.311+0000] {dag.py:3954} INFO - Setting next_dagrun for amazon_books_elt to 2025-09-14 00:00:00+00:00, run_after=2025-09-15 00:00:00+00:00
[2025-09-14T18:21:01.322+0000] {processor.py:183} INFO - Processing /opt/airflow/dags/amazon_books_elt.py took 0.296 seconds
[2025-09-14T18:21:32.051+0000] {processor.py:161} INFO - Started process (PID=5792) to work on /opt/airflow/dags/amazon_books_elt.py
[2025-09-14T18:21:32.056+0000] {processor.py:830} INFO - Processing file /opt/airflow/dags/amazon_books_elt.py for tasks to queue
[2025-09-14T18:21:32.058+0000] {logging_mixin.py:188} INFO - [2025-09-14T18:21:32.057+0000] {dagbag.py:545} INFO - Filling up the DagBag from /opt/airflow/dags/amazon_books_elt.py
[2025-09-14T18:21:32.368+0000] {processor.py:840} INFO - DAG(s) 'amazon_books_elt' retrieved from /opt/airflow/dags/amazon_books_elt.py
[2025-09-14T18:21:32.385+0000] {logging_mixin.py:188} INFO - [2025-09-14T18:21:32.384+0000] {dag.py:3096} INFO - Sync 1 DAGs
[2025-09-14T18:21:32.398+0000] {logging_mixin.py:188} INFO - [2025-09-14T18:21:32.398+0000] {dag.py:3954} INFO - Setting next_dagrun for amazon_books_elt to 2025-09-14 00:00:00+00:00, run_after=2025-09-15 00:00:00+00:00
[2025-09-14T18:21:32.409+0000] {processor.py:183} INFO - Processing /opt/airflow/dags/amazon_books_elt.py took 0.363 seconds
[2025-09-14T18:22:03.123+0000] {processor.py:161} INFO - Started process (PID=5814) to work on /opt/airflow/dags/amazon_books_elt.py
[2025-09-14T18:22:03.124+0000] {processor.py:830} INFO - Processing file /opt/airflow/dags/amazon_books_elt.py for tasks to queue
[2025-09-14T18:22:03.125+0000] {logging_mixin.py:188} INFO - [2025-09-14T18:22:03.125+0000] {dagbag.py:545} INFO - Filling up the DagBag from /opt/airflow/dags/amazon_books_elt.py
[2025-09-14T18:22:03.383+0000] {processor.py:840} INFO - DAG(s) 'amazon_books_elt' retrieved from /opt/airflow/dags/amazon_books_elt.py
[2025-09-14T18:22:03.399+0000] {logging_mixin.py:188} INFO - [2025-09-14T18:22:03.398+0000] {dag.py:3096} INFO - Sync 1 DAGs
[2025-09-14T18:22:03.413+0000] {logging_mixin.py:188} INFO - [2025-09-14T18:22:03.412+0000] {dag.py:3954} INFO - Setting next_dagrun for amazon_books_elt to 2025-09-14 00:00:00+00:00, run_after=2025-09-15 00:00:00+00:00
[2025-09-14T18:22:03.425+0000] {processor.py:183} INFO - Processing /opt/airflow/dags/amazon_books_elt.py took 0.306 seconds
[2025-09-14T18:22:33.560+0000] {processor.py:161} INFO - Started process (PID=5836) to work on /opt/airflow/dags/amazon_books_elt.py
[2025-09-14T18:22:33.563+0000] {processor.py:830} INFO - Processing file /opt/airflow/dags/amazon_books_elt.py for tasks to queue
[2025-09-14T18:22:33.565+0000] {logging_mixin.py:188} INFO - [2025-09-14T18:22:33.564+0000] {dagbag.py:545} INFO - Filling up the DagBag from /opt/airflow/dags/amazon_books_elt.py
[2025-09-14T18:22:33.833+0000] {processor.py:840} INFO - DAG(s) 'amazon_books_elt' retrieved from /opt/airflow/dags/amazon_books_elt.py
[2025-09-14T18:22:33.851+0000] {logging_mixin.py:188} INFO - [2025-09-14T18:22:33.851+0000] {dag.py:3096} INFO - Sync 1 DAGs
[2025-09-14T18:22:33.866+0000] {logging_mixin.py:188} INFO - [2025-09-14T18:22:33.866+0000] {dag.py:3954} INFO - Setting next_dagrun for amazon_books_elt to 2025-09-14 00:00:00+00:00, run_after=2025-09-15 00:00:00+00:00
[2025-09-14T18:22:33.877+0000] {processor.py:183} INFO - Processing /opt/airflow/dags/amazon_books_elt.py took 0.321 seconds
[2025-09-14T18:23:04.243+0000] {processor.py:161} INFO - Started process (PID=5858) to work on /opt/airflow/dags/amazon_books_elt.py
[2025-09-14T18:23:04.246+0000] {processor.py:830} INFO - Processing file /opt/airflow/dags/amazon_books_elt.py for tasks to queue
[2025-09-14T18:23:04.247+0000] {logging_mixin.py:188} INFO - [2025-09-14T18:23:04.247+0000] {dagbag.py:545} INFO - Filling up the DagBag from /opt/airflow/dags/amazon_books_elt.py
[2025-09-14T18:23:04.502+0000] {processor.py:840} INFO - DAG(s) 'amazon_books_elt' retrieved from /opt/airflow/dags/amazon_books_elt.py
[2025-09-14T18:23:04.520+0000] {logging_mixin.py:188} INFO - [2025-09-14T18:23:04.520+0000] {dag.py:3096} INFO - Sync 1 DAGs
[2025-09-14T18:23:04.534+0000] {logging_mixin.py:188} INFO - [2025-09-14T18:23:04.534+0000] {dag.py:3954} INFO - Setting next_dagrun for amazon_books_elt to 2025-09-14 00:00:00+00:00, run_after=2025-09-15 00:00:00+00:00
[2025-09-14T18:23:04.546+0000] {processor.py:183} INFO - Processing /opt/airflow/dags/amazon_books_elt.py took 0.306 seconds
[2025-09-14T18:23:35.226+0000] {processor.py:161} INFO - Started process (PID=5880) to work on /opt/airflow/dags/amazon_books_elt.py
[2025-09-14T18:23:35.227+0000] {processor.py:830} INFO - Processing file /opt/airflow/dags/amazon_books_elt.py for tasks to queue
[2025-09-14T18:23:35.228+0000] {logging_mixin.py:188} INFO - [2025-09-14T18:23:35.228+0000] {dagbag.py:545} INFO - Filling up the DagBag from /opt/airflow/dags/amazon_books_elt.py
[2025-09-14T18:23:35.477+0000] {processor.py:840} INFO - DAG(s) 'amazon_books_elt' retrieved from /opt/airflow/dags/amazon_books_elt.py
[2025-09-14T18:23:35.493+0000] {logging_mixin.py:188} INFO - [2025-09-14T18:23:35.493+0000] {dag.py:3096} INFO - Sync 1 DAGs
[2025-09-14T18:23:35.506+0000] {logging_mixin.py:188} INFO - [2025-09-14T18:23:35.506+0000] {dag.py:3954} INFO - Setting next_dagrun for amazon_books_elt to 2025-09-14 00:00:00+00:00, run_after=2025-09-15 00:00:00+00:00
[2025-09-14T18:23:35.519+0000] {processor.py:183} INFO - Processing /opt/airflow/dags/amazon_books_elt.py took 0.297 seconds
[2025-09-14T18:24:07.013+0000] {processor.py:161} INFO - Started process (PID=5896) to work on /opt/airflow/dags/amazon_books_elt.py
[2025-09-14T18:24:07.015+0000] {processor.py:830} INFO - Processing file /opt/airflow/dags/amazon_books_elt.py for tasks to queue
[2025-09-14T18:24:07.018+0000] {logging_mixin.py:188} INFO - [2025-09-14T18:24:07.017+0000] {dagbag.py:545} INFO - Filling up the DagBag from /opt/airflow/dags/amazon_books_elt.py
