[2025-09-13T16:26:17.410+0000] {manager.py:470} INFO - Processing files using up to 2 processes at a time 
[2025-09-13T16:26:17.410+0000] {manager.py:471} INFO - Process each file at most once every 30 seconds
[2025-09-13T16:26:17.410+0000] {manager.py:472} INFO - Checking for new files in /opt/airflow/dags every 300 seconds
[2025-09-13T16:26:17.411+0000] {manager.py:737} INFO - Searching for files in /opt/airflow/dags
[2025-09-13T16:26:17.412+0000] {manager.py:740} INFO - There are 0 files in /opt/airflow/dags
[2025-09-13T16:31:17.902+0000] {manager.py:737} INFO - Searching for files in /opt/airflow/dags
[2025-09-13T16:31:17.903+0000] {manager.py:740} INFO - There are 0 files in /opt/airflow/dags
[2025-09-13T16:36:17.977+0000] {manager.py:737} INFO - Searching for files in /opt/airflow/dags
[2025-09-13T16:36:17.980+0000] {manager.py:740} INFO - There are 0 files in /opt/airflow/dags
[2025-09-13T16:41:18.528+0000] {manager.py:737} INFO - Searching for files in /opt/airflow/dags
[2025-09-13T16:41:18.528+0000] {manager.py:740} INFO - There are 0 files in /opt/airflow/dags
[2025-09-13T16:46:19.619+0000] {manager.py:737} INFO - Searching for files in /opt/airflow/dags
[2025-09-13T16:46:19.620+0000] {manager.py:740} INFO - There are 0 files in /opt/airflow/dags
[2025-09-13T16:51:20.174+0000] {manager.py:737} INFO - Searching for files in /opt/airflow/dags
[2025-09-13T16:51:20.175+0000] {manager.py:740} INFO - There are 0 files in /opt/airflow/dags
[2025-09-13T19:50:33.090+0000] {manager.py:737} INFO - Searching for files in /opt/airflow/dags
[2025-09-13T19:50:33.094+0000] {manager.py:740} INFO - There are 0 files in /opt/airflow/dags
[2025-09-13T19:55:33.605+0000] {manager.py:737} INFO - Searching for files in /opt/airflow/dags
[2025-09-13T19:55:33.607+0000] {manager.py:740} INFO - There are 0 files in /opt/airflow/dags
[2025-09-13T20:00:33.721+0000] {manager.py:737} INFO - Searching for files in /opt/airflow/dags
[2025-09-13T20:00:33.721+0000] {manager.py:740} INFO - There are 0 files in /opt/airflow/dags
[2025-09-13T20:05:34.276+0000] {manager.py:737} INFO - Searching for files in /opt/airflow/dags
[2025-09-13T20:05:34.277+0000] {manager.py:740} INFO - There are 0 files in /opt/airflow/dags
[2025-09-13T20:10:37.408+0000] {manager.py:737} INFO - Searching for files in /opt/airflow/dags
[2025-09-13T20:10:37.410+0000] {manager.py:740} INFO - There are 0 files in /opt/airflow/dags
[2025-09-13T20:15:37.950+0000] {manager.py:737} INFO - Searching for files in /opt/airflow/dags
[2025-09-13T20:15:37.951+0000] {manager.py:740} INFO - There are 0 files in /opt/airflow/dags
[2025-09-13T23:39:33.086+0000] {manager.py:737} INFO - Searching for files in /opt/airflow/dags
[2025-09-13T23:39:33.092+0000] {manager.py:740} INFO - There are 0 files in /opt/airflow/dags
[2025-09-13T23:44:33.802+0000] {manager.py:737} INFO - Searching for files in /opt/airflow/dags
[2025-09-13T23:44:33.804+0000] {manager.py:740} INFO - There are 0 files in /opt/airflow/dags
[2025-09-13T23:49:34.083+0000] {manager.py:737} INFO - Searching for files in /opt/airflow/dags
[2025-09-13T23:49:34.085+0000] {manager.py:740} INFO - There are 0 files in /opt/airflow/dags
[2025-09-13T23:54:35.375+0000] {manager.py:737} INFO - Searching for files in /opt/airflow/dags
[2025-09-13T23:54:35.376+0000] {manager.py:740} INFO - There are 0 files in /opt/airflow/dags
[2025-09-13T23:59:35.748+0000] {manager.py:737} INFO - Searching for files in /opt/airflow/dags
[2025-09-13T23:59:35.749+0000] {manager.py:740} INFO - There are 0 files in /opt/airflow/dags
[2025-09-14T00:04:36.027+0000] {manager.py:737} INFO - Searching for files in /opt/airflow/dags
[2025-09-14T00:04:36.029+0000] {manager.py:740} INFO - There are 1 files in /opt/airflow/dags
[2025-09-14T00:04:48.575+0000] {manager.py:878} INFO - 
================================================================================
DAG File Processing Stats

File Path                              PID    Runtime      # DAGs    # Errors  Last Runtime    Last Run
-------------------------------------  -----  ---------  --------  ----------  --------------  -------------------
/opt/airflow/dags/amazon_books_elt.py                           0           0  1.11s           2025-09-14T00:04:37
================================================================================
[2025-09-14T00:05:21.678+0000] {manager.py:878} INFO - 
================================================================================
DAG File Processing Stats

File Path                              PID    Runtime      # DAGs    # Errors  Last Runtime    Last Run
-------------------------------------  -----  ---------  --------  ----------  --------------  -------------------
/opt/airflow/dags/amazon_books_elt.py                           0           0  0.39s           2025-09-14T00:05:09
================================================================================
[2025-09-14T00:05:55.084+0000] {manager.py:878} INFO - 
================================================================================
DAG File Processing Stats

File Path                              PID    Runtime      # DAGs    # Errors  Last Runtime    Last Run
-------------------------------------  -----  ---------  --------  ----------  --------------  -------------------
/opt/airflow/dags/amazon_books_elt.py                           0           0  0.36s           2025-09-14T00:05:39
================================================================================
[2025-09-14T00:06:28.451+0000] {manager.py:878} INFO - 
================================================================================
DAG File Processing Stats

File Path                              PID    Runtime      # DAGs    # Errors  Last Runtime    Last Run
-------------------------------------  -----  ---------  --------  ----------  --------------  -------------------
/opt/airflow/dags/amazon_books_elt.py                           0           0  0.43s           2025-09-14T00:06:10
================================================================================
[2025-09-14T00:07:01.535+0000] {manager.py:878} INFO - 
================================================================================
DAG File Processing Stats

File Path                              PID    Runtime      # DAGs    # Errors  Last Runtime    Last Run
-------------------------------------  -----  ---------  --------  ----------  --------------  -------------------
/opt/airflow/dags/amazon_books_elt.py                           0           0  0.35s           2025-09-14T00:06:41
================================================================================
[2025-09-14T00:07:34.839+0000] {manager.py:878} INFO - 
================================================================================
DAG File Processing Stats

File Path                              PID    Runtime      # DAGs    # Errors  Last Runtime    Last Run
-------------------------------------  -----  ---------  --------  ----------  --------------  -------------------
/opt/airflow/dags/amazon_books_elt.py                           0           0  0.35s           2025-09-14T00:07:12
================================================================================
[2025-09-14T00:08:08.206+0000] {manager.py:878} INFO - 
================================================================================
DAG File Processing Stats

File Path                              PID    Runtime      # DAGs    # Errors  Last Runtime    Last Run
-------------------------------------  -----  ---------  --------  ----------  --------------  -------------------
/opt/airflow/dags/amazon_books_elt.py                           0           0  0.35s           2025-09-14T00:07:42
================================================================================
[2025-09-14T00:08:41.568+0000] {manager.py:878} INFO - 
================================================================================
DAG File Processing Stats

File Path                              PID    Runtime      # DAGs    # Errors  Last Runtime    Last Run
-------------------------------------  -----  ---------  --------  ----------  --------------  -------------------
/opt/airflow/dags/amazon_books_elt.py                           0           0  0.34s           2025-09-14T00:08:12
================================================================================
[2025-09-14T00:09:14.927+0000] {manager.py:878} INFO - 
================================================================================
DAG File Processing Stats

File Path                                PID  Runtime      # DAGs    # Errors  Last Runtime    Last Run
-------------------------------------  -----  ---------  --------  ----------  --------------  -------------------
/opt/airflow/dags/amazon_books_elt.py   2803  0.00s             0           0  0.39s           2025-09-14T00:08:43
================================================================================
[2025-09-14T00:09:36.332+0000] {manager.py:737} INFO - Searching for files in /opt/airflow/dags
[2025-09-14T00:09:36.333+0000] {manager.py:740} INFO - There are 1 files in /opt/airflow/dags
[2025-09-14T00:09:45.010+0000] {manager.py:878} INFO - 
================================================================================
DAG File Processing Stats

File Path                              PID    Runtime      # DAGs    # Errors  Last Runtime    Last Run
-------------------------------------  -----  ---------  --------  ----------  --------------  -------------------
/opt/airflow/dags/amazon_books_elt.py                           0           0  0.35s           2025-09-14T00:09:15
================================================================================
[2025-09-14T00:10:18.064+0000] {manager.py:878} INFO - 
================================================================================
DAG File Processing Stats

File Path                              PID    Runtime      # DAGs    # Errors  Last Runtime    Last Run
-------------------------------------  -----  ---------  --------  ----------  --------------  -------------------
/opt/airflow/dags/amazon_books_elt.py                           0           0  0.34s           2025-09-14T00:10:16
================================================================================
[2025-09-14T00:10:51.487+0000] {manager.py:878} INFO - 
================================================================================
DAG File Processing Stats

File Path                              PID    Runtime      # DAGs    # Errors  Last Runtime    Last Run
-------------------------------------  -----  ---------  --------  ----------  --------------  -------------------
/opt/airflow/dags/amazon_books_elt.py                           0           0  0.34s           2025-09-14T00:10:46
================================================================================
[2025-09-14T00:11:25.169+0000] {manager.py:878} INFO - 
================================================================================
DAG File Processing Stats

File Path                              PID    Runtime      # DAGs    # Errors  Last Runtime    Last Run
-------------------------------------  -----  ---------  --------  ----------  --------------  -------------------
/opt/airflow/dags/amazon_books_elt.py                           0           0  0.34s           2025-09-14T00:11:17
================================================================================
[2025-09-14T00:11:59.175+0000] {manager.py:878} INFO - 
================================================================================
DAG File Processing Stats

File Path                              PID    Runtime      # DAGs    # Errors  Last Runtime    Last Run
-------------------------------------  -----  ---------  --------  ----------  --------------  -------------------
/opt/airflow/dags/amazon_books_elt.py                           0           0  0.34s           2025-09-14T00:11:48
================================================================================
[2025-09-14T00:12:32.856+0000] {manager.py:878} INFO - 
================================================================================
DAG File Processing Stats

File Path                              PID    Runtime      # DAGs    # Errors  Last Runtime    Last Run
-------------------------------------  -----  ---------  --------  ----------  --------------  -------------------
/opt/airflow/dags/amazon_books_elt.py                           0           0  0.42s           2025-09-14T00:12:19
================================================================================
[2025-09-14T00:13:06.543+0000] {manager.py:878} INFO - 
================================================================================
DAG File Processing Stats

File Path                              PID    Runtime      # DAGs    # Errors  Last Runtime    Last Run
-------------------------------------  -----  ---------  --------  ----------  --------------  -------------------
/opt/airflow/dags/amazon_books_elt.py                           0           0  0.34s           2025-09-14T00:12:49
================================================================================
[2025-09-14T00:13:40.530+0000] {manager.py:878} INFO - 
================================================================================
DAG File Processing Stats

File Path                              PID    Runtime      # DAGs    # Errors  Last Runtime    Last Run
-------------------------------------  -----  ---------  --------  ----------  --------------  -------------------
/opt/airflow/dags/amazon_books_elt.py                           0           0  0.34s           2025-09-14T00:13:20
================================================================================
[2025-09-14T00:14:13.067+0000] {manager.py:878} INFO - 
================================================================================
DAG File Processing Stats

File Path                              PID    Runtime      # DAGs    # Errors  Last Runtime    Last Run
-------------------------------------  -----  ---------  --------  ----------  --------------  -------------------
/opt/airflow/dags/amazon_books_elt.py                           0           0  0.37s           2025-09-14T00:13:50
================================================================================
[2025-09-14T00:14:36.384+0000] {manager.py:737} INFO - Searching for files in /opt/airflow/dags
[2025-09-14T00:14:36.385+0000] {manager.py:740} INFO - There are 1 files in /opt/airflow/dags
[2025-09-14T00:14:44.415+0000] {manager.py:878} INFO - 
================================================================================
DAG File Processing Stats

File Path                              PID    Runtime      # DAGs    # Errors  Last Runtime    Last Run
-------------------------------------  -----  ---------  --------  ----------  --------------  -------------------
/opt/airflow/dags/amazon_books_elt.py                           0           0  0.35s           2025-09-14T00:14:21
================================================================================
[2025-09-14T00:15:16.285+0000] {manager.py:878} INFO - 
================================================================================
DAG File Processing Stats

File Path                              PID    Runtime      # DAGs    # Errors  Last Runtime    Last Run
-------------------------------------  -----  ---------  --------  ----------  --------------  -------------------
/opt/airflow/dags/amazon_books_elt.py                           0           0  0.38s           2025-09-14T00:14:52
================================================================================
[2025-09-14T00:15:47.875+0000] {manager.py:878} INFO - 
================================================================================
DAG File Processing Stats

File Path                              PID    Runtime      # DAGs    # Errors  Last Runtime    Last Run
-------------------------------------  -----  ---------  --------  ----------  --------------  -------------------
/opt/airflow/dags/amazon_books_elt.py                           0           0  0.41s           2025-09-14T00:15:22
================================================================================
[2025-09-14T00:16:19.238+0000] {manager.py:878} INFO - 
================================================================================
DAG File Processing Stats

File Path                              PID    Runtime      # DAGs    # Errors  Last Runtime    Last Run
-------------------------------------  -----  ---------  --------  ----------  --------------  -------------------
/opt/airflow/dags/amazon_books_elt.py                           0           0  0.39s           2025-09-14T00:15:53
================================================================================
[2025-09-14T00:16:50.974+0000] {manager.py:878} INFO - 
================================================================================
DAG File Processing Stats

File Path                              PID    Runtime      # DAGs    # Errors  Last Runtime    Last Run
-------------------------------------  -----  ---------  --------  ----------  --------------  -------------------
/opt/airflow/dags/amazon_books_elt.py                           0           0  0.38s           2025-09-14T00:16:24
================================================================================
[2025-09-14T00:17:22.584+0000] {manager.py:878} INFO - 
================================================================================
DAG File Processing Stats

File Path                              PID    Runtime      # DAGs    # Errors  Last Runtime    Last Run
-------------------------------------  -----  ---------  --------  ----------  --------------  -------------------
/opt/airflow/dags/amazon_books_elt.py                           0           0  0.36s           2025-09-14T00:16:54
================================================================================
[2025-09-14T00:17:54.097+0000] {manager.py:878} INFO - 
================================================================================
DAG File Processing Stats

File Path                              PID    Runtime      # DAGs    # Errors  Last Runtime    Last Run
-------------------------------------  -----  ---------  --------  ----------  --------------  -------------------
/opt/airflow/dags/amazon_books_elt.py                           0           0  0.39s           2025-09-14T00:17:25
================================================================================
[2025-09-14T00:18:24.565+0000] {manager.py:878} INFO - 
================================================================================
DAG File Processing Stats

File Path                              PID    Runtime      # DAGs    # Errors  Last Runtime    Last Run
-------------------------------------  -----  ---------  --------  ----------  --------------  -------------------
/opt/airflow/dags/amazon_books_elt.py                           0           0  0.41s           2025-09-14T00:17:55
================================================================================
[2025-09-14T00:18:55.787+0000] {manager.py:878} INFO - 
================================================================================
DAG File Processing Stats

File Path                              PID    Runtime      # DAGs    # Errors  Last Runtime    Last Run
-------------------------------------  -----  ---------  --------  ----------  --------------  -------------------
/opt/airflow/dags/amazon_books_elt.py                           1           0  0.61s           2025-09-14T00:18:43
================================================================================
[2025-09-14T00:19:26.982+0000] {manager.py:878} INFO - 
================================================================================
DAG File Processing Stats

File Path                              PID    Runtime      # DAGs    # Errors  Last Runtime    Last Run
-------------------------------------  -----  ---------  --------  ----------  --------------  -------------------
/opt/airflow/dags/amazon_books_elt.py                           1           0  0.38s           2025-09-14T00:19:14
================================================================================
[2025-09-14T00:19:36.476+0000] {manager.py:737} INFO - Searching for files in /opt/airflow/dags
[2025-09-14T00:19:36.477+0000] {manager.py:740} INFO - There are 1 files in /opt/airflow/dags
[2025-09-14T00:19:58.548+0000] {manager.py:878} INFO - 
================================================================================
DAG File Processing Stats

File Path                              PID    Runtime      # DAGs    # Errors  Last Runtime    Last Run
-------------------------------------  -----  ---------  --------  ----------  --------------  -------------------
/opt/airflow/dags/amazon_books_elt.py                           1           0  0.45s           2025-09-14T00:19:44
================================================================================
[2025-09-14T00:20:30.173+0000] {manager.py:878} INFO - 
================================================================================
DAG File Processing Stats

File Path                              PID    Runtime      # DAGs    # Errors  Last Runtime    Last Run
-------------------------------------  -----  ---------  --------  ----------  --------------  -------------------
/opt/airflow/dags/amazon_books_elt.py                           1           0  0.40s           2025-09-14T00:20:15
================================================================================
[2025-09-14T00:21:01.737+0000] {manager.py:878} INFO - 
================================================================================
DAG File Processing Stats

File Path                              PID    Runtime      # DAGs    # Errors  Last Runtime    Last Run
-------------------------------------  -----  ---------  --------  ----------  --------------  -------------------
/opt/airflow/dags/amazon_books_elt.py                           1           0  0.37s           2025-09-14T00:20:46
================================================================================
[2025-09-14T00:21:33.274+0000] {manager.py:878} INFO - 
================================================================================
DAG File Processing Stats

File Path                              PID    Runtime      # DAGs    # Errors  Last Runtime    Last Run
-------------------------------------  -----  ---------  --------  ----------  --------------  -------------------
/opt/airflow/dags/amazon_books_elt.py                           1           0  0.40s           2025-09-14T00:21:16
================================================================================
[2025-09-14T00:22:04.680+0000] {manager.py:878} INFO - 
================================================================================
DAG File Processing Stats

File Path                              PID    Runtime      # DAGs    # Errors  Last Runtime    Last Run
-------------------------------------  -----  ---------  --------  ----------  --------------  -------------------
/opt/airflow/dags/amazon_books_elt.py                           1           0  0.42s           2025-09-14T00:21:47
================================================================================
[2025-09-14T00:22:35.639+0000] {manager.py:878} INFO - 
================================================================================
DAG File Processing Stats

File Path                              PID    Runtime      # DAGs    # Errors  Last Runtime    Last Run
-------------------------------------  -----  ---------  --------  ----------  --------------  -------------------
/opt/airflow/dags/amazon_books_elt.py                           1           0  0.42s           2025-09-14T00:22:18
================================================================================
[2025-09-14T00:23:06.555+0000] {manager.py:878} INFO - 
================================================================================
DAG File Processing Stats

File Path                              PID    Runtime      # DAGs    # Errors  Last Runtime    Last Run
-------------------------------------  -----  ---------  --------  ----------  --------------  -------------------
/opt/airflow/dags/amazon_books_elt.py                           1           0  0.39s           2025-09-14T00:22:49
================================================================================
[2025-09-14T00:23:37.948+0000] {manager.py:878} INFO - 
================================================================================
DAG File Processing Stats

File Path                              PID    Runtime      # DAGs    # Errors  Last Runtime    Last Run
-------------------------------------  -----  ---------  --------  ----------  --------------  -------------------
/opt/airflow/dags/amazon_books_elt.py                           1           0  0.43s           2025-09-14T00:23:20
================================================================================
[2025-09-14T00:24:09.035+0000] {manager.py:878} INFO - 
================================================================================
DAG File Processing Stats

File Path                              PID    Runtime      # DAGs    # Errors  Last Runtime    Last Run
-------------------------------------  -----  ---------  --------  ----------  --------------  -------------------
/opt/airflow/dags/amazon_books_elt.py                           1           0  0.44s           2025-09-14T00:23:51
================================================================================
[2025-09-14T00:24:36.907+0000] {manager.py:737} INFO - Searching for files in /opt/airflow/dags
[2025-09-14T00:24:36.908+0000] {manager.py:740} INFO - There are 1 files in /opt/airflow/dags
[2025-09-14T00:24:40.482+0000] {manager.py:878} INFO - 
================================================================================
DAG File Processing Stats

File Path                              PID    Runtime      # DAGs    # Errors  Last Runtime    Last Run
-------------------------------------  -----  ---------  --------  ----------  --------------  -------------------
/opt/airflow/dags/amazon_books_elt.py                           1           0  0.44s           2025-09-14T00:24:21
================================================================================
[2025-09-14T00:25:11.985+0000] {manager.py:878} INFO - 
================================================================================
DAG File Processing Stats

File Path                              PID    Runtime      # DAGs    # Errors  Last Runtime    Last Run
-------------------------------------  -----  ---------  --------  ----------  --------------  -------------------
/opt/airflow/dags/amazon_books_elt.py                           1           0  0.43s           2025-09-14T00:24:52
================================================================================
[2025-09-14T00:25:43.434+0000] {manager.py:878} INFO - 
================================================================================
DAG File Processing Stats

File Path                              PID    Runtime      # DAGs    # Errors  Last Runtime    Last Run
-------------------------------------  -----  ---------  --------  ----------  --------------  -------------------
/opt/airflow/dags/amazon_books_elt.py                           1           0  0.41s           2025-09-14T00:25:22
================================================================================
[2025-09-14T00:26:14.873+0000] {manager.py:878} INFO - 
================================================================================
DAG File Processing Stats

File Path                              PID    Runtime      # DAGs    # Errors  Last Runtime    Last Run
-------------------------------------  -----  ---------  --------  ----------  --------------  -------------------
/opt/airflow/dags/amazon_books_elt.py                           1           0  0.41s           2025-09-14T00:25:53
================================================================================
[2025-09-14T00:26:46.301+0000] {manager.py:878} INFO - 
================================================================================
DAG File Processing Stats

File Path                              PID    Runtime      # DAGs    # Errors  Last Runtime    Last Run
-------------------------------------  -----  ---------  --------  ----------  --------------  -------------------
/opt/airflow/dags/amazon_books_elt.py                           1           0  0.46s           2025-09-14T00:26:23
================================================================================
[2025-09-14T00:27:16.858+0000] {manager.py:878} INFO - 
================================================================================
DAG File Processing Stats

File Path                              PID    Runtime      # DAGs    # Errors  Last Runtime    Last Run
-------------------------------------  -----  ---------  --------  ----------  --------------  -------------------
/opt/airflow/dags/amazon_books_elt.py                           1           0  0.42s           2025-09-14T00:26:54
================================================================================
[2025-09-14T00:27:48.299+0000] {manager.py:878} INFO - 
================================================================================
DAG File Processing Stats

File Path                              PID    Runtime      # DAGs    # Errors  Last Runtime    Last Run
-------------------------------------  -----  ---------  --------  ----------  --------------  -------------------
/opt/airflow/dags/amazon_books_elt.py                           1           0  0.40s           2025-09-14T00:27:24
================================================================================
[2025-09-14T00:28:19.717+0000] {manager.py:878} INFO - 
================================================================================
DAG File Processing Stats

File Path                              PID    Runtime      # DAGs    # Errors  Last Runtime    Last Run
-------------------------------------  -----  ---------  --------  ----------  --------------  -------------------
/opt/airflow/dags/amazon_books_elt.py                           1           0  0.38s           2025-09-14T00:27:55
================================================================================
[2025-09-14T00:28:51.120+0000] {manager.py:878} INFO - 
================================================================================
DAG File Processing Stats

File Path                              PID    Runtime      # DAGs    # Errors  Last Runtime    Last Run
-------------------------------------  -----  ---------  --------  ----------  --------------  -------------------
/opt/airflow/dags/amazon_books_elt.py                           1           0  0.42s           2025-09-14T00:28:25
================================================================================
[2025-09-14T00:29:22.126+0000] {manager.py:878} INFO - 
================================================================================
DAG File Processing Stats

File Path                              PID    Runtime      # DAGs    # Errors  Last Runtime    Last Run
-------------------------------------  -----  ---------  --------  ----------  --------------  -------------------
/opt/airflow/dags/amazon_books_elt.py                           1           0  0.44s           2025-09-14T00:28:55
================================================================================
[2025-09-14T00:29:37.634+0000] {manager.py:737} INFO - Searching for files in /opt/airflow/dags
[2025-09-14T00:29:37.635+0000] {manager.py:740} INFO - There are 1 files in /opt/airflow/dags
[2025-09-14T00:29:52.700+0000] {manager.py:878} INFO - 
================================================================================
DAG File Processing Stats

File Path                              PID    Runtime      # DAGs    # Errors  Last Runtime    Last Run
-------------------------------------  -----  ---------  --------  ----------  --------------  -------------------
/opt/airflow/dags/amazon_books_elt.py                           1           0  0.46s           2025-09-14T00:29:26
================================================================================
[2025-09-14T00:30:22.836+0000] {manager.py:878} INFO - 
================================================================================
DAG File Processing Stats

File Path                              PID    Runtime      # DAGs    # Errors  Last Runtime    Last Run
-------------------------------------  -----  ---------  --------  ----------  --------------  -------------------
/opt/airflow/dags/amazon_books_elt.py                           1           0  0.45s           2025-09-14T00:29:57
================================================================================
[2025-09-14T00:30:53.411+0000] {manager.py:878} INFO - 
================================================================================
DAG File Processing Stats

File Path                              PID    Runtime      # DAGs    # Errors  Last Runtime    Last Run
-------------------------------------  -----  ---------  --------  ----------  --------------  -------------------
/opt/airflow/dags/amazon_books_elt.py                           1           0  0.42s           2025-09-14T00:30:27
================================================================================
[2025-09-14T00:31:23.935+0000] {manager.py:878} INFO - 
================================================================================
DAG File Processing Stats

File Path                              PID    Runtime      # DAGs    # Errors  Last Runtime    Last Run
-------------------------------------  -----  ---------  --------  ----------  --------------  -------------------
/opt/airflow/dags/amazon_books_elt.py                           1           0  0.41s           2025-09-14T00:30:58
================================================================================
[2025-09-14T00:31:54.429+0000] {manager.py:878} INFO - 
================================================================================
DAG File Processing Stats

File Path                              PID    Runtime      # DAGs    # Errors  Last Runtime    Last Run
-------------------------------------  -----  ---------  --------  ----------  --------------  -------------------
/opt/airflow/dags/amazon_books_elt.py                           1           0  0.43s           2025-09-14T00:31:28
================================================================================
[2025-09-14T00:32:24.959+0000] {manager.py:878} INFO - 
================================================================================
DAG File Processing Stats

File Path                              PID    Runtime      # DAGs    # Errors  Last Runtime    Last Run
-------------------------------------  -----  ---------  --------  ----------  --------------  -------------------
/opt/airflow/dags/amazon_books_elt.py                           1           0  0.42s           2025-09-14T00:31:59
================================================================================
[2025-09-14T00:32:55.481+0000] {manager.py:878} INFO - 
================================================================================
DAG File Processing Stats

File Path                              PID    Runtime      # DAGs    # Errors  Last Runtime    Last Run
-------------------------------------  -----  ---------  --------  ----------  --------------  -------------------
/opt/airflow/dags/amazon_books_elt.py                           1           0  0.42s           2025-09-14T00:32:29
================================================================================
[2025-09-14T00:33:26.009+0000] {manager.py:878} INFO - 
================================================================================
DAG File Processing Stats

File Path                              PID    Runtime      # DAGs    # Errors  Last Runtime    Last Run
-------------------------------------  -----  ---------  --------  ----------  --------------  -------------------
/opt/airflow/dags/amazon_books_elt.py                           1           0  0.42s           2025-09-14T00:33:00
================================================================================
[2025-09-14T00:33:56.531+0000] {manager.py:878} INFO - 
================================================================================
DAG File Processing Stats

File Path                              PID    Runtime      # DAGs    # Errors  Last Runtime    Last Run
-------------------------------------  -----  ---------  --------  ----------  --------------  -------------------
/opt/airflow/dags/amazon_books_elt.py                           1           0  0.41s           2025-09-14T00:33:30
================================================================================
[2025-09-14T00:34:27.049+0000] {manager.py:878} INFO - 
================================================================================
DAG File Processing Stats

File Path                              PID    Runtime      # DAGs    # Errors  Last Runtime    Last Run
-------------------------------------  -----  ---------  --------  ----------  --------------  -------------------
/opt/airflow/dags/amazon_books_elt.py                           1           0  0.41s           2025-09-14T00:34:01
================================================================================
[2025-09-14T00:34:37.935+0000] {manager.py:737} INFO - Searching for files in /opt/airflow/dags
[2025-09-14T00:34:37.936+0000] {manager.py:740} INFO - There are 1 files in /opt/airflow/dags
[2025-09-14T00:34:57.563+0000] {manager.py:878} INFO - 
================================================================================
DAG File Processing Stats

File Path                              PID    Runtime      # DAGs    # Errors  Last Runtime    Last Run
-------------------------------------  -----  ---------  --------  ----------  --------------  -------------------
/opt/airflow/dags/amazon_books_elt.py                           1           0  0.44s           2025-09-14T00:34:31
================================================================================
[2025-09-14T00:35:27.575+0000] {manager.py:878} INFO - 
================================================================================
DAG File Processing Stats

File Path                              PID    Runtime      # DAGs    # Errors  Last Runtime    Last Run
-------------------------------------  -----  ---------  --------  ----------  --------------  -------------------
/opt/airflow/dags/amazon_books_elt.py                           1           0  0.46s           2025-09-14T00:35:02
================================================================================
[2025-09-14T00:35:57.681+0000] {manager.py:878} INFO - 
================================================================================
DAG File Processing Stats

File Path                              PID    Runtime      # DAGs    # Errors  Last Runtime    Last Run
-------------------------------------  -----  ---------  --------  ----------  --------------  -------------------
/opt/airflow/dags/amazon_books_elt.py                           1           0  0.41s           2025-09-14T00:35:32
================================================================================
[2025-09-14T00:36:28.186+0000] {manager.py:878} INFO - 
================================================================================
DAG File Processing Stats

File Path                              PID    Runtime      # DAGs    # Errors  Last Runtime    Last Run
-------------------------------------  -----  ---------  --------  ----------  --------------  -------------------
/opt/airflow/dags/amazon_books_elt.py                           1           0  0.46s           2025-09-14T00:36:03
================================================================================
[2025-09-14T00:36:58.751+0000] {manager.py:878} INFO - 
================================================================================
DAG File Processing Stats

File Path                              PID    Runtime      # DAGs    # Errors  Last Runtime    Last Run
-------------------------------------  -----  ---------  --------  ----------  --------------  -------------------
/opt/airflow/dags/amazon_books_elt.py                           1           0  0.41s           2025-09-14T00:36:34
================================================================================
[2025-09-14T00:37:29.256+0000] {manager.py:878} INFO - 
================================================================================
DAG File Processing Stats

File Path                              PID    Runtime      # DAGs    # Errors  Last Runtime    Last Run
-------------------------------------  -----  ---------  --------  ----------  --------------  -------------------
/opt/airflow/dags/amazon_books_elt.py                           1           0  0.40s           2025-09-14T00:37:04
================================================================================
[2025-09-14T00:37:59.760+0000] {manager.py:878} INFO - 
================================================================================
DAG File Processing Stats

File Path                              PID    Runtime      # DAGs    # Errors  Last Runtime    Last Run
-------------------------------------  -----  ---------  --------  ----------  --------------  -------------------
/opt/airflow/dags/amazon_books_elt.py                           1           0  0.40s           2025-09-14T00:37:35
================================================================================
[2025-09-14T00:38:30.258+0000] {manager.py:878} INFO - 
================================================================================
DAG File Processing Stats

File Path                              PID    Runtime      # DAGs    # Errors  Last Runtime    Last Run
-------------------------------------  -----  ---------  --------  ----------  --------------  -------------------
/opt/airflow/dags/amazon_books_elt.py                           1           0  0.44s           2025-09-14T00:38:05
================================================================================
[2025-09-14T00:39:00.368+0000] {manager.py:878} INFO - 
================================================================================
DAG File Processing Stats

File Path                              PID    Runtime      # DAGs    # Errors  Last Runtime    Last Run
-------------------------------------  -----  ---------  --------  ----------  --------------  -------------------
/opt/airflow/dags/amazon_books_elt.py                           1           0  0.58s           2025-09-14T00:38:36
================================================================================
[2025-09-14T00:39:30.485+0000] {manager.py:878} INFO - 
================================================================================
DAG File Processing Stats

File Path                              PID    Runtime      # DAGs    # Errors  Last Runtime    Last Run
-------------------------------------  -----  ---------  --------  ----------  --------------  -------------------
/opt/airflow/dags/amazon_books_elt.py                           1           0  0.41s           2025-09-14T00:39:06
================================================================================
[2025-09-14T00:39:38.311+0000] {manager.py:737} INFO - Searching for files in /opt/airflow/dags
[2025-09-14T00:39:38.312+0000] {manager.py:740} INFO - There are 1 files in /opt/airflow/dags
[2025-09-14T00:40:00.982+0000] {manager.py:878} INFO - 
================================================================================
DAG File Processing Stats

File Path                              PID    Runtime      # DAGs    # Errors  Last Runtime    Last Run
-------------------------------------  -----  ---------  --------  ----------  --------------  -------------------
/opt/airflow/dags/amazon_books_elt.py                           1           0  0.41s           2025-09-14T00:39:37
================================================================================
[2025-09-14T00:40:31.483+0000] {manager.py:878} INFO - 
================================================================================
DAG File Processing Stats

File Path                              PID    Runtime      # DAGs    # Errors  Last Runtime    Last Run
-------------------------------------  -----  ---------  --------  ----------  --------------  -------------------
/opt/airflow/dags/amazon_books_elt.py                           1           0  0.52s           2025-09-14T00:40:30
================================================================================
[2025-09-14T00:41:01.587+0000] {manager.py:878} INFO - 
================================================================================
DAG File Processing Stats

File Path                              PID    Runtime      # DAGs    # Errors  Last Runtime    Last Run
-------------------------------------  -----  ---------  --------  ----------  --------------  -------------------
/opt/airflow/dags/amazon_books_elt.py                           1           0  0.45s           2025-09-14T00:41:01
================================================================================
[2025-09-14T00:41:31.620+0000] {manager.py:878} INFO - 
================================================================================
DAG File Processing Stats

File Path                              PID    Runtime      # DAGs    # Errors  Last Runtime    Last Run
-------------------------------------  -----  ---------  --------  ----------  --------------  -------------------
/opt/airflow/dags/amazon_books_elt.py                           1           0  0.49s           2025-09-14T00:41:31
================================================================================
[2025-09-14T00:42:01.728+0000] {manager.py:878} INFO - 
================================================================================
DAG File Processing Stats

File Path                                PID  Runtime      # DAGs    # Errors  Last Runtime    Last Run
-------------------------------------  -----  ---------  --------  ----------  --------------  -------------------
/opt/airflow/dags/amazon_books_elt.py   4073  0.00s             1           0  0.49s           2025-09-14T00:41:31
================================================================================
[2025-09-14T00:42:31.827+0000] {manager.py:878} INFO - 
================================================================================
DAG File Processing Stats

File Path                              PID    Runtime      # DAGs    # Errors  Last Runtime    Last Run
-------------------------------------  -----  ---------  --------  ----------  --------------  -------------------
/opt/airflow/dags/amazon_books_elt.py                           1           0  0.49s           2025-09-14T00:42:02
================================================================================
[2025-09-14T00:43:01.892+0000] {manager.py:878} INFO - 
================================================================================
DAG File Processing Stats

File Path                              PID    Runtime      # DAGs    # Errors  Last Runtime    Last Run
-------------------------------------  -----  ---------  --------  ----------  --------------  -------------------
/opt/airflow/dags/amazon_books_elt.py                           1           0  0.48s           2025-09-14T00:42:32
================================================================================
[2025-09-14T00:43:32.511+0000] {manager.py:878} INFO - 
================================================================================
DAG File Processing Stats

File Path                              PID    Runtime      # DAGs    # Errors  Last Runtime    Last Run
-------------------------------------  -----  ---------  --------  ----------  --------------  -------------------
/opt/airflow/dags/amazon_books_elt.py                           1           0  0.66s           2025-09-14T00:43:03
================================================================================
[2025-09-14T00:44:02.748+0000] {manager.py:878} INFO - 
================================================================================
DAG File Processing Stats

File Path                              PID    Runtime      # DAGs    # Errors  Last Runtime    Last Run
-------------------------------------  -----  ---------  --------  ----------  --------------  -------------------
/opt/airflow/dags/amazon_books_elt.py                           1           0  0.46s           2025-09-14T00:43:34
================================================================================
[2025-09-14T00:44:32.793+0000] {manager.py:878} INFO - 
================================================================================
DAG File Processing Stats

File Path                              PID    Runtime      # DAGs    # Errors  Last Runtime    Last Run
-------------------------------------  -----  ---------  --------  ----------  --------------  -------------------
/opt/airflow/dags/amazon_books_elt.py                           1           0  0.49s           2025-09-14T00:44:04
================================================================================
[2025-09-14T00:44:38.329+0000] {manager.py:737} INFO - Searching for files in /opt/airflow/dags
[2025-09-14T00:44:38.330+0000] {manager.py:740} INFO - There are 1 files in /opt/airflow/dags
[2025-09-14T00:45:03.428+0000] {manager.py:878} INFO - 
================================================================================
DAG File Processing Stats

File Path                              PID    Runtime      # DAGs    # Errors  Last Runtime    Last Run
-------------------------------------  -----  ---------  --------  ----------  --------------  -------------------
/opt/airflow/dags/amazon_books_elt.py                           1           0  0.55s           2025-09-14T00:44:35
================================================================================
[2025-09-14T00:45:33.538+0000] {manager.py:878} INFO - 
================================================================================
DAG File Processing Stats

File Path                              PID    Runtime      # DAGs    # Errors  Last Runtime    Last Run
-------------------------------------  -----  ---------  --------  ----------  --------------  -------------------
/opt/airflow/dags/amazon_books_elt.py                           1           0  0.50s           2025-09-14T00:45:05
================================================================================
[2025-09-14T00:46:03.583+0000] {manager.py:878} INFO - 
================================================================================
DAG File Processing Stats

File Path                              PID    Runtime      # DAGs    # Errors  Last Runtime    Last Run
-------------------------------------  -----  ---------  --------  ----------  --------------  -------------------
/opt/airflow/dags/amazon_books_elt.py                           1           0  0.46s           2025-09-14T00:45:36
================================================================================
[2025-09-14T00:46:33.689+0000] {manager.py:878} INFO - 
================================================================================
DAG File Processing Stats

File Path                              PID    Runtime      # DAGs    # Errors  Last Runtime    Last Run
-------------------------------------  -----  ---------  --------  ----------  --------------  -------------------
/opt/airflow/dags/amazon_books_elt.py                           1           0  0.46s           2025-09-14T00:46:07
================================================================================
[2025-09-14T00:47:03.695+0000] {manager.py:878} INFO - 
================================================================================
DAG File Processing Stats

File Path                              PID    Runtime      # DAGs    # Errors  Last Runtime    Last Run
-------------------------------------  -----  ---------  --------  ----------  --------------  -------------------
/opt/airflow/dags/amazon_books_elt.py                           1           0  0.45s           2025-09-14T00:46:40
================================================================================
[2025-09-14T00:48:27.638+0000] {manager.py:878} INFO - 
================================================================================
DAG File Processing Stats

File Path                              PID    Runtime      # DAGs    # Errors  Last Runtime    Last Run
-------------------------------------  -----  ---------  --------  ----------  --------------  -------------------
/opt/airflow/dags/amazon_books_elt.py                           1           0  0.72s           2025-09-14T00:48:25
================================================================================
[2025-09-14T00:48:58.019+0000] {manager.py:878} INFO - 
================================================================================
DAG File Processing Stats

File Path                              PID    Runtime      # DAGs    # Errors  Last Runtime    Last Run
-------------------------------------  -----  ---------  --------  ----------  --------------  -------------------
/opt/airflow/dags/amazon_books_elt.py                           1           0  0.44s           2025-09-14T00:48:56
================================================================================
[2025-09-14T00:49:28.297+0000] {manager.py:878} INFO - 
================================================================================
DAG File Processing Stats

File Path                              PID    Runtime      # DAGs    # Errors  Last Runtime    Last Run
-------------------------------------  -----  ---------  --------  ----------  --------------  -------------------
/opt/airflow/dags/amazon_books_elt.py                           1           0  0.57s           2025-09-14T00:49:26
================================================================================
[2025-09-14T00:49:38.892+0000] {manager.py:737} INFO - Searching for files in /opt/airflow/dags
[2025-09-14T00:49:38.893+0000] {manager.py:740} INFO - There are 1 files in /opt/airflow/dags
[2025-09-14T00:49:58.398+0000] {manager.py:878} INFO - 
================================================================================
DAG File Processing Stats

File Path                              PID    Runtime      # DAGs    # Errors  Last Runtime    Last Run
-------------------------------------  -----  ---------  --------  ----------  --------------  -------------------
/opt/airflow/dags/amazon_books_elt.py                           1           0  0.48s           2025-09-14T00:49:57
================================================================================
[2025-09-14T00:50:28.536+0000] {manager.py:878} INFO - 
================================================================================
DAG File Processing Stats

File Path                              PID    Runtime      # DAGs    # Errors  Last Runtime    Last Run
-------------------------------------  -----  ---------  --------  ----------  --------------  -------------------
/opt/airflow/dags/amazon_books_elt.py                           1           0  0.46s           2025-09-14T00:50:27
================================================================================
[2025-09-14T00:50:58.547+0000] {manager.py:878} INFO - 
================================================================================
DAG File Processing Stats

File Path                              PID    Runtime      # DAGs    # Errors  Last Runtime    Last Run
-------------------------------------  -----  ---------  --------  ----------  --------------  -------------------
/opt/airflow/dags/amazon_books_elt.py                           1           0  0.46s           2025-09-14T00:50:58
================================================================================
[2025-09-14T00:51:28.693+0000] {manager.py:878} INFO - 
================================================================================
DAG File Processing Stats

File Path                                PID  Runtime      # DAGs    # Errors  Last Runtime    Last Run
-------------------------------------  -----  ---------  --------  ----------  --------------  -------------------
/opt/airflow/dags/amazon_books_elt.py   4415  0.00s             1           0  0.46s           2025-09-14T00:50:58
================================================================================
[2025-09-14T00:51:58.806+0000] {manager.py:878} INFO - 
================================================================================
DAG File Processing Stats

File Path                              PID    Runtime      # DAGs    # Errors  Last Runtime    Last Run
-------------------------------------  -----  ---------  --------  ----------  --------------  -------------------
/opt/airflow/dags/amazon_books_elt.py                           1           0  0.46s           2025-09-14T00:51:29
================================================================================
[2025-09-14T00:52:28.825+0000] {manager.py:878} INFO - 
================================================================================
DAG File Processing Stats

File Path                              PID    Runtime      # DAGs    # Errors  Last Runtime    Last Run
-------------------------------------  -----  ---------  --------  ----------  --------------  -------------------
/opt/airflow/dags/amazon_books_elt.py                           1           0  0.47s           2025-09-14T00:51:59
================================================================================
[2025-09-14T00:52:58.933+0000] {manager.py:878} INFO - 
================================================================================
DAG File Processing Stats

File Path                              PID    Runtime      # DAGs    # Errors  Last Runtime    Last Run
-------------------------------------  -----  ---------  --------  ----------  --------------  -------------------
/opt/airflow/dags/amazon_books_elt.py                           1           0  0.49s           2025-09-14T00:52:30
================================================================================
[2025-09-14T00:53:28.995+0000] {manager.py:878} INFO - 
================================================================================
DAG File Processing Stats

File Path                              PID    Runtime      # DAGs    # Errors  Last Runtime    Last Run
-------------------------------------  -----  ---------  --------  ----------  --------------  -------------------
/opt/airflow/dags/amazon_books_elt.py                           1           0  0.48s           2025-09-14T00:53:00
================================================================================
[2025-09-14T00:53:59.123+0000] {manager.py:878} INFO - 
================================================================================
DAG File Processing Stats

File Path                              PID    Runtime      # DAGs    # Errors  Last Runtime    Last Run
-------------------------------------  -----  ---------  --------  ----------  --------------  -------------------
/opt/airflow/dags/amazon_books_elt.py                           1           0  0.48s           2025-09-14T00:53:31
================================================================================
[2025-09-14T00:54:29.162+0000] {manager.py:878} INFO - 
================================================================================
DAG File Processing Stats

File Path                              PID    Runtime      # DAGs    # Errors  Last Runtime    Last Run
-------------------------------------  -----  ---------  --------  ----------  --------------  -------------------
/opt/airflow/dags/amazon_books_elt.py                           1           0  0.47s           2025-09-14T00:54:02
================================================================================
[2025-09-14T00:54:39.200+0000] {manager.py:737} INFO - Searching for files in /opt/airflow/dags
[2025-09-14T00:54:39.201+0000] {manager.py:740} INFO - There are 1 files in /opt/airflow/dags
[2025-09-14T00:54:59.278+0000] {manager.py:878} INFO - 
================================================================================
DAG File Processing Stats

File Path                              PID    Runtime      # DAGs    # Errors  Last Runtime    Last Run
-------------------------------------  -----  ---------  --------  ----------  --------------  -------------------
/opt/airflow/dags/amazon_books_elt.py                           1           0  0.46s           2025-09-14T00:54:32
================================================================================
[2025-09-14T00:55:29.342+0000] {manager.py:878} INFO - 
================================================================================
DAG File Processing Stats

File Path                              PID    Runtime      # DAGs    # Errors  Last Runtime    Last Run
-------------------------------------  -----  ---------  --------  ----------  --------------  -------------------
/opt/airflow/dags/amazon_books_elt.py                           1           0  0.50s           2025-09-14T00:55:03
================================================================================
[2025-09-14T00:55:59.455+0000] {manager.py:878} INFO - 
================================================================================
DAG File Processing Stats

File Path                              PID    Runtime      # DAGs    # Errors  Last Runtime    Last Run
-------------------------------------  -----  ---------  --------  ----------  --------------  -------------------
/opt/airflow/dags/amazon_books_elt.py                           1           0  0.46s           2025-09-14T00:55:33
================================================================================
[2025-09-14T00:56:29.471+0000] {manager.py:878} INFO - 
================================================================================
DAG File Processing Stats

File Path                              PID    Runtime      # DAGs    # Errors  Last Runtime    Last Run
-------------------------------------  -----  ---------  --------  ----------  --------------  -------------------
/opt/airflow/dags/amazon_books_elt.py                           1           0  0.46s           2025-09-14T00:56:04
================================================================================
[2025-09-14T00:57:47.514+0000] {manager.py:878} INFO - 
================================================================================
DAG File Processing Stats

File Path                              PID    Runtime      # DAGs    # Errors  Last Runtime    Last Run
-------------------------------------  -----  ---------  --------  ----------  --------------  -------------------
/opt/airflow/dags/amazon_books_elt.py                           1           0  0.61s           2025-09-14T00:57:40
================================================================================
[2025-09-14T00:58:18.018+0000] {manager.py:878} INFO - 
================================================================================
DAG File Processing Stats

File Path                              PID    Runtime      # DAGs    # Errors  Last Runtime    Last Run
-------------------------------------  -----  ---------  --------  ----------  --------------  -------------------
/opt/airflow/dags/amazon_books_elt.py                           1           0  0.46s           2025-09-14T00:58:11
================================================================================
[2025-09-14T00:58:48.246+0000] {manager.py:878} INFO - 
================================================================================
DAG File Processing Stats

File Path                              PID    Runtime      # DAGs    # Errors  Last Runtime    Last Run
-------------------------------------  -----  ---------  --------  ----------  --------------  -------------------
/opt/airflow/dags/amazon_books_elt.py                           1           0  0.47s           2025-09-14T00:58:41
================================================================================
[2025-09-14T00:59:18.727+0000] {manager.py:878} INFO - 
================================================================================
DAG File Processing Stats

File Path                              PID    Runtime      # DAGs    # Errors  Last Runtime    Last Run
-------------------------------------  -----  ---------  --------  ----------  --------------  -------------------
/opt/airflow/dags/amazon_books_elt.py                           1           0  0.46s           2025-09-14T00:59:12
================================================================================
[2025-09-14T00:59:39.281+0000] {manager.py:737} INFO - Searching for files in /opt/airflow/dags
[2025-09-14T00:59:39.282+0000] {manager.py:740} INFO - There are 1 files in /opt/airflow/dags
[2025-09-14T00:59:48.808+0000] {manager.py:878} INFO - 
================================================================================
DAG File Processing Stats

File Path                              PID    Runtime      # DAGs    # Errors  Last Runtime    Last Run
-------------------------------------  -----  ---------  --------  ----------  --------------  -------------------
/opt/airflow/dags/amazon_books_elt.py                           1           0  0.47s           2025-09-14T00:59:42
================================================================================
[2025-09-14T01:00:18.924+0000] {manager.py:878} INFO - 
================================================================================
DAG File Processing Stats

File Path                              PID    Runtime      # DAGs    # Errors  Last Runtime    Last Run
-------------------------------------  -----  ---------  --------  ----------  --------------  -------------------
/opt/airflow/dags/amazon_books_elt.py                           1           0  0.47s           2025-09-14T01:00:13
================================================================================
[2025-09-14T01:00:48.977+0000] {manager.py:878} INFO - 
================================================================================
DAG File Processing Stats

File Path                              PID    Runtime      # DAGs    # Errors  Last Runtime    Last Run
-------------------------------------  -----  ---------  --------  ----------  --------------  -------------------
/opt/airflow/dags/amazon_books_elt.py                           1           0  0.47s           2025-09-14T01:00:43
================================================================================
[2025-09-14T01:01:19.108+0000] {manager.py:878} INFO - 
================================================================================
DAG File Processing Stats

File Path                              PID    Runtime      # DAGs    # Errors  Last Runtime    Last Run
-------------------------------------  -----  ---------  --------  ----------  --------------  -------------------
/opt/airflow/dags/amazon_books_elt.py                           1           0  0.47s           2025-09-14T01:01:14
================================================================================
[2025-09-14T01:01:49.121+0000] {manager.py:878} INFO - 
================================================================================
DAG File Processing Stats

File Path                              PID    Runtime      # DAGs    # Errors  Last Runtime    Last Run
-------------------------------------  -----  ---------  --------  ----------  --------------  -------------------
/opt/airflow/dags/amazon_books_elt.py                           1           0  0.47s           2025-09-14T01:01:45
================================================================================
[2025-09-14T01:02:19.225+0000] {manager.py:878} INFO - 
================================================================================
DAG File Processing Stats

File Path                              PID    Runtime      # DAGs    # Errors  Last Runtime    Last Run
-------------------------------------  -----  ---------  --------  ----------  --------------  -------------------
/opt/airflow/dags/amazon_books_elt.py                           1           0  0.45s           2025-09-14T01:02:15
================================================================================
[2025-09-14T01:02:49.261+0000] {manager.py:878} INFO - 
================================================================================
DAG File Processing Stats

File Path                              PID    Runtime      # DAGs    # Errors  Last Runtime    Last Run
-------------------------------------  -----  ---------  --------  ----------  --------------  -------------------
/opt/airflow/dags/amazon_books_elt.py                           1           0  0.47s           2025-09-14T01:02:46
================================================================================
[2025-09-14T01:03:19.370+0000] {manager.py:878} INFO - 
================================================================================
DAG File Processing Stats

File Path                              PID    Runtime      # DAGs    # Errors  Last Runtime    Last Run
-------------------------------------  -----  ---------  --------  ----------  --------------  -------------------
/opt/airflow/dags/amazon_books_elt.py                           1           0  0.48s           2025-09-14T01:03:16
================================================================================
[2025-09-14T01:03:49.431+0000] {manager.py:878} INFO - 
================================================================================
DAG File Processing Stats

File Path                              PID    Runtime      # DAGs    # Errors  Last Runtime    Last Run
-------------------------------------  -----  ---------  --------  ----------  --------------  -------------------
/opt/airflow/dags/amazon_books_elt.py                           1           0  0.45s           2025-09-14T01:03:47
================================================================================
[2025-09-14T01:04:19.551+0000] {manager.py:878} INFO - 
================================================================================
DAG File Processing Stats

File Path                              PID    Runtime      # DAGs    # Errors  Last Runtime    Last Run
-------------------------------------  -----  ---------  --------  ----------  --------------  -------------------
/opt/airflow/dags/amazon_books_elt.py                           1           0  0.48s           2025-09-14T01:04:18
================================================================================
[2025-09-14T01:04:39.634+0000] {manager.py:737} INFO - Searching for files in /opt/airflow/dags
[2025-09-14T01:04:39.635+0000] {manager.py:740} INFO - There are 1 files in /opt/airflow/dags
[2025-09-14T01:04:49.629+0000] {manager.py:878} INFO - 
================================================================================
DAG File Processing Stats

File Path                              PID    Runtime      # DAGs    # Errors  Last Runtime    Last Run
-------------------------------------  -----  ---------  --------  ----------  --------------  -------------------
/opt/airflow/dags/amazon_books_elt.py                           1           0  0.49s           2025-09-14T01:04:48
================================================================================
[2025-09-14T01:05:20.250+0000] {manager.py:878} INFO - 
================================================================================
DAG File Processing Stats

File Path                              PID    Runtime      # DAGs    # Errors  Last Runtime    Last Run
-------------------------------------  -----  ---------  --------  ----------  --------------  -------------------
/opt/airflow/dags/amazon_books_elt.py                           1           0  0.60s           2025-09-14T01:05:19
================================================================================
[2025-09-14T16:01:32.072+0000] {manager.py:470} INFO - Processing files using up to 2 processes at a time 
[2025-09-14T16:01:32.073+0000] {manager.py:471} INFO - Process each file at most once every 30 seconds
[2025-09-14T16:01:32.073+0000] {manager.py:472} INFO - Checking for new files in /opt/airflow/dags every 300 seconds
[2025-09-14T16:01:32.074+0000] {manager.py:737} INFO - Searching for files in /opt/airflow/dags
[2025-09-14T16:01:32.075+0000] {manager.py:740} INFO - There are 1 files in /opt/airflow/dags
[2025-09-14T16:01:32.257+0000] {manager.py:878} INFO - 
================================================================================
DAG File Processing Stats

File Path                                PID  Runtime      # DAGs    # Errors  Last Runtime    Last Run
-------------------------------------  -----  ---------  --------  ----------  --------------  ----------
/opt/airflow/dags/amazon_books_elt.py     56  0.04s             0           0
================================================================================
[2025-09-14T16:02:02.982+0000] {manager.py:878} INFO - 
================================================================================
DAG File Processing Stats

File Path                              PID    Runtime      # DAGs    # Errors  Last Runtime    Last Run
-------------------------------------  -----  ---------  --------  ----------  --------------  -------------------
/opt/airflow/dags/amazon_books_elt.py                           1           0  3.79s           2025-09-14T16:01:35
================================================================================
[2025-09-14T16:02:33.825+0000] {manager.py:878} INFO - 
================================================================================
DAG File Processing Stats

File Path                              PID    Runtime      # DAGs    # Errors  Last Runtime    Last Run
-------------------------------------  -----  ---------  --------  ----------  --------------  -------------------
/opt/airflow/dags/amazon_books_elt.py                           1           0  0.69s           2025-09-14T16:02:07
================================================================================
[2025-09-14T16:03:05.142+0000] {manager.py:878} INFO - 
================================================================================
DAG File Processing Stats

File Path                              PID    Runtime      # DAGs    # Errors  Last Runtime    Last Run
-------------------------------------  -----  ---------  --------  ----------  --------------  -------------------
/opt/airflow/dags/amazon_books_elt.py                           1           0  0.61s           2025-09-14T16:02:38
================================================================================
[2025-09-14T16:03:35.990+0000] {manager.py:878} INFO - 
================================================================================
DAG File Processing Stats

File Path                              PID    Runtime      # DAGs    # Errors  Last Runtime    Last Run
-------------------------------------  -----  ---------  --------  ----------  --------------  -------------------
/opt/airflow/dags/amazon_books_elt.py                           1           0  1.11s           2025-09-14T16:03:10
================================================================================
[2025-09-14T16:04:06.798+0000] {manager.py:878} INFO - 
================================================================================
DAG File Processing Stats

File Path                              PID    Runtime      # DAGs    # Errors  Last Runtime    Last Run
-------------------------------------  -----  ---------  --------  ----------  --------------  -------------------
/opt/airflow/dags/amazon_books_elt.py                           1           0  0.45s           2025-09-14T16:03:41
================================================================================
[2025-09-14T16:04:37.901+0000] {manager.py:878} INFO - 
================================================================================
DAG File Processing Stats

File Path                              PID    Runtime      # DAGs    # Errors  Last Runtime    Last Run
-------------------------------------  -----  ---------  --------  ----------  --------------  -------------------
/opt/airflow/dags/amazon_books_elt.py                           1           0  0.42s           2025-09-14T16:04:12
================================================================================
[2025-09-14T16:05:08.675+0000] {manager.py:878} INFO - 
================================================================================
DAG File Processing Stats

File Path                              PID    Runtime      # DAGs    # Errors  Last Runtime    Last Run
-------------------------------------  -----  ---------  --------  ----------  --------------  -------------------
/opt/airflow/dags/amazon_books_elt.py                           1           0  0.45s           2025-09-14T16:04:43
================================================================================
[2025-09-14T16:05:39.827+0000] {manager.py:878} INFO - 
================================================================================
DAG File Processing Stats

File Path                              PID    Runtime      # DAGs    # Errors  Last Runtime    Last Run
-------------------------------------  -----  ---------  --------  ----------  --------------  -------------------
/opt/airflow/dags/amazon_books_elt.py                           1           0  0.44s           2025-09-14T16:05:14
================================================================================
[2025-09-14T16:06:09.924+0000] {manager.py:878} INFO - 
================================================================================
DAG File Processing Stats

File Path                              PID    Runtime      # DAGs    # Errors  Last Runtime    Last Run
-------------------------------------  -----  ---------  --------  ----------  --------------  -------------------
/opt/airflow/dags/amazon_books_elt.py                           1           0  0.43s           2025-09-14T16:05:45
================================================================================
[2025-09-14T16:06:33.063+0000] {manager.py:737} INFO - Searching for files in /opt/airflow/dags
[2025-09-14T16:06:33.064+0000] {manager.py:740} INFO - There are 1 files in /opt/airflow/dags
[2025-09-14T16:06:41.095+0000] {manager.py:878} INFO - 
================================================================================
DAG File Processing Stats

File Path                              PID    Runtime      # DAGs    # Errors  Last Runtime    Last Run
-------------------------------------  -----  ---------  --------  ----------  --------------  -------------------
/opt/airflow/dags/amazon_books_elt.py                           1           0  0.42s           2025-09-14T16:06:16
================================================================================
[2025-09-14T16:07:11.838+0000] {manager.py:878} INFO - 
================================================================================
DAG File Processing Stats

File Path                              PID    Runtime      # DAGs    # Errors  Last Runtime    Last Run
-------------------------------------  -----  ---------  --------  ----------  --------------  -------------------
/opt/airflow/dags/amazon_books_elt.py                           1           0  0.46s           2025-09-14T16:06:47
================================================================================
[2025-09-14T16:07:43.058+0000] {manager.py:878} INFO - 
================================================================================
DAG File Processing Stats

File Path                              PID    Runtime      # DAGs    # Errors  Last Runtime    Last Run
-------------------------------------  -----  ---------  --------  ----------  --------------  -------------------
/opt/airflow/dags/amazon_books_elt.py                           1           0  0.47s           2025-09-14T16:07:17
================================================================================
[2025-09-14T16:08:13.916+0000] {manager.py:878} INFO - 
================================================================================
DAG File Processing Stats

File Path                              PID    Runtime      # DAGs    # Errors  Last Runtime    Last Run
-------------------------------------  -----  ---------  --------  ----------  --------------  -------------------
/opt/airflow/dags/amazon_books_elt.py                           1           0  0.54s           2025-09-14T16:07:48
================================================================================
[2025-09-14T16:08:44.773+0000] {manager.py:878} INFO - 
================================================================================
DAG File Processing Stats

File Path                              PID    Runtime      # DAGs    # Errors  Last Runtime    Last Run
-------------------------------------  -----  ---------  --------  ----------  --------------  -------------------
/opt/airflow/dags/amazon_books_elt.py                           1           0  0.53s           2025-09-14T16:08:19
================================================================================
[2025-09-14T16:09:15.576+0000] {manager.py:878} INFO - 
================================================================================
DAG File Processing Stats

File Path                              PID    Runtime      # DAGs    # Errors  Last Runtime    Last Run
-------------------------------------  -----  ---------  --------  ----------  --------------  -------------------
/opt/airflow/dags/amazon_books_elt.py                           1           0  0.51s           2025-09-14T16:08:50
================================================================================
[2025-09-14T16:09:46.913+0000] {manager.py:878} INFO - 
================================================================================
DAG File Processing Stats

File Path                              PID    Runtime      # DAGs    # Errors  Last Runtime    Last Run
-------------------------------------  -----  ---------  --------  ----------  --------------  -------------------
/opt/airflow/dags/amazon_books_elt.py                           1           0  0.57s           2025-09-14T16:09:21
================================================================================
[2025-09-14T16:10:17.707+0000] {manager.py:878} INFO - 
================================================================================
DAG File Processing Stats

File Path                              PID    Runtime      # DAGs    # Errors  Last Runtime    Last Run
-------------------------------------  -----  ---------  --------  ----------  --------------  -------------------
/opt/airflow/dags/amazon_books_elt.py                           1           0  0.47s           2025-09-14T16:09:52
================================================================================
[2025-09-14T16:10:48.988+0000] {manager.py:878} INFO - 
================================================================================
DAG File Processing Stats

File Path                              PID    Runtime      # DAGs    # Errors  Last Runtime    Last Run
-------------------------------------  -----  ---------  --------  ----------  --------------  -------------------
/opt/airflow/dags/amazon_books_elt.py                           1           0  0.45s           2025-09-14T16:10:23
================================================================================
[2025-09-14T16:11:19.831+0000] {manager.py:878} INFO - 
================================================================================
DAG File Processing Stats

File Path                              PID    Runtime      # DAGs    # Errors  Last Runtime    Last Run
-------------------------------------  -----  ---------  --------  ----------  --------------  -------------------
/opt/airflow/dags/amazon_books_elt.py                           1           0  0.53s           2025-09-14T16:11:12
================================================================================
[2025-09-14T16:11:33.443+0000] {manager.py:737} INFO - Searching for files in /opt/airflow/dags
[2025-09-14T16:11:33.444+0000] {manager.py:740} INFO - There are 1 files in /opt/airflow/dags
[2025-09-14T16:11:50.760+0000] {manager.py:878} INFO - 
================================================================================
DAG File Processing Stats

File Path                              PID    Runtime      # DAGs    # Errors  Last Runtime    Last Run
-------------------------------------  -----  ---------  --------  ----------  --------------  -------------------
/opt/airflow/dags/amazon_books_elt.py                           1           0  0.56s           2025-09-14T16:11:43
================================================================================
[2025-09-14T16:12:21.707+0000] {manager.py:878} INFO - 
================================================================================
DAG File Processing Stats

File Path                              PID    Runtime      # DAGs    # Errors  Last Runtime    Last Run
-------------------------------------  -----  ---------  --------  ----------  --------------  -------------------
/opt/airflow/dags/amazon_books_elt.py                           1           0  0.54s           2025-09-14T16:12:14
================================================================================
[2025-09-14T16:12:52.583+0000] {manager.py:878} INFO - 
================================================================================
DAG File Processing Stats

File Path                              PID    Runtime      # DAGs    # Errors  Last Runtime    Last Run
-------------------------------------  -----  ---------  --------  ----------  --------------  -------------------
/opt/airflow/dags/amazon_books_elt.py                           1           0  0.45s           2025-09-14T16:12:44
================================================================================
[2025-09-14T16:13:23.494+0000] {manager.py:878} INFO - 
================================================================================
DAG File Processing Stats

File Path                              PID    Runtime      # DAGs    # Errors  Last Runtime    Last Run
-------------------------------------  -----  ---------  --------  ----------  --------------  -------------------
/opt/airflow/dags/amazon_books_elt.py                           1           0  0.52s           2025-09-14T16:13:15
================================================================================
[2025-09-14T16:13:54.430+0000] {manager.py:878} INFO - 
================================================================================
DAG File Processing Stats

File Path                              PID    Runtime      # DAGs    # Errors  Last Runtime    Last Run
-------------------------------------  -----  ---------  --------  ----------  --------------  -------------------
/opt/airflow/dags/amazon_books_elt.py                           1           0  0.47s           2025-09-14T16:13:47
================================================================================
[2025-09-14T16:14:25.737+0000] {manager.py:878} INFO - 
================================================================================
DAG File Processing Stats

File Path                              PID    Runtime      # DAGs    # Errors  Last Runtime    Last Run
-------------------------------------  -----  ---------  --------  ----------  --------------  -------------------
/opt/airflow/dags/amazon_books_elt.py                           1           0  0.45s           2025-09-14T16:14:17
================================================================================
[2025-09-14T16:14:55.844+0000] {manager.py:878} INFO - 
================================================================================
DAG File Processing Stats

File Path                              PID    Runtime      # DAGs    # Errors  Last Runtime    Last Run
-------------------------------------  -----  ---------  --------  ----------  --------------  -------------------
/opt/airflow/dags/amazon_books_elt.py                           1           0  0.44s           2025-09-14T16:14:49
================================================================================
[2025-09-14T16:15:27.121+0000] {manager.py:878} INFO - 
================================================================================
DAG File Processing Stats

File Path                              PID    Runtime      # DAGs    # Errors  Last Runtime    Last Run
-------------------------------------  -----  ---------  --------  ----------  --------------  -------------------
/opt/airflow/dags/amazon_books_elt.py                           1           0  0.46s           2025-09-14T16:15:20
================================================================================
[2025-09-14T16:15:58.008+0000] {manager.py:878} INFO - 
================================================================================
DAG File Processing Stats

File Path                              PID    Runtime      # DAGs    # Errors  Last Runtime    Last Run
-------------------------------------  -----  ---------  --------  ----------  --------------  -------------------
/opt/airflow/dags/amazon_books_elt.py                           1           0  0.49s           2025-09-14T16:15:51
================================================================================
[2025-09-14T16:16:28.891+0000] {manager.py:878} INFO - 
================================================================================
DAG File Processing Stats

File Path                              PID    Runtime      # DAGs    # Errors  Last Runtime    Last Run
-------------------------------------  -----  ---------  --------  ----------  --------------  -------------------
/opt/airflow/dags/amazon_books_elt.py                           1           0  0.44s           2025-09-14T16:16:22
================================================================================
[2025-09-14T16:16:33.907+0000] {manager.py:737} INFO - Searching for files in /opt/airflow/dags
[2025-09-14T16:16:33.907+0000] {manager.py:740} INFO - There are 1 files in /opt/airflow/dags
[2025-09-14T16:17:00.188+0000] {manager.py:878} INFO - 
================================================================================
DAG File Processing Stats

File Path                              PID    Runtime      # DAGs    # Errors  Last Runtime    Last Run
-------------------------------------  -----  ---------  --------  ----------  --------------  -------------------
/opt/airflow/dags/amazon_books_elt.py                           1           0  0.47s           2025-09-14T16:16:53
================================================================================
[2025-09-14T16:17:31.064+0000] {manager.py:878} INFO - 
================================================================================
DAG File Processing Stats

File Path                              PID    Runtime      # DAGs    # Errors  Last Runtime    Last Run
-------------------------------------  -----  ---------  --------  ----------  --------------  -------------------
/opt/airflow/dags/amazon_books_elt.py                           1           0  0.42s           2025-09-14T16:17:24
================================================================================
[2025-09-14T16:18:02.306+0000] {manager.py:878} INFO - 
================================================================================
DAG File Processing Stats

File Path                              PID    Runtime      # DAGs    # Errors  Last Runtime    Last Run
-------------------------------------  -----  ---------  --------  ----------  --------------  -------------------
/opt/airflow/dags/amazon_books_elt.py                           1           0  0.43s           2025-09-14T16:17:55
================================================================================
[2025-09-14T16:18:33.143+0000] {manager.py:878} INFO - 
================================================================================
DAG File Processing Stats

File Path                              PID    Runtime      # DAGs    # Errors  Last Runtime    Last Run
-------------------------------------  -----  ---------  --------  ----------  --------------  -------------------
/opt/airflow/dags/amazon_books_elt.py                           1           0  0.44s           2025-09-14T16:18:26
================================================================================
[2025-09-14T16:19:03.946+0000] {manager.py:878} INFO - 
================================================================================
DAG File Processing Stats

File Path                              PID    Runtime      # DAGs    # Errors  Last Runtime    Last Run
-------------------------------------  -----  ---------  --------  ----------  --------------  -------------------
/opt/airflow/dags/amazon_books_elt.py                           1           0  0.42s           2025-09-14T16:18:57
================================================================================
[2025-09-14T16:19:34.685+0000] {manager.py:878} INFO - 
================================================================================
DAG File Processing Stats

File Path                              PID    Runtime      # DAGs    # Errors  Last Runtime    Last Run
-------------------------------------  -----  ---------  --------  ----------  --------------  -------------------
/opt/airflow/dags/amazon_books_elt.py                           1           0  0.41s           2025-09-14T16:19:28
================================================================================
[2025-09-14T16:20:05.797+0000] {manager.py:878} INFO - 
================================================================================
DAG File Processing Stats

File Path                              PID    Runtime      # DAGs    # Errors  Last Runtime    Last Run
-------------------------------------  -----  ---------  --------  ----------  --------------  -------------------
/opt/airflow/dags/amazon_books_elt.py                           1           0  0.45s           2025-09-14T16:19:58
================================================================================
[2025-09-14T16:20:35.944+0000] {manager.py:878} INFO - 
================================================================================
DAG File Processing Stats

File Path                              PID    Runtime      # DAGs    # Errors  Last Runtime    Last Run
-------------------------------------  -----  ---------  --------  ----------  --------------  -------------------
/opt/airflow/dags/amazon_books_elt.py                           1           0  0.45s           2025-09-14T16:20:29
================================================================================
[2025-09-14T16:21:06.933+0000] {manager.py:878} INFO - 
================================================================================
DAG File Processing Stats

File Path                              PID    Runtime      # DAGs    # Errors  Last Runtime    Last Run
-------------------------------------  -----  ---------  --------  ----------  --------------  -------------------
/opt/airflow/dags/amazon_books_elt.py                           1           0  0.90s           2025-09-14T16:21:00
================================================================================
[2025-09-14T16:21:33.933+0000] {manager.py:737} INFO - Searching for files in /opt/airflow/dags
[2025-09-14T16:21:33.934+0000] {manager.py:740} INFO - There are 1 files in /opt/airflow/dags
[2025-09-14T16:21:37.951+0000] {manager.py:878} INFO - 
================================================================================
DAG File Processing Stats

File Path                              PID    Runtime      # DAGs    # Errors  Last Runtime    Last Run
-------------------------------------  -----  ---------  --------  ----------  --------------  -------------------
/opt/airflow/dags/amazon_books_elt.py                           1           0  0.45s           2025-09-14T16:21:30
================================================================================
[2025-09-14T16:22:09.000+0000] {manager.py:878} INFO - 
================================================================================
DAG File Processing Stats

File Path                              PID    Runtime      # DAGs    # Errors  Last Runtime    Last Run
-------------------------------------  -----  ---------  --------  ----------  --------------  -------------------
/opt/airflow/dags/amazon_books_elt.py                           1           0  0.46s           2025-09-14T16:22:01
================================================================================
[2025-09-14T16:22:39.522+0000] {manager.py:878} INFO - 
================================================================================
DAG File Processing Stats

File Path                              PID    Runtime      # DAGs    # Errors  Last Runtime    Last Run
-------------------------------------  -----  ---------  --------  ----------  --------------  -------------------
/opt/airflow/dags/amazon_books_elt.py                           1           0  0.49s           2025-09-14T16:22:32
================================================================================
[2025-09-14T16:23:09.615+0000] {manager.py:878} INFO - 
================================================================================
DAG File Processing Stats

File Path                              PID    Runtime      # DAGs    # Errors  Last Runtime    Last Run
-------------------------------------  -----  ---------  --------  ----------  --------------  -------------------
/opt/airflow/dags/amazon_books_elt.py                           1           0  0.44s           2025-09-14T16:23:03
================================================================================
[2025-09-14T16:23:40.620+0000] {manager.py:878} INFO - 
================================================================================
DAG File Processing Stats

File Path                              PID    Runtime      # DAGs    # Errors  Last Runtime    Last Run
-------------------------------------  -----  ---------  --------  ----------  --------------  -------------------
/opt/airflow/dags/amazon_books_elt.py                           1           0  0.45s           2025-09-14T16:23:33
================================================================================
[2025-09-14T16:24:11.263+0000] {manager.py:878} INFO - 
================================================================================
DAG File Processing Stats

File Path                              PID    Runtime      # DAGs    # Errors  Last Runtime    Last Run
-------------------------------------  -----  ---------  --------  ----------  --------------  -------------------
/opt/airflow/dags/amazon_books_elt.py                           1           0  0.44s           2025-09-14T16:24:04
================================================================================
[2025-09-14T16:24:42.330+0000] {manager.py:878} INFO - 
================================================================================
DAG File Processing Stats

File Path                              PID    Runtime      # DAGs    # Errors  Last Runtime    Last Run
-------------------------------------  -----  ---------  --------  ----------  --------------  -------------------
/opt/airflow/dags/amazon_books_elt.py                           1           0  0.44s           2025-09-14T16:24:35
================================================================================
[2025-09-14T16:25:12.991+0000] {manager.py:878} INFO - 
================================================================================
DAG File Processing Stats

File Path                              PID    Runtime      # DAGs    # Errors  Last Runtime    Last Run
-------------------------------------  -----  ---------  --------  ----------  --------------  -------------------
/opt/airflow/dags/amazon_books_elt.py                           1           0  0.45s           2025-09-14T16:25:06
================================================================================
[2025-09-14T16:25:43.662+0000] {manager.py:878} INFO - 
================================================================================
DAG File Processing Stats

File Path                              PID    Runtime      # DAGs    # Errors  Last Runtime    Last Run
-------------------------------------  -----  ---------  --------  ----------  --------------  -------------------
/opt/airflow/dags/amazon_books_elt.py                           1           0  0.43s           2025-09-14T16:25:37
================================================================================
[2025-09-14T16:26:14.370+0000] {manager.py:878} INFO - 
================================================================================
DAG File Processing Stats

File Path                              PID    Runtime      # DAGs    # Errors  Last Runtime    Last Run
-------------------------------------  -----  ---------  --------  ----------  --------------  -------------------
/opt/airflow/dags/amazon_books_elt.py                           1           0  0.43s           2025-09-14T16:26:07
================================================================================
[2025-09-14T16:26:33.961+0000] {manager.py:737} INFO - Searching for files in /opt/airflow/dags
[2025-09-14T16:26:33.962+0000] {manager.py:740} INFO - There are 1 files in /opt/airflow/dags
[2025-09-14T16:26:45.416+0000] {manager.py:878} INFO - 
================================================================================
DAG File Processing Stats

File Path                              PID    Runtime      # DAGs    # Errors  Last Runtime    Last Run
-------------------------------------  -----  ---------  --------  ----------  --------------  -------------------
/opt/airflow/dags/amazon_books_elt.py                           1           0  0.43s           2025-09-14T16:26:38
================================================================================
[2025-09-14T16:27:16.083+0000] {manager.py:878} INFO - 
================================================================================
DAG File Processing Stats

File Path                              PID    Runtime      # DAGs    # Errors  Last Runtime    Last Run
-------------------------------------  -----  ---------  --------  ----------  --------------  -------------------
/opt/airflow/dags/amazon_books_elt.py                           1           0  0.42s           2025-09-14T16:27:09
================================================================================
[2025-09-14T16:27:47.201+0000] {manager.py:878} INFO - 
================================================================================
DAG File Processing Stats

File Path                              PID    Runtime      # DAGs    # Errors  Last Runtime    Last Run
-------------------------------------  -----  ---------  --------  ----------  --------------  -------------------
/opt/airflow/dags/amazon_books_elt.py                           1           0  0.43s           2025-09-14T16:27:40
================================================================================
[2025-09-14T16:28:17.927+0000] {manager.py:878} INFO - 
================================================================================
DAG File Processing Stats

File Path                              PID    Runtime      # DAGs    # Errors  Last Runtime    Last Run
-------------------------------------  -----  ---------  --------  ----------  --------------  -------------------
/opt/airflow/dags/amazon_books_elt.py                           1           0  0.43s           2025-09-14T16:28:11
================================================================================
[2025-09-14T16:28:49.181+0000] {manager.py:878} INFO - 
================================================================================
DAG File Processing Stats

File Path                              PID    Runtime      # DAGs    # Errors  Last Runtime    Last Run
-------------------------------------  -----  ---------  --------  ----------  --------------  -------------------
/opt/airflow/dags/amazon_books_elt.py                           1           0  0.48s           2025-09-14T16:28:42
================================================================================
[2025-09-14T16:29:19.994+0000] {manager.py:878} INFO - 
================================================================================
DAG File Processing Stats

File Path                              PID    Runtime      # DAGs    # Errors  Last Runtime    Last Run
-------------------------------------  -----  ---------  --------  ----------  --------------  -------------------
/opt/airflow/dags/amazon_books_elt.py                           1           0  0.54s           2025-09-14T16:29:13
================================================================================
[2025-09-14T16:29:50.822+0000] {manager.py:878} INFO - 
================================================================================
DAG File Processing Stats

File Path                              PID    Runtime      # DAGs    # Errors  Last Runtime    Last Run
-------------------------------------  -----  ---------  --------  ----------  --------------  -------------------
/opt/airflow/dags/amazon_books_elt.py                           1           0  0.46s           2025-09-14T16:29:44
================================================================================
[2025-09-14T16:30:21.649+0000] {manager.py:878} INFO - 
================================================================================
DAG File Processing Stats

File Path                              PID    Runtime      # DAGs    # Errors  Last Runtime    Last Run
-------------------------------------  -----  ---------  --------  ----------  --------------  -------------------
/opt/airflow/dags/amazon_books_elt.py                           1           0  0.50s           2025-09-14T16:30:14
================================================================================
[2025-09-14T16:30:52.518+0000] {manager.py:878} INFO - 
================================================================================
DAG File Processing Stats

File Path                              PID    Runtime      # DAGs    # Errors  Last Runtime    Last Run
-------------------------------------  -----  ---------  --------  ----------  --------------  -------------------
/opt/airflow/dags/amazon_books_elt.py                           1           0  0.53s           2025-09-14T16:30:46
================================================================================
[2025-09-14T16:31:22.612+0000] {manager.py:878} INFO - 
================================================================================
DAG File Processing Stats

File Path                              PID    Runtime      # DAGs    # Errors  Last Runtime    Last Run
-------------------------------------  -----  ---------  --------  ----------  --------------  -------------------
/opt/airflow/dags/amazon_books_elt.py                           1           0  0.44s           2025-09-14T16:31:17
================================================================================
[2025-09-14T16:31:34.396+0000] {manager.py:737} INFO - Searching for files in /opt/airflow/dags
[2025-09-14T16:31:34.397+0000] {manager.py:740} INFO - There are 1 files in /opt/airflow/dags
[2025-09-14T16:31:53.895+0000] {manager.py:878} INFO - 
================================================================================
DAG File Processing Stats

File Path                              PID    Runtime      # DAGs    # Errors  Last Runtime    Last Run
-------------------------------------  -----  ---------  --------  ----------  --------------  -------------------
/opt/airflow/dags/amazon_books_elt.py                           1           0  0.48s           2025-09-14T16:31:47
================================================================================
[2025-09-14T16:32:24.765+0000] {manager.py:878} INFO - 
================================================================================
DAG File Processing Stats

File Path                              PID    Runtime      # DAGs    # Errors  Last Runtime    Last Run
-------------------------------------  -----  ---------  --------  ----------  --------------  -------------------
/opt/airflow/dags/amazon_books_elt.py                           1           0  0.43s           2025-09-14T16:32:12
================================================================================
[2025-09-14T16:32:55.895+0000] {manager.py:878} INFO - 
================================================================================
DAG File Processing Stats

File Path                              PID    Runtime      # DAGs    # Errors  Last Runtime    Last Run
-------------------------------------  -----  ---------  --------  ----------  --------------  -------------------
/opt/airflow/dags/amazon_books_elt.py                           1           0  0.53s           2025-09-14T16:32:42
================================================================================
[2025-09-14T16:33:26.855+0000] {manager.py:878} INFO - 
================================================================================
DAG File Processing Stats

File Path                              PID    Runtime      # DAGs    # Errors  Last Runtime    Last Run
-------------------------------------  -----  ---------  --------  ----------  --------------  -------------------
/opt/airflow/dags/amazon_books_elt.py                           1           0  0.49s           2025-09-14T16:33:14
================================================================================
[2025-09-14T16:33:58.072+0000] {manager.py:878} INFO - 
================================================================================
DAG File Processing Stats

File Path                              PID    Runtime      # DAGs    # Errors  Last Runtime    Last Run
-------------------------------------  -----  ---------  --------  ----------  --------------  -------------------
/opt/airflow/dags/amazon_books_elt.py                           1           0  0.43s           2025-09-14T16:33:45
================================================================================
[2025-09-14T16:34:28.950+0000] {manager.py:878} INFO - 
================================================================================
DAG File Processing Stats

File Path                              PID    Runtime      # DAGs    # Errors  Last Runtime    Last Run
-------------------------------------  -----  ---------  --------  ----------  --------------  -------------------
/opt/airflow/dags/amazon_books_elt.py                           1           0  0.43s           2025-09-14T16:34:16
================================================================================
[2025-09-14T16:35:00.127+0000] {manager.py:878} INFO - 
================================================================================
DAG File Processing Stats

File Path                              PID    Runtime      # DAGs    # Errors  Last Runtime    Last Run
-------------------------------------  -----  ---------  --------  ----------  --------------  -------------------
/opt/airflow/dags/amazon_books_elt.py                           1           0  0.43s           2025-09-14T16:34:47
================================================================================
[2025-09-14T16:35:30.996+0000] {manager.py:878} INFO - 
================================================================================
DAG File Processing Stats

File Path                              PID    Runtime      # DAGs    # Errors  Last Runtime    Last Run
-------------------------------------  -----  ---------  --------  ----------  --------------  -------------------
/opt/airflow/dags/amazon_books_elt.py                           1           0  0.52s           2025-09-14T16:35:18
================================================================================
[2025-09-14T16:36:01.802+0000] {manager.py:878} INFO - 
================================================================================
DAG File Processing Stats

File Path                              PID    Runtime      # DAGs    # Errors  Last Runtime    Last Run
-------------------------------------  -----  ---------  --------  ----------  --------------  -------------------
/opt/airflow/dags/amazon_books_elt.py                           1           0  0.45s           2025-09-14T16:35:49
================================================================================
[2025-09-14T16:36:33.039+0000] {manager.py:878} INFO - 
================================================================================
DAG File Processing Stats

File Path                              PID    Runtime      # DAGs    # Errors  Last Runtime    Last Run
-------------------------------------  -----  ---------  --------  ----------  --------------  -------------------
/opt/airflow/dags/amazon_books_elt.py                           1           0  0.46s           2025-09-14T16:36:19
================================================================================
[2025-09-14T16:36:34.504+0000] {manager.py:737} INFO - Searching for files in /opt/airflow/dags
[2025-09-14T16:36:34.507+0000] {manager.py:740} INFO - There are 1 files in /opt/airflow/dags
[2025-09-14T16:37:04.212+0000] {manager.py:878} INFO - 
================================================================================
DAG File Processing Stats

File Path                              PID    Runtime      # DAGs    # Errors  Last Runtime    Last Run
-------------------------------------  -----  ---------  --------  ----------  --------------  -------------------
/opt/airflow/dags/amazon_books_elt.py                           1           0  0.52s           2025-09-14T16:36:34
================================================================================
[2025-09-14T16:37:35.017+0000] {manager.py:878} INFO - 
================================================================================
DAG File Processing Stats

File Path                              PID    Runtime      # DAGs    # Errors  Last Runtime    Last Run
-------------------------------------  -----  ---------  --------  ----------  --------------  -------------------
/opt/airflow/dags/amazon_books_elt.py                           1           0  0.49s           2025-09-14T16:37:05
================================================================================
[2025-09-14T16:38:06.256+0000] {manager.py:878} INFO - 
================================================================================
DAG File Processing Stats

File Path                              PID    Runtime      # DAGs    # Errors  Last Runtime    Last Run
-------------------------------------  -----  ---------  --------  ----------  --------------  -------------------
/opt/airflow/dags/amazon_books_elt.py                           1           0  0.48s           2025-09-14T16:37:36
================================================================================
[2025-09-14T16:38:37.048+0000] {manager.py:878} INFO - 
================================================================================
DAG File Processing Stats

File Path                              PID    Runtime      # DAGs    # Errors  Last Runtime    Last Run
-------------------------------------  -----  ---------  --------  ----------  --------------  -------------------
/opt/airflow/dags/amazon_books_elt.py                           1           0  0.45s           2025-09-14T16:38:07
================================================================================
[2025-09-14T16:39:07.804+0000] {manager.py:878} INFO - 
================================================================================
DAG File Processing Stats

File Path                              PID    Runtime      # DAGs    # Errors  Last Runtime    Last Run
-------------------------------------  -----  ---------  --------  ----------  --------------  -------------------
/opt/airflow/dags/amazon_books_elt.py                           1           0  0.52s           2025-09-14T16:39:02
================================================================================
[2025-09-14T16:39:37.904+0000] {manager.py:878} INFO - 
================================================================================
DAG File Processing Stats

File Path                              PID    Runtime      # DAGs    # Errors  Last Runtime    Last Run
-------------------------------------  -----  ---------  --------  ----------  --------------  -------------------
/opt/airflow/dags/amazon_books_elt.py                           1           0  0.52s           2025-09-14T16:39:16
================================================================================
[2025-09-14T16:40:08.696+0000] {manager.py:878} INFO - 
================================================================================
DAG File Processing Stats

File Path                              PID    Runtime      # DAGs    # Errors  Last Runtime    Last Run
-------------------------------------  -----  ---------  --------  ----------  --------------  -------------------
/opt/airflow/dags/amazon_books_elt.py                           1           0  0.45s           2025-09-14T16:39:48
================================================================================
[2025-09-14T16:40:39.475+0000] {manager.py:878} INFO - 
================================================================================
DAG File Processing Stats

File Path                              PID    Runtime      # DAGs    # Errors  Last Runtime    Last Run
-------------------------------------  -----  ---------  --------  ----------  --------------  -------------------
/opt/airflow/dags/amazon_books_elt.py                           1           0  0.56s           2025-09-14T16:40:31
================================================================================
[2025-09-14T16:41:10.265+0000] {manager.py:878} INFO - 
================================================================================
DAG File Processing Stats

File Path                              PID    Runtime      # DAGs    # Errors  Last Runtime    Last Run
-------------------------------------  -----  ---------  --------  ----------  --------------  -------------------
/opt/airflow/dags/amazon_books_elt.py                           1           0  0.51s           2025-09-14T16:41:02
================================================================================
[2025-09-14T16:41:34.600+0000] {manager.py:737} INFO - Searching for files in /opt/airflow/dags
[2025-09-14T16:41:34.602+0000] {manager.py:740} INFO - There are 1 files in /opt/airflow/dags
[2025-09-14T16:41:41.064+0000] {manager.py:878} INFO - 
================================================================================
DAG File Processing Stats

File Path                              PID    Runtime      # DAGs    # Errors  Last Runtime    Last Run
-------------------------------------  -----  ---------  --------  ----------  --------------  -------------------
/opt/airflow/dags/amazon_books_elt.py                           1           0  0.56s           2025-09-14T16:41:33
================================================================================
[2025-09-14T16:42:11.854+0000] {manager.py:878} INFO - 
================================================================================
DAG File Processing Stats

File Path                              PID    Runtime      # DAGs    # Errors  Last Runtime    Last Run
-------------------------------------  -----  ---------  --------  ----------  --------------  -------------------
/opt/airflow/dags/amazon_books_elt.py                           1           0  0.52s           2025-09-14T16:42:04
================================================================================
[2025-09-14T16:42:42.609+0000] {manager.py:878} INFO - 
================================================================================
DAG File Processing Stats

File Path                              PID    Runtime      # DAGs    # Errors  Last Runtime    Last Run
-------------------------------------  -----  ---------  --------  ----------  --------------  -------------------
/opt/airflow/dags/amazon_books_elt.py                           1           0  0.51s           2025-09-14T16:42:35
================================================================================
[2025-09-14T16:43:13.859+0000] {manager.py:878} INFO - 
================================================================================
DAG File Processing Stats

File Path                              PID    Runtime      # DAGs    # Errors  Last Runtime    Last Run
-------------------------------------  -----  ---------  --------  ----------  --------------  -------------------
/opt/airflow/dags/amazon_books_elt.py                           1           0  0.54s           2025-09-14T16:43:05
================================================================================
[2025-09-14T16:43:44.530+0000] {manager.py:878} INFO - 
================================================================================
DAG File Processing Stats

File Path                              PID    Runtime      # DAGs    # Errors  Last Runtime    Last Run
-------------------------------------  -----  ---------  --------  ----------  --------------  -------------------
/opt/airflow/dags/amazon_books_elt.py                           1           0  0.43s           2025-09-14T16:43:36
================================================================================
[2025-09-14T16:44:15.531+0000] {manager.py:878} INFO - 
================================================================================
DAG File Processing Stats

File Path                              PID    Runtime      # DAGs    # Errors  Last Runtime    Last Run
-------------------------------------  -----  ---------  --------  ----------  --------------  -------------------
/opt/airflow/dags/amazon_books_elt.py                           1           0  0.54s           2025-09-14T16:44:07
================================================================================
[2025-09-14T16:44:46.263+0000] {manager.py:878} INFO - 
================================================================================
DAG File Processing Stats

File Path                              PID    Runtime      # DAGs    # Errors  Last Runtime    Last Run
-------------------------------------  -----  ---------  --------  ----------  --------------  -------------------
/opt/airflow/dags/amazon_books_elt.py                           1           0  0.50s           2025-09-14T16:44:38
================================================================================
[2025-09-14T16:45:16.994+0000] {manager.py:878} INFO - 
================================================================================
DAG File Processing Stats

File Path                              PID    Runtime      # DAGs    # Errors  Last Runtime    Last Run
-------------------------------------  -----  ---------  --------  ----------  --------------  -------------------
/opt/airflow/dags/amazon_books_elt.py                           1           0  0.49s           2025-09-14T16:45:08
================================================================================
[2025-09-14T16:45:47.833+0000] {manager.py:878} INFO - 
================================================================================
DAG File Processing Stats

File Path                              PID    Runtime      # DAGs    # Errors  Last Runtime    Last Run
-------------------------------------  -----  ---------  --------  ----------  --------------  -------------------
/opt/airflow/dags/amazon_books_elt.py                           1           0  0.46s           2025-09-14T16:45:39
================================================================================
[2025-09-14T16:46:18.626+0000] {manager.py:878} INFO - 
================================================================================
DAG File Processing Stats

File Path                              PID    Runtime      # DAGs    # Errors  Last Runtime    Last Run
-------------------------------------  -----  ---------  --------  ----------  --------------  -------------------
/opt/airflow/dags/amazon_books_elt.py                           1           0  0.44s           2025-09-14T16:46:10
================================================================================
[2025-09-14T16:46:34.676+0000] {manager.py:737} INFO - Searching for files in /opt/airflow/dags
[2025-09-14T16:46:34.677+0000] {manager.py:740} INFO - There are 1 files in /opt/airflow/dags
[2025-09-14T16:46:49.871+0000] {manager.py:878} INFO - 
================================================================================
DAG File Processing Stats

File Path                              PID    Runtime      # DAGs    # Errors  Last Runtime    Last Run
-------------------------------------  -----  ---------  --------  ----------  --------------  -------------------
/opt/airflow/dags/amazon_books_elt.py                           1           0  0.44s           2025-09-14T16:46:41
================================================================================
[2025-09-14T16:47:20.692+0000] {manager.py:878} INFO - 
================================================================================
DAG File Processing Stats

File Path                              PID    Runtime      # DAGs    # Errors  Last Runtime    Last Run
-------------------------------------  -----  ---------  --------  ----------  --------------  -------------------
/opt/airflow/dags/amazon_books_elt.py                           1           0  0.52s           2025-09-14T16:47:12
================================================================================
[2025-09-14T16:47:50.791+0000] {manager.py:878} INFO - 
================================================================================
DAG File Processing Stats

File Path                              PID    Runtime      # DAGs    # Errors  Last Runtime    Last Run
-------------------------------------  -----  ---------  --------  ----------  --------------  -------------------
/opt/airflow/dags/amazon_books_elt.py                           1           0  0.49s           2025-09-14T16:47:43
================================================================================
[2025-09-14T16:48:22.151+0000] {manager.py:878} INFO - 
================================================================================
DAG File Processing Stats

File Path                              PID    Runtime      # DAGs    # Errors  Last Runtime    Last Run
-------------------------------------  -----  ---------  --------  ----------  --------------  -------------------
/opt/airflow/dags/amazon_books_elt.py                           1           0  0.50s           2025-09-14T16:48:14
================================================================================
[2025-09-14T16:48:52.953+0000] {manager.py:878} INFO - 
================================================================================
DAG File Processing Stats

File Path                              PID    Runtime      # DAGs    # Errors  Last Runtime    Last Run
-------------------------------------  -----  ---------  --------  ----------  --------------  -------------------
/opt/airflow/dags/amazon_books_elt.py                           1           0  0.56s           2025-09-14T16:48:28
================================================================================
[2025-09-14T16:49:23.865+0000] {manager.py:878} INFO - 
================================================================================
DAG File Processing Stats

File Path                              PID    Runtime      # DAGs    # Errors  Last Runtime    Last Run
-------------------------------------  -----  ---------  --------  ----------  --------------  -------------------
/opt/airflow/dags/amazon_books_elt.py                           1           0  0.51s           2025-09-14T16:48:59
================================================================================
[2025-09-14T16:49:54.713+0000] {manager.py:878} INFO - 
================================================================================
DAG File Processing Stats

File Path                              PID    Runtime      # DAGs    # Errors  Last Runtime    Last Run
-------------------------------------  -----  ---------  --------  ----------  --------------  -------------------
/opt/airflow/dags/amazon_books_elt.py                           1           0  0.45s           2025-09-14T16:49:30
================================================================================
[2025-09-14T16:50:26.036+0000] {manager.py:878} INFO - 
================================================================================
DAG File Processing Stats

File Path                              PID    Runtime      # DAGs    # Errors  Last Runtime    Last Run
-------------------------------------  -----  ---------  --------  ----------  --------------  -------------------
/opt/airflow/dags/amazon_books_elt.py                           1           0  0.44s           2025-09-14T16:50:01
================================================================================
[2025-09-14T16:50:56.901+0000] {manager.py:878} INFO - 
================================================================================
DAG File Processing Stats

File Path                              PID    Runtime      # DAGs    # Errors  Last Runtime    Last Run
-------------------------------------  -----  ---------  --------  ----------  --------------  -------------------
/opt/airflow/dags/amazon_books_elt.py                           1           0  0.43s           2025-09-14T16:50:32
================================================================================
[2025-09-14T16:51:28.219+0000] {manager.py:878} INFO - 
================================================================================
DAG File Processing Stats

File Path                              PID    Runtime      # DAGs    # Errors  Last Runtime    Last Run
-------------------------------------  -----  ---------  --------  ----------  --------------  -------------------
/opt/airflow/dags/amazon_books_elt.py                           1           0  0.44s           2025-09-14T16:51:03
================================================================================
[2025-09-14T16:51:34.706+0000] {manager.py:737} INFO - Searching for files in /opt/airflow/dags
[2025-09-14T16:51:34.707+0000] {manager.py:740} INFO - There are 1 files in /opt/airflow/dags
[2025-09-14T16:51:59.111+0000] {manager.py:878} INFO - 
================================================================================
DAG File Processing Stats

File Path                              PID    Runtime      # DAGs    # Errors  Last Runtime    Last Run
-------------------------------------  -----  ---------  --------  ----------  --------------  -------------------
/opt/airflow/dags/amazon_books_elt.py                           1           0  0.46s           2025-09-14T16:51:34
================================================================================
[2025-09-14T16:52:29.992+0000] {manager.py:878} INFO - 
================================================================================
DAG File Processing Stats

File Path                              PID    Runtime      # DAGs    # Errors  Last Runtime    Last Run
-------------------------------------  -----  ---------  --------  ----------  --------------  -------------------
/opt/airflow/dags/amazon_books_elt.py                           1           0  0.46s           2025-09-14T16:52:05
================================================================================
[2025-09-14T16:53:00.878+0000] {manager.py:878} INFO - 
================================================================================
DAG File Processing Stats

File Path                              PID    Runtime      # DAGs    # Errors  Last Runtime    Last Run
-------------------------------------  -----  ---------  --------  ----------  --------------  -------------------
/opt/airflow/dags/amazon_books_elt.py                           1           0  0.44s           2025-09-14T16:52:36
================================================================================
[2025-09-14T16:53:31.768+0000] {manager.py:878} INFO - 
================================================================================
DAG File Processing Stats

File Path                              PID    Runtime      # DAGs    # Errors  Last Runtime    Last Run
-------------------------------------  -----  ---------  --------  ----------  --------------  -------------------
/opt/airflow/dags/amazon_books_elt.py                           1           0  0.42s           2025-09-14T16:53:07
================================================================================
[2025-09-14T16:54:03.028+0000] {manager.py:878} INFO - 
================================================================================
DAG File Processing Stats

File Path                              PID    Runtime      # DAGs    # Errors  Last Runtime    Last Run
-------------------------------------  -----  ---------  --------  ----------  --------------  -------------------
/opt/airflow/dags/amazon_books_elt.py                           1           0  0.43s           2025-09-14T16:53:38
================================================================================
[2025-09-14T16:54:33.930+0000] {manager.py:878} INFO - 
================================================================================
DAG File Processing Stats

File Path                              PID    Runtime      # DAGs    # Errors  Last Runtime    Last Run
-------------------------------------  -----  ---------  --------  ----------  --------------  -------------------
/opt/airflow/dags/amazon_books_elt.py                           1           0  0.44s           2025-09-14T16:54:09
================================================================================
[2025-09-14T16:55:04.842+0000] {manager.py:878} INFO - 
================================================================================
DAG File Processing Stats

File Path                              PID    Runtime      # DAGs    # Errors  Last Runtime    Last Run
-------------------------------------  -----  ---------  --------  ----------  --------------  -------------------
/opt/airflow/dags/amazon_books_elt.py                           1           0  0.42s           2025-09-14T16:54:40
================================================================================
[2025-09-14T16:55:36.145+0000] {manager.py:878} INFO - 
================================================================================
DAG File Processing Stats

File Path                              PID    Runtime      # DAGs    # Errors  Last Runtime    Last Run
-------------------------------------  -----  ---------  --------  ----------  --------------  -------------------
/opt/airflow/dags/amazon_books_elt.py                           1           0  0.42s           2025-09-14T16:55:11
================================================================================
[2025-09-14T16:56:06.246+0000] {manager.py:878} INFO - 
================================================================================
DAG File Processing Stats

File Path                              PID    Runtime      # DAGs    # Errors  Last Runtime    Last Run
-------------------------------------  -----  ---------  --------  ----------  --------------  -------------------
/opt/airflow/dags/amazon_books_elt.py                           1           0  0.44s           2025-09-14T16:55:42
================================================================================
[2025-09-14T16:56:35.112+0000] {manager.py:737} INFO - Searching for files in /opt/airflow/dags
[2025-09-14T16:56:35.114+0000] {manager.py:740} INFO - There are 1 files in /opt/airflow/dags
[2025-09-14T16:56:37.124+0000] {manager.py:878} INFO - 
================================================================================
DAG File Processing Stats

File Path                              PID    Runtime      # DAGs    # Errors  Last Runtime    Last Run
-------------------------------------  -----  ---------  --------  ----------  --------------  -------------------
/opt/airflow/dags/amazon_books_elt.py                           1           0  0.44s           2025-09-14T16:56:13
================================================================================
[2025-09-14T16:57:08.406+0000] {manager.py:878} INFO - 
================================================================================
DAG File Processing Stats

File Path                              PID    Runtime      # DAGs    # Errors  Last Runtime    Last Run
-------------------------------------  -----  ---------  --------  ----------  --------------  -------------------
/opt/airflow/dags/amazon_books_elt.py                           1           0  0.45s           2025-09-14T16:56:44
================================================================================
[2025-09-14T16:57:39.242+0000] {manager.py:878} INFO - 
================================================================================
DAG File Processing Stats

File Path                              PID    Runtime      # DAGs    # Errors  Last Runtime    Last Run
-------------------------------------  -----  ---------  --------  ----------  --------------  -------------------
/opt/airflow/dags/amazon_books_elt.py                           1           0  0.43s           2025-09-14T16:57:15
================================================================================
[2025-09-14T16:58:10.410+0000] {manager.py:878} INFO - 
================================================================================
DAG File Processing Stats

File Path                              PID    Runtime      # DAGs    # Errors  Last Runtime    Last Run
-------------------------------------  -----  ---------  --------  ----------  --------------  -------------------
/opt/airflow/dags/amazon_books_elt.py                           1           0  0.43s           2025-09-14T16:57:46
================================================================================
[2025-09-14T16:58:41.639+0000] {manager.py:878} INFO - 
================================================================================
DAG File Processing Stats

File Path                              PID    Runtime      # DAGs    # Errors  Last Runtime    Last Run
-------------------------------------  -----  ---------  --------  ----------  --------------  -------------------
/opt/airflow/dags/amazon_books_elt.py                           1           0  0.44s           2025-09-14T16:58:16
================================================================================
[2025-09-14T16:59:12.451+0000] {manager.py:878} INFO - 
================================================================================
DAG File Processing Stats

File Path                              PID    Runtime      # DAGs    # Errors  Last Runtime    Last Run
-------------------------------------  -----  ---------  --------  ----------  --------------  -------------------
/opt/airflow/dags/amazon_books_elt.py                           1           0  0.42s           2025-09-14T16:58:48
================================================================================
[2025-09-14T16:59:43.686+0000] {manager.py:878} INFO - 
================================================================================
DAG File Processing Stats

File Path                              PID    Runtime      # DAGs    # Errors  Last Runtime    Last Run
-------------------------------------  -----  ---------  --------  ----------  --------------  -------------------
/opt/airflow/dags/amazon_books_elt.py                           1           0  0.45s           2025-09-14T16:59:18
================================================================================
[2025-09-14T17:00:14.502+0000] {manager.py:878} INFO - 
================================================================================
DAG File Processing Stats

File Path                              PID    Runtime      # DAGs    # Errors  Last Runtime    Last Run
-------------------------------------  -----  ---------  --------  ----------  --------------  -------------------
/opt/airflow/dags/amazon_books_elt.py                           1           0  0.47s           2025-09-14T16:59:50
================================================================================
[2025-09-14T17:00:45.313+0000] {manager.py:878} INFO - 
================================================================================
DAG File Processing Stats

File Path                              PID    Runtime      # DAGs    # Errors  Last Runtime    Last Run
-------------------------------------  -----  ---------  --------  ----------  --------------  -------------------
/opt/airflow/dags/amazon_books_elt.py                           1           0  0.42s           2025-09-14T17:00:20
================================================================================
[2025-09-14T17:01:16.556+0000] {manager.py:878} INFO - 
================================================================================
DAG File Processing Stats

File Path                              PID    Runtime      # DAGs    # Errors  Last Runtime    Last Run
-------------------------------------  -----  ---------  --------  ----------  --------------  -------------------
/opt/airflow/dags/amazon_books_elt.py                           1           0  0.43s           2025-09-14T17:00:51
================================================================================
[2025-09-14T17:01:35.627+0000] {manager.py:737} INFO - Searching for files in /opt/airflow/dags
[2025-09-14T17:01:35.627+0000] {manager.py:740} INFO - There are 1 files in /opt/airflow/dags
[2025-09-14T17:01:47.383+0000] {manager.py:878} INFO - 
================================================================================
DAG File Processing Stats

File Path                              PID    Runtime      # DAGs    # Errors  Last Runtime    Last Run
-------------------------------------  -----  ---------  --------  ----------  --------------  -------------------
/opt/airflow/dags/amazon_books_elt.py                           1           0  0.42s           2025-09-14T17:01:23
================================================================================
[2025-09-14T17:02:18.606+0000] {manager.py:878} INFO - 
================================================================================
DAG File Processing Stats

File Path                              PID    Runtime      # DAGs    # Errors  Last Runtime    Last Run
-------------------------------------  -----  ---------  --------  ----------  --------------  -------------------
/opt/airflow/dags/amazon_books_elt.py                           1           0  0.42s           2025-09-14T17:01:53
================================================================================
[2025-09-14T17:02:49.420+0000] {manager.py:878} INFO - 
================================================================================
DAG File Processing Stats

File Path                              PID    Runtime      # DAGs    # Errors  Last Runtime    Last Run
-------------------------------------  -----  ---------  --------  ----------  --------------  -------------------
/opt/airflow/dags/amazon_books_elt.py                           1           0  0.42s           2025-09-14T17:02:25
================================================================================
[2025-09-14T17:03:20.654+0000] {manager.py:878} INFO - 
================================================================================
DAG File Processing Stats

File Path                              PID    Runtime      # DAGs    # Errors  Last Runtime    Last Run
-------------------------------------  -----  ---------  --------  ----------  --------------  -------------------
/opt/airflow/dags/amazon_books_elt.py                           1           0  0.43s           2025-09-14T17:02:55
================================================================================
[2025-09-14T17:03:51.936+0000] {manager.py:878} INFO - 
================================================================================
DAG File Processing Stats

File Path                              PID    Runtime      # DAGs    # Errors  Last Runtime    Last Run
-------------------------------------  -----  ---------  --------  ----------  --------------  -------------------
/opt/airflow/dags/amazon_books_elt.py                           1           0  0.48s           2025-09-14T17:03:34
================================================================================
[2025-09-14T17:04:22.045+0000] {manager.py:878} INFO - 
================================================================================
DAG File Processing Stats

File Path                              PID    Runtime      # DAGs    # Errors  Last Runtime    Last Run
-------------------------------------  -----  ---------  --------  ----------  --------------  -------------------
/opt/airflow/dags/amazon_books_elt.py                           1           0  0.47s           2025-09-14T17:04:05
================================================================================
[2025-09-14T17:04:53.455+0000] {manager.py:878} INFO - 
================================================================================
DAG File Processing Stats

File Path                              PID    Runtime      # DAGs    # Errors  Last Runtime    Last Run
-------------------------------------  -----  ---------  --------  ----------  --------------  -------------------
/opt/airflow/dags/amazon_books_elt.py                           1           0  0.49s           2025-09-14T17:04:36
================================================================================
[2025-09-14T17:05:24.285+0000] {manager.py:878} INFO - 
================================================================================
DAG File Processing Stats

File Path                              PID    Runtime      # DAGs    # Errors  Last Runtime    Last Run
-------------------------------------  -----  ---------  --------  ----------  --------------  -------------------
/opt/airflow/dags/amazon_books_elt.py                           1           0  0.44s           2025-09-14T17:05:07
================================================================================
[2025-09-14T17:05:55.540+0000] {manager.py:878} INFO - 
================================================================================
DAG File Processing Stats

File Path                              PID    Runtime      # DAGs    # Errors  Last Runtime    Last Run
-------------------------------------  -----  ---------  --------  ----------  --------------  -------------------
/opt/airflow/dags/amazon_books_elt.py                           1           0  0.43s           2025-09-14T17:05:33
================================================================================
[2025-09-14T17:06:26.801+0000] {manager.py:878} INFO - 
================================================================================
DAG File Processing Stats

File Path                              PID    Runtime      # DAGs    # Errors  Last Runtime    Last Run
-------------------------------------  -----  ---------  --------  ----------  --------------  -------------------
/opt/airflow/dags/amazon_books_elt.py                           1           0  0.50s           2025-09-14T17:06:04
================================================================================
[2025-09-14T17:06:36.001+0000] {manager.py:737} INFO - Searching for files in /opt/airflow/dags
[2025-09-14T17:06:36.002+0000] {manager.py:740} INFO - There are 1 files in /opt/airflow/dags
[2025-09-14T17:06:57.676+0000] {manager.py:878} INFO - 
================================================================================
DAG File Processing Stats

File Path                              PID    Runtime      # DAGs    # Errors  Last Runtime    Last Run
-------------------------------------  -----  ---------  --------  ----------  --------------  -------------------
/opt/airflow/dags/amazon_books_elt.py                           1           0  0.46s           2025-09-14T17:06:35
================================================================================
[2025-09-14T17:07:28.905+0000] {manager.py:878} INFO - 
================================================================================
DAG File Processing Stats

File Path                              PID    Runtime      # DAGs    # Errors  Last Runtime    Last Run
-------------------------------------  -----  ---------  --------  ----------  --------------  -------------------
/opt/airflow/dags/amazon_books_elt.py                           1           0  0.45s           2025-09-14T17:07:06
================================================================================
[2025-09-14T17:08:00.189+0000] {manager.py:878} INFO - 
================================================================================
DAG File Processing Stats

File Path                              PID    Runtime      # DAGs    # Errors  Last Runtime    Last Run
-------------------------------------  -----  ---------  --------  ----------  --------------  -------------------
/opt/airflow/dags/amazon_books_elt.py                           1           0  0.44s           2025-09-14T17:07:36
================================================================================
[2025-09-14T17:08:31.491+0000] {manager.py:878} INFO - 
================================================================================
DAG File Processing Stats

File Path                              PID    Runtime      # DAGs    # Errors  Last Runtime    Last Run
-------------------------------------  -----  ---------  --------  ----------  --------------  -------------------
/opt/airflow/dags/amazon_books_elt.py                           1           0  0.43s           2025-09-14T17:08:07
================================================================================
[2025-09-14T17:09:02.368+0000] {manager.py:878} INFO - 
================================================================================
DAG File Processing Stats

File Path                              PID    Runtime      # DAGs    # Errors  Last Runtime    Last Run
-------------------------------------  -----  ---------  --------  ----------  --------------  -------------------
/opt/airflow/dags/amazon_books_elt.py                           1           0  0.53s           2025-09-14T17:08:39
================================================================================
[2025-09-14T17:09:33.203+0000] {manager.py:878} INFO - 
================================================================================
DAG File Processing Stats

File Path                              PID    Runtime      # DAGs    # Errors  Last Runtime    Last Run
-------------------------------------  -----  ---------  --------  ----------  --------------  -------------------
/opt/airflow/dags/amazon_books_elt.py                           1           0  0.50s           2025-09-14T17:09:09
================================================================================
[2025-09-14T17:10:04.085+0000] {manager.py:878} INFO - 
================================================================================
DAG File Processing Stats

File Path                                PID  Runtime      # DAGs    # Errors  Last Runtime    Last Run
-------------------------------------  -----  ---------  --------  ----------  --------------  -------------------
/opt/airflow/dags/amazon_books_elt.py   2744  0.00s             1           0  0.43s           2025-09-14T17:09:40
================================================================================
[2025-09-14T17:10:35.409+0000] {manager.py:878} INFO - 
================================================================================
DAG File Processing Stats

File Path                                PID  Runtime      # DAGs    # Errors  Last Runtime    Last Run
-------------------------------------  -----  ---------  --------  ----------  --------------  -------------------
/opt/airflow/dags/amazon_books_elt.py   2764  0.00s             1           0  0.44s           2025-09-14T17:10:04
================================================================================
[2025-09-14T17:11:06.322+0000] {manager.py:878} INFO - 
================================================================================
DAG File Processing Stats

File Path                                PID  Runtime      # DAGs    # Errors  Last Runtime    Last Run
-------------------------------------  -----  ---------  --------  ----------  --------------  -------------------
/opt/airflow/dags/amazon_books_elt.py   2784  0.00s             1           0  0.47s           2025-09-14T17:10:35
================================================================================
[2025-09-14T17:11:36.217+0000] {manager.py:737} INFO - Searching for files in /opt/airflow/dags
[2025-09-14T17:11:36.218+0000] {manager.py:740} INFO - There are 1 files in /opt/airflow/dags
[2025-09-14T17:11:37.232+0000] {manager.py:878} INFO - 
================================================================================
DAG File Processing Stats

File Path                                PID  Runtime      # DAGs    # Errors  Last Runtime    Last Run
-------------------------------------  -----  ---------  --------  ----------  --------------  -------------------
/opt/airflow/dags/amazon_books_elt.py   2804  0.00s             1           0  0.44s           2025-09-14T17:11:06
================================================================================
[2025-09-14T17:12:08.574+0000] {manager.py:878} INFO - 
================================================================================
DAG File Processing Stats

File Path                                PID  Runtime      # DAGs    # Errors  Last Runtime    Last Run
-------------------------------------  -----  ---------  --------  ----------  --------------  -------------------
/opt/airflow/dags/amazon_books_elt.py   2824  0.00s             1           0  0.61s           2025-09-14T17:11:37
================================================================================
[2025-09-14T17:12:39.639+0000] {manager.py:878} INFO - 
================================================================================
DAG File Processing Stats

File Path                                PID  Runtime      # DAGs    # Errors  Last Runtime    Last Run
-------------------------------------  -----  ---------  --------  ----------  --------------  -------------------
/opt/airflow/dags/amazon_books_elt.py   2844  0.00s             1           0  0.53s           2025-09-14T17:12:09
================================================================================
[2025-09-14T17:13:10.092+0000] {manager.py:878} INFO - 
================================================================================
DAG File Processing Stats

File Path                              PID    Runtime      # DAGs    # Errors  Last Runtime    Last Run
-------------------------------------  -----  ---------  --------  ----------  --------------  -------------------
/opt/airflow/dags/amazon_books_elt.py                           1           0  0.47s           2025-09-14T17:12:40
================================================================================
[2025-09-14T17:13:41.100+0000] {manager.py:878} INFO - 
================================================================================
DAG File Processing Stats

File Path                              PID    Runtime      # DAGs    # Errors  Last Runtime    Last Run
-------------------------------------  -----  ---------  --------  ----------  --------------  -------------------
/opt/airflow/dags/amazon_books_elt.py                           1           0  1.32s           2025-09-14T17:13:11
================================================================================
[2025-09-14T17:14:12.005+0000] {manager.py:878} INFO - 
================================================================================
DAG File Processing Stats

File Path                              PID    Runtime      # DAGs    # Errors  Last Runtime    Last Run
-------------------------------------  -----  ---------  --------  ----------  --------------  -------------------
/opt/airflow/dags/amazon_books_elt.py                           1           0  0.53s           2025-09-14T17:13:42
================================================================================
[2025-09-14T17:14:42.863+0000] {manager.py:878} INFO - 
================================================================================
DAG File Processing Stats

File Path                              PID    Runtime      # DAGs    # Errors  Last Runtime    Last Run
-------------------------------------  -----  ---------  --------  ----------  --------------  -------------------
/opt/airflow/dags/amazon_books_elt.py                           1           0  0.45s           2025-09-14T17:14:13
================================================================================
[2025-09-14T17:15:14.180+0000] {manager.py:878} INFO - 
================================================================================
DAG File Processing Stats

File Path                              PID    Runtime      # DAGs    # Errors  Last Runtime    Last Run
-------------------------------------  -----  ---------  --------  ----------  --------------  -------------------
/opt/airflow/dags/amazon_books_elt.py                           1           0  0.55s           2025-09-14T17:14:44
================================================================================
[2025-09-14T17:15:45.167+0000] {manager.py:878} INFO - 
================================================================================
DAG File Processing Stats

File Path                              PID    Runtime      # DAGs    # Errors  Last Runtime    Last Run
-------------------------------------  -----  ---------  --------  ----------  --------------  -------------------
/opt/airflow/dags/amazon_books_elt.py                           1           0  0.45s           2025-09-14T17:15:15
================================================================================
[2025-09-14T17:16:16.447+0000] {manager.py:878} INFO - 
================================================================================
DAG File Processing Stats

File Path                              PID    Runtime      # DAGs    # Errors  Last Runtime    Last Run
-------------------------------------  -----  ---------  --------  ----------  --------------  -------------------
/opt/airflow/dags/amazon_books_elt.py                           1           0  0.48s           2025-09-14T17:15:46
================================================================================
[2025-09-14T17:16:36.401+0000] {manager.py:737} INFO - Searching for files in /opt/airflow/dags
[2025-09-14T17:16:36.402+0000] {manager.py:740} INFO - There are 1 files in /opt/airflow/dags
[2025-09-14T17:16:47.439+0000] {manager.py:878} INFO - 
================================================================================
DAG File Processing Stats

File Path                              PID    Runtime      # DAGs    # Errors  Last Runtime    Last Run
-------------------------------------  -----  ---------  --------  ----------  --------------  -------------------
/opt/airflow/dags/amazon_books_elt.py                           1           0  0.44s           2025-09-14T17:16:17
================================================================================
[2025-09-14T17:17:18.657+0000] {manager.py:878} INFO - 
================================================================================
DAG File Processing Stats

File Path                              PID    Runtime      # DAGs    # Errors  Last Runtime    Last Run
-------------------------------------  -----  ---------  --------  ----------  --------------  -------------------
/opt/airflow/dags/amazon_books_elt.py                           1           0  0.44s           2025-09-14T17:16:48
================================================================================
[2025-09-14T17:17:49.614+0000] {manager.py:878} INFO - 
================================================================================
DAG File Processing Stats

File Path                              PID    Runtime      # DAGs    # Errors  Last Runtime    Last Run
-------------------------------------  -----  ---------  --------  ----------  --------------  -------------------
/opt/airflow/dags/amazon_books_elt.py                           1           0  0.43s           2025-09-14T17:17:20
================================================================================
[2025-09-14T17:18:20.821+0000] {manager.py:878} INFO - 
================================================================================
DAG File Processing Stats

File Path                              PID    Runtime      # DAGs    # Errors  Last Runtime    Last Run
-------------------------------------  -----  ---------  --------  ----------  --------------  -------------------
/opt/airflow/dags/amazon_books_elt.py                           1           0  0.43s           2025-09-14T17:17:51
================================================================================
[2025-09-14T17:18:51.756+0000] {manager.py:878} INFO - 
================================================================================
DAG File Processing Stats

File Path                              PID    Runtime      # DAGs    # Errors  Last Runtime    Last Run
-------------------------------------  -----  ---------  --------  ----------  --------------  -------------------
/opt/airflow/dags/amazon_books_elt.py                           1           0  0.44s           2025-09-14T17:18:22
================================================================================
[2025-09-14T17:19:23.049+0000] {manager.py:878} INFO - 
================================================================================
DAG File Processing Stats

File Path                              PID    Runtime      # DAGs    # Errors  Last Runtime    Last Run
-------------------------------------  -----  ---------  --------  ----------  --------------  -------------------
/opt/airflow/dags/amazon_books_elt.py                           1           0  0.44s           2025-09-14T17:18:53
================================================================================
[2025-09-14T17:19:53.901+0000] {manager.py:878} INFO - 
================================================================================
DAG File Processing Stats

File Path                              PID    Runtime      # DAGs    # Errors  Last Runtime    Last Run
-------------------------------------  -----  ---------  --------  ----------  --------------  -------------------
/opt/airflow/dags/amazon_books_elt.py                           1           0  0.43s           2025-09-14T17:19:24
================================================================================
[2025-09-14T17:20:25.118+0000] {manager.py:878} INFO - 
================================================================================
DAG File Processing Stats

File Path                              PID    Runtime      # DAGs    # Errors  Last Runtime    Last Run
-------------------------------------  -----  ---------  --------  ----------  --------------  -------------------
/opt/airflow/dags/amazon_books_elt.py                           1           0  0.46s           2025-09-14T17:19:55
================================================================================
[2025-09-14T17:20:56.001+0000] {manager.py:878} INFO - 
================================================================================
DAG File Processing Stats

File Path                              PID    Runtime      # DAGs    # Errors  Last Runtime    Last Run
-------------------------------------  -----  ---------  --------  ----------  --------------  -------------------
/opt/airflow/dags/amazon_books_elt.py                           1           0  0.48s           2025-09-14T17:20:26
================================================================================
[2025-09-14T17:21:27.258+0000] {manager.py:878} INFO - 
================================================================================
DAG File Processing Stats

File Path                              PID    Runtime      # DAGs    # Errors  Last Runtime    Last Run
-------------------------------------  -----  ---------  --------  ----------  --------------  -------------------
/opt/airflow/dags/amazon_books_elt.py                           1           0  0.43s           2025-09-14T17:20:57
================================================================================
[2025-09-14T17:21:36.812+0000] {manager.py:737} INFO - Searching for files in /opt/airflow/dags
[2025-09-14T17:21:36.813+0000] {manager.py:740} INFO - There are 1 files in /opt/airflow/dags
[2025-09-14T17:21:57.354+0000] {manager.py:878} INFO - 
================================================================================
DAG File Processing Stats

File Path                              PID    Runtime      # DAGs    # Errors  Last Runtime    Last Run
-------------------------------------  -----  ---------  --------  ----------  --------------  -------------------
/opt/airflow/dags/amazon_books_elt.py                           1           0  0.52s           2025-09-14T17:21:28
================================================================================
[2025-09-14T17:22:28.195+0000] {manager.py:878} INFO - 
================================================================================
DAG File Processing Stats

File Path                              PID    Runtime      # DAGs    # Errors  Last Runtime    Last Run
-------------------------------------  -----  ---------  --------  ----------  --------------  -------------------
/opt/airflow/dags/amazon_books_elt.py                           1           0  1.27s           2025-09-14T17:22:00
================================================================================
[2025-09-14T17:22:59.059+0000] {manager.py:878} INFO - 
================================================================================
DAG File Processing Stats

File Path                              PID    Runtime      # DAGs    # Errors  Last Runtime    Last Run
-------------------------------------  -----  ---------  --------  ----------  --------------  -------------------
/opt/airflow/dags/amazon_books_elt.py                           1           0  0.54s           2025-09-14T17:22:30
================================================================================
[2025-09-14T17:23:30.401+0000] {manager.py:878} INFO - 
================================================================================
DAG File Processing Stats

File Path                              PID    Runtime      # DAGs    # Errors  Last Runtime    Last Run
-------------------------------------  -----  ---------  --------  ----------  --------------  -------------------
/opt/airflow/dags/amazon_books_elt.py                           1           0  0.53s           2025-09-14T17:23:01
================================================================================
[2025-09-14T17:24:01.233+0000] {manager.py:878} INFO - 
================================================================================
DAG File Processing Stats

File Path                              PID    Runtime      # DAGs    # Errors  Last Runtime    Last Run
-------------------------------------  -----  ---------  --------  ----------  --------------  -------------------
/opt/airflow/dags/amazon_books_elt.py                           1           0  0.46s           2025-09-14T17:23:32
================================================================================
[2025-09-14T17:24:32.068+0000] {manager.py:878} INFO - 
================================================================================
DAG File Processing Stats

File Path                              PID    Runtime      # DAGs    # Errors  Last Runtime    Last Run
-------------------------------------  -----  ---------  --------  ----------  --------------  -------------------
/opt/airflow/dags/amazon_books_elt.py                           1           0  0.45s           2025-09-14T17:24:03
================================================================================
[2025-09-14T17:25:02.897+0000] {manager.py:878} INFO - 
================================================================================
DAG File Processing Stats

File Path                              PID    Runtime      # DAGs    # Errors  Last Runtime    Last Run
-------------------------------------  -----  ---------  --------  ----------  --------------  -------------------
/opt/airflow/dags/amazon_books_elt.py                           1           0  0.44s           2025-09-14T17:24:34
================================================================================
[2025-09-14T17:25:34.144+0000] {manager.py:878} INFO - 
================================================================================
DAG File Processing Stats

File Path                              PID    Runtime      # DAGs    # Errors  Last Runtime    Last Run
-------------------------------------  -----  ---------  --------  ----------  --------------  -------------------
/opt/airflow/dags/amazon_books_elt.py                           1           0  0.45s           2025-09-14T17:25:05
================================================================================
[2025-09-14T17:26:05.044+0000] {manager.py:878} INFO - 
================================================================================
DAG File Processing Stats

File Path                              PID    Runtime      # DAGs    # Errors  Last Runtime    Last Run
-------------------------------------  -----  ---------  --------  ----------  --------------  -------------------
/opt/airflow/dags/amazon_books_elt.py                           1           0  0.54s           2025-09-14T17:25:36
================================================================================
[2025-09-14T17:26:35.872+0000] {manager.py:878} INFO - 
================================================================================
DAG File Processing Stats

File Path                              PID    Runtime      # DAGs    # Errors  Last Runtime    Last Run
-------------------------------------  -----  ---------  --------  ----------  --------------  -------------------
/opt/airflow/dags/amazon_books_elt.py                           1           0  0.50s           2025-09-14T17:26:07
================================================================================
[2025-09-14T17:26:36.876+0000] {manager.py:737} INFO - Searching for files in /opt/airflow/dags
[2025-09-14T17:26:36.877+0000] {manager.py:740} INFO - There are 2 files in /opt/airflow/dags
[2025-09-14T17:27:06.687+0000] {manager.py:878} INFO - 
================================================================================
DAG File Processing Stats

File Path                              PID    Runtime      # DAGs    # Errors  Last Runtime    Last Run
-------------------------------------  -----  ---------  --------  ----------  --------------  -------------------
/opt/airflow/dags/app.py                                        1           0  0.55s           2025-09-14T17:26:37
/opt/airflow/dags/amazon_books_elt.py                           1           0  0.48s           2025-09-14T17:26:38
================================================================================
[2025-09-14T17:27:37.487+0000] {manager.py:878} INFO - 
================================================================================
DAG File Processing Stats

File Path                              PID    Runtime      # DAGs    # Errors  Last Runtime    Last Run
-------------------------------------  -----  ---------  --------  ----------  --------------  -------------------
/opt/airflow/dags/amazon_books_elt.py                           1           0  0.49s           2025-09-14T17:27:09
/opt/airflow/dags/app.py                                        1           0  0.47s           2025-09-14T17:27:08
================================================================================
[2025-09-14T17:28:12.586+0000] {manager.py:878} INFO - 
================================================================================
DAG File Processing Stats

File Path                                PID  Runtime      # DAGs    # Errors  Last Runtime    Last Run
-------------------------------------  -----  ---------  --------  ----------  --------------  -------------------
/opt/airflow/dags/app.py                3454  0.06s             1           0  0.47s           2025-09-14T17:27:38
/opt/airflow/dags/amazon_books_elt.py   3455  0.01s             1           0  0.47s           2025-09-14T17:27:40
================================================================================
[2025-09-14T17:28:43.832+0000] {manager.py:878} INFO - 
================================================================================
DAG File Processing Stats

File Path                              PID    Runtime      # DAGs    # Errors  Last Runtime    Last Run
-------------------------------------  -----  ---------  --------  ----------  --------------  -------------------
/opt/airflow/dags/amazon_books_elt.py                           1           0  3.48s           2025-09-14T17:28:16
/opt/airflow/dags/app.py                                        1           0  1.45s           2025-09-14T17:28:42
================================================================================
[2025-09-14T17:29:14.918+0000] {manager.py:878} INFO - 
================================================================================
DAG File Processing Stats

File Path                              PID    Runtime      # DAGs    # Errors  Last Runtime    Last Run
-------------------------------------  -----  ---------  --------  ----------  --------------  -------------------
/opt/airflow/dags/amazon_books_elt.py                           1           0  0.59s           2025-09-14T17:28:47
/opt/airflow/dags/app.py                                        1           0  0.52s           2025-09-14T17:28:48
================================================================================
[2025-09-14T17:29:46.246+0000] {manager.py:878} INFO - 
================================================================================
DAG File Processing Stats

File Path                              PID    Runtime      # DAGs    # Errors  Last Runtime    Last Run
-------------------------------------  -----  ---------  --------  ----------  --------------  -------------------
/opt/airflow/dags/amazon_books_elt.py                           1           0  0.96s           2025-09-14T17:29:18
/opt/airflow/dags/app.py                                        1           0  0.79s           2025-09-14T17:29:19
================================================================================
[2025-09-14T17:30:16.664+0000] {manager.py:878} INFO - 
================================================================================
DAG File Processing Stats

File Path                              PID    Runtime      # DAGs    # Errors  Last Runtime    Last Run
-------------------------------------  -----  ---------  --------  ----------  --------------  -------------------
/opt/airflow/dags/app.py                                        1           0  0.56s           2025-09-14T17:29:50
/opt/airflow/dags/amazon_books_elt.py                           1           0  0.55s           2025-09-14T17:29:49
================================================================================
[2025-09-14T17:30:47.707+0000] {manager.py:878} INFO - 
================================================================================
DAG File Processing Stats

File Path                              PID    Runtime      # DAGs    # Errors  Last Runtime    Last Run
-------------------------------------  -----  ---------  --------  ----------  --------------  -------------------
/opt/airflow/dags/amazon_books_elt.py                           1           0  0.57s           2025-09-14T17:30:19
/opt/airflow/dags/app.py                                        1           0  0.54s           2025-09-14T17:30:28
================================================================================
[2025-09-14T17:31:18.975+0000] {manager.py:878} INFO - 
================================================================================
DAG File Processing Stats

File Path                              PID    Runtime      # DAGs    # Errors  Last Runtime    Last Run
-------------------------------------  -----  ---------  --------  ----------  --------------  -------------------
/opt/airflow/dags/amazon_books_elt.py                           1           0  0.54s           2025-09-14T17:30:50
/opt/airflow/dags/app.py                                        1           0  0.51s           2025-09-14T17:30:58
================================================================================
[2025-09-14T17:31:37.249+0000] {manager.py:737} INFO - Searching for files in /opt/airflow/dags
[2025-09-14T17:31:37.250+0000] {manager.py:740} INFO - There are 2 files in /opt/airflow/dags
[2025-09-14T17:31:49.758+0000] {manager.py:878} INFO - 
================================================================================
DAG File Processing Stats

File Path                              PID    Runtime      # DAGs    # Errors  Last Runtime    Last Run
-------------------------------------  -----  ---------  --------  ----------  --------------  -------------------
/opt/airflow/dags/amazon_books_elt.py                           1           0  0.49s           2025-09-14T17:31:21
/opt/airflow/dags/app.py                                        1           0  0.47s           2025-09-14T17:31:29
================================================================================
[2025-09-14T17:32:20.499+0000] {manager.py:878} INFO - 
================================================================================
DAG File Processing Stats

File Path                              PID    Runtime      # DAGs    # Errors  Last Runtime    Last Run
-------------------------------------  -----  ---------  --------  ----------  --------------  -------------------
/opt/airflow/dags/amazon_books_elt.py                           1           0  0.47s           2025-09-14T17:31:52
/opt/airflow/dags/app.py                                        1           0  0.45s           2025-09-14T17:32:00
================================================================================
[2025-09-14T17:32:51.328+0000] {manager.py:878} INFO - 
================================================================================
DAG File Processing Stats

File Path                              PID    Runtime      # DAGs    # Errors  Last Runtime    Last Run
-------------------------------------  -----  ---------  --------  ----------  --------------  -------------------
/opt/airflow/dags/amazon_books_elt.py                           1           0  0.47s           2025-09-14T17:32:22
/opt/airflow/dags/app.py                                        1           0  0.46s           2025-09-14T17:32:31
================================================================================
[2025-09-14T17:33:22.679+0000] {manager.py:878} INFO - 
================================================================================
DAG File Processing Stats

File Path                              PID    Runtime      # DAGs    # Errors  Last Runtime    Last Run
-------------------------------------  -----  ---------  --------  ----------  --------------  -------------------
/opt/airflow/dags/app.py                                        1           0  0.45s           2025-09-14T17:33:01
/opt/airflow/dags/amazon_books_elt.py                           1           0  0.44s           2025-09-14T17:32:53
================================================================================
[2025-09-14T17:33:53.535+0000] {manager.py:878} INFO - 
================================================================================
DAG File Processing Stats

File Path                              PID    Runtime      # DAGs    # Errors  Last Runtime    Last Run
-------------------------------------  -----  ---------  --------  ----------  --------------  -------------------
/opt/airflow/dags/amazon_books_elt.py                           1           0  0.47s           2025-09-14T17:33:25
/opt/airflow/dags/app.py                                        1           0  0.46s           2025-09-14T17:33:32
================================================================================
[2025-09-14T17:34:24.397+0000] {manager.py:878} INFO - 
================================================================================
DAG File Processing Stats

File Path                              PID    Runtime      # DAGs    # Errors  Last Runtime    Last Run
-------------------------------------  -----  ---------  --------  ----------  --------------  -------------------
/opt/airflow/dags/amazon_books_elt.py                           1           0  0.46s           2025-09-14T17:33:56
/opt/airflow/dags/app.py                                        1           0  0.45s           2025-09-14T17:34:03
================================================================================
[2025-09-14T17:34:55.291+0000] {manager.py:878} INFO - 
================================================================================
DAG File Processing Stats

File Path                              PID    Runtime      # DAGs    # Errors  Last Runtime    Last Run
-------------------------------------  -----  ---------  --------  ----------  --------------  -------------------
/opt/airflow/dags/app.py                                        1           0  0.55s           2025-09-14T17:34:34
/opt/airflow/dags/amazon_books_elt.py                           1           0  0.45s           2025-09-14T17:34:26
================================================================================
[2025-09-14T17:35:26.621+0000] {manager.py:878} INFO - 
================================================================================
DAG File Processing Stats

File Path                              PID    Runtime      # DAGs    # Errors  Last Runtime    Last Run
-------------------------------------  -----  ---------  --------  ----------  --------------  -------------------
/opt/airflow/dags/app.py                                        1           0  0.47s           2025-09-14T17:35:05
/opt/airflow/dags/amazon_books_elt.py                           1           0  0.44s           2025-09-14T17:34:57
================================================================================
[2025-09-14T17:35:57.432+0000] {manager.py:878} INFO - 
================================================================================
DAG File Processing Stats

File Path                              PID    Runtime      # DAGs    # Errors  Last Runtime    Last Run
-------------------------------------  -----  ---------  --------  ----------  --------------  -------------------
/opt/airflow/dags/app.py                                        1           0  0.45s           2025-09-14T17:35:36
/opt/airflow/dags/amazon_books_elt.py                           1           0  0.44s           2025-09-14T17:35:28
================================================================================
[2025-09-14T17:36:28.236+0000] {manager.py:878} INFO - 
================================================================================
DAG File Processing Stats

File Path                              PID    Runtime      # DAGs    # Errors  Last Runtime    Last Run
-------------------------------------  -----  ---------  --------  ----------  --------------  -------------------
/opt/airflow/dags/amazon_books_elt.py                           1           0  0.47s           2025-09-14T17:35:59
/opt/airflow/dags/app.py                                        1           0  0.43s           2025-09-14T17:36:06
================================================================================
[2025-09-14T17:36:37.550+0000] {manager.py:737} INFO - Searching for files in /opt/airflow/dags
[2025-09-14T17:36:37.552+0000] {manager.py:740} INFO - There are 2 files in /opt/airflow/dags
[2025-09-14T17:36:59.379+0000] {manager.py:878} INFO - 
================================================================================
DAG File Processing Stats

File Path                              PID    Runtime      # DAGs    # Errors  Last Runtime    Last Run
-------------------------------------  -----  ---------  --------  ----------  --------------  -------------------
/opt/airflow/dags/amazon_books_elt.py                           1           0  0.43s           2025-09-14T17:36:30
/opt/airflow/dags/app.py                                        1           0  0.43s           2025-09-14T17:36:37
================================================================================
[2025-09-14T17:37:30.686+0000] {manager.py:878} INFO - 
================================================================================
DAG File Processing Stats

File Path                              PID    Runtime      # DAGs    # Errors  Last Runtime    Last Run
-------------------------------------  -----  ---------  --------  ----------  --------------  -------------------
/opt/airflow/dags/app.py                                        1           0  0.46s           2025-09-14T17:37:08
/opt/airflow/dags/amazon_books_elt.py                           1           0  0.45s           2025-09-14T17:37:00
================================================================================
[2025-09-14T17:38:01.903+0000] {manager.py:878} INFO - 
================================================================================
DAG File Processing Stats

File Path                                PID  Runtime      # DAGs    # Errors  Last Runtime    Last Run
-------------------------------------  -----  ---------  --------  ----------  --------------  -------------------
/opt/airflow/dags/app.py                                        1           0  0.44s           2025-09-14T17:37:39
/opt/airflow/dags/amazon_books_elt.py   3927  0.00s             1           0  0.44s           2025-09-14T17:37:31
================================================================================
[2025-09-14T17:38:32.446+0000] {manager.py:878} INFO - 
================================================================================
DAG File Processing Stats

File Path                                PID  Runtime      # DAGs    # Errors  Last Runtime    Last Run
-------------------------------------  -----  ---------  --------  ----------  --------------  -------------------
/opt/airflow/dags/amazon_books_elt.py   3949  0.00s             1           0  0.45s           2025-09-14T17:38:02
/opt/airflow/dags/app.py                                        1           0  0.44s           2025-09-14T17:38:09
================================================================================
[2025-09-14T17:39:03.681+0000] {manager.py:878} INFO - 
================================================================================
DAG File Processing Stats

File Path                              PID    Runtime      # DAGs    # Errors  Last Runtime    Last Run
-------------------------------------  -----  ---------  --------  ----------  --------------  -------------------
/opt/airflow/dags/amazon_books_elt.py                           1           0  0.50s           2025-09-14T17:39:03
/opt/airflow/dags/app.py                                        1           0  0.44s           2025-09-14T17:38:41
================================================================================
[2025-09-14T17:39:34.448+0000] {manager.py:878} INFO - 
================================================================================
DAG File Processing Stats

File Path                              PID    Runtime      # DAGs    # Errors  Last Runtime    Last Run
-------------------------------------  -----  ---------  --------  ----------  --------------  -------------------
/opt/airflow/dags/app.py                                        1           0  0.48s           2025-09-14T17:39:11
/opt/airflow/dags/amazon_books_elt.py                           1           0  0.43s           2025-09-14T17:39:34
================================================================================
[2025-09-14T17:40:05.316+0000] {manager.py:878} INFO - 
================================================================================
DAG File Processing Stats

File Path                              PID    Runtime      # DAGs    # Errors  Last Runtime    Last Run
-------------------------------------  -----  ---------  --------  ----------  --------------  -------------------
/opt/airflow/dags/amazon_books_elt.py                           1           0  0.49s           2025-09-14T17:40:05
/opt/airflow/dags/app.py                                        1           0  0.44s           2025-09-14T17:39:42
================================================================================
[2025-09-14T17:40:36.111+0000] {manager.py:878} INFO - 
================================================================================
DAG File Processing Stats

File Path                                PID  Runtime      # DAGs    # Errors  Last Runtime    Last Run
-------------------------------------  -----  ---------  --------  ----------  --------------  -------------------
/opt/airflow/dags/amazon_books_elt.py   4037  0.43s             1           0  0.49s           2025-09-14T17:40:05
/opt/airflow/dags/app.py                                        1           0  0.43s           2025-09-14T17:40:14
================================================================================
[2025-09-14T17:41:07.426+0000] {manager.py:878} INFO - 
================================================================================
DAG File Processing Stats

File Path                              PID    Runtime      # DAGs    # Errors  Last Runtime    Last Run
-------------------------------------  -----  ---------  --------  ----------  --------------  -------------------
/opt/airflow/dags/app.py                                        1           0  0.45s           2025-09-14T17:40:44
/opt/airflow/dags/amazon_books_elt.py                           1           0  0.44s           2025-09-14T17:41:06
================================================================================
[2025-09-14T17:41:37.630+0000] {manager.py:737} INFO - Searching for files in /opt/airflow/dags
[2025-09-14T17:41:37.631+0000] {manager.py:740} INFO - There are 2 files in /opt/airflow/dags
[2025-09-14T17:41:38.639+0000] {manager.py:878} INFO - 
================================================================================
DAG File Processing Stats

File Path                              PID    Runtime      # DAGs    # Errors  Last Runtime    Last Run
-------------------------------------  -----  ---------  --------  ----------  --------------  -------------------
/opt/airflow/dags/app.py                                        1           0  0.45s           2025-09-14T17:41:15
/opt/airflow/dags/amazon_books_elt.py                           1           0  0.45s           2025-09-14T17:41:37
================================================================================
[2025-09-14T17:42:09.411+0000] {manager.py:878} INFO - 
================================================================================
DAG File Processing Stats

File Path                              PID    Runtime      # DAGs    # Errors  Last Runtime    Last Run
-------------------------------------  -----  ---------  --------  ----------  --------------  -------------------
/opt/airflow/dags/app.py                                        1           0  0.46s           2025-09-14T17:41:46
/opt/airflow/dags/amazon_books_elt.py                           1           0  0.45s           2025-09-14T17:42:08
================================================================================
[2025-09-14T17:42:40.251+0000] {manager.py:878} INFO - 
================================================================================
DAG File Processing Stats

File Path                              PID    Runtime      # DAGs    # Errors  Last Runtime    Last Run
-------------------------------------  -----  ---------  --------  ----------  --------------  -------------------
/opt/airflow/dags/app.py                                        1           0  0.53s           2025-09-14T17:42:16
/opt/airflow/dags/amazon_books_elt.py                           1           0  0.45s           2025-09-14T17:42:39
================================================================================
[2025-09-14T17:43:11.037+0000] {manager.py:878} INFO - 
================================================================================
DAG File Processing Stats

File Path                              PID    Runtime      # DAGs    # Errors  Last Runtime    Last Run
-------------------------------------  -----  ---------  --------  ----------  --------------  -------------------
/opt/airflow/dags/app.py                                        1           0  0.47s           2025-09-14T17:42:47
/opt/airflow/dags/amazon_books_elt.py                           1           0  0.46s           2025-09-14T17:43:10
================================================================================
[2025-09-14T17:43:42.347+0000] {manager.py:878} INFO - 
================================================================================
DAG File Processing Stats

File Path                              PID    Runtime      # DAGs    # Errors  Last Runtime    Last Run
-------------------------------------  -----  ---------  --------  ----------  --------------  -------------------
/opt/airflow/dags/app.py                                        1           0  0.44s           2025-09-14T17:43:18
/opt/airflow/dags/amazon_books_elt.py                           1           0  0.44s           2025-09-14T17:43:40
================================================================================
[2025-09-14T17:44:13.651+0000] {manager.py:878} INFO - 
================================================================================
DAG File Processing Stats

File Path                              PID    Runtime      # DAGs    # Errors  Last Runtime    Last Run
-------------------------------------  -----  ---------  --------  ----------  --------------  -------------------
/opt/airflow/dags/app.py                                        1           0  0.56s           2025-09-14T17:43:49
/opt/airflow/dags/amazon_books_elt.py                           1           0  0.45s           2025-09-14T17:44:11
================================================================================
[2025-09-14T17:44:44.427+0000] {manager.py:878} INFO - 
================================================================================
DAG File Processing Stats

File Path                              PID    Runtime      # DAGs    # Errors  Last Runtime    Last Run
-------------------------------------  -----  ---------  --------  ----------  --------------  -------------------
/opt/airflow/dags/amazon_books_elt.py                           1           0  0.46s           2025-09-14T17:44:42
/opt/airflow/dags/app.py                                        1           0  0.45s           2025-09-14T17:44:20
================================================================================
[2025-09-14T17:45:15.741+0000] {manager.py:878} INFO - 
================================================================================
DAG File Processing Stats

File Path                              PID    Runtime      # DAGs    # Errors  Last Runtime    Last Run
-------------------------------------  -----  ---------  --------  ----------  --------------  -------------------
/opt/airflow/dags/app.py                                        1           0  0.45s           2025-09-14T17:44:50
/opt/airflow/dags/amazon_books_elt.py                           1           0  0.45s           2025-09-14T17:45:13
================================================================================
[2025-09-14T17:45:46.953+0000] {manager.py:878} INFO - 
================================================================================
DAG File Processing Stats

File Path                              PID    Runtime      # DAGs    # Errors  Last Runtime    Last Run
-------------------------------------  -----  ---------  --------  ----------  --------------  -------------------
/opt/airflow/dags/app.py                                        1           0  0.45s           2025-09-14T17:45:21
/opt/airflow/dags/amazon_books_elt.py                           1           0  0.45s           2025-09-14T17:45:43
================================================================================
[2025-09-14T17:46:17.815+0000] {manager.py:878} INFO - 
================================================================================
DAG File Processing Stats

File Path                              PID    Runtime      # DAGs    # Errors  Last Runtime    Last Run
-------------------------------------  -----  ---------  --------  ----------  --------------  -------------------
/opt/airflow/dags/app.py                                        1           0  0.45s           2025-09-14T17:45:52
/opt/airflow/dags/amazon_books_elt.py                           1           0  0.44s           2025-09-14T17:46:14
================================================================================
[2025-09-14T17:46:38.327+0000] {manager.py:737} INFO - Searching for files in /opt/airflow/dags
[2025-09-14T17:46:38.328+0000] {manager.py:740} INFO - There are 2 files in /opt/airflow/dags
[2025-09-14T17:46:48.381+0000] {manager.py:878} INFO - 
================================================================================
DAG File Processing Stats

File Path                              PID    Runtime      # DAGs    # Errors  Last Runtime    Last Run
-------------------------------------  -----  ---------  --------  ----------  --------------  -------------------
/opt/airflow/dags/app.py                                        1           0  0.44s           2025-09-14T17:46:23
/opt/airflow/dags/amazon_books_elt.py                           1           0  0.44s           2025-09-14T17:46:45
================================================================================
[2025-09-14T17:47:19.516+0000] {manager.py:878} INFO - 
================================================================================
DAG File Processing Stats

File Path                              PID    Runtime      # DAGs    # Errors  Last Runtime    Last Run
-------------------------------------  -----  ---------  --------  ----------  --------------  -------------------
/opt/airflow/dags/amazon_books_elt.py                           1           0  0.43s           2025-09-14T17:47:16
/opt/airflow/dags/app.py                                        1           0  0.43s           2025-09-14T17:46:53
================================================================================
[2025-09-14T17:47:50.811+0000] {manager.py:878} INFO - 
================================================================================
DAG File Processing Stats

File Path                              PID    Runtime      # DAGs    # Errors  Last Runtime    Last Run
-------------------------------------  -----  ---------  --------  ----------  --------------  -------------------
/opt/airflow/dags/app.py                                        1           0  0.45s           2025-09-14T17:47:24
/opt/airflow/dags/amazon_books_elt.py                           1           0  0.43s           2025-09-14T17:47:47
================================================================================
[2025-09-14T17:48:21.705+0000] {manager.py:878} INFO - 
================================================================================
DAG File Processing Stats

File Path                              PID    Runtime      # DAGs    # Errors  Last Runtime    Last Run
-------------------------------------  -----  ---------  --------  ----------  --------------  -------------------
/opt/airflow/dags/amazon_books_elt.py                           1           0  0.53s           2025-09-14T17:48:18
/opt/airflow/dags/app.py                                        1           0  0.44s           2025-09-14T17:47:56
================================================================================
[2025-09-14T17:48:52.477+0000] {manager.py:878} INFO - 
================================================================================
DAG File Processing Stats

File Path                              PID    Runtime      # DAGs    # Errors  Last Runtime    Last Run
-------------------------------------  -----  ---------  --------  ----------  --------------  -------------------
/opt/airflow/dags/amazon_books_elt.py                           1           0  0.46s           2025-09-14T17:48:49
/opt/airflow/dags/app.py                                        1           0  0.44s           2025-09-14T17:48:26
================================================================================
[2025-09-14T17:49:23.813+0000] {manager.py:878} INFO - 
================================================================================
DAG File Processing Stats

File Path                              PID    Runtime      # DAGs    # Errors  Last Runtime    Last Run
-------------------------------------  -----  ---------  --------  ----------  --------------  -------------------
/opt/airflow/dags/app.py                                        1           0  0.44s           2025-09-14T17:48:57
/opt/airflow/dags/amazon_books_elt.py                           1           0  0.44s           2025-09-14T17:49:20
================================================================================
[2025-09-14T17:49:54.993+0000] {manager.py:878} INFO - 
================================================================================
DAG File Processing Stats

File Path                              PID    Runtime      # DAGs    # Errors  Last Runtime    Last Run
-------------------------------------  -----  ---------  --------  ----------  --------------  -------------------
/opt/airflow/dags/app.py                                        1           0  0.44s           2025-09-14T17:49:28
/opt/airflow/dags/amazon_books_elt.py                           1           0  0.44s           2025-09-14T17:49:50
================================================================================
[2025-09-14T17:50:26.328+0000] {manager.py:878} INFO - 
================================================================================
DAG File Processing Stats

File Path                              PID    Runtime      # DAGs    # Errors  Last Runtime    Last Run
-------------------------------------  -----  ---------  --------  ----------  --------------  -------------------
/opt/airflow/dags/app.py                                        1           0  0.47s           2025-09-14T17:49:59
/opt/airflow/dags/amazon_books_elt.py                           1           0  0.43s           2025-09-14T17:50:21
================================================================================
[2025-09-14T17:50:57.492+0000] {manager.py:878} INFO - 
================================================================================
DAG File Processing Stats

File Path                              PID    Runtime      # DAGs    # Errors  Last Runtime    Last Run
-------------------------------------  -----  ---------  --------  ----------  --------------  -------------------
/opt/airflow/dags/amazon_books_elt.py                           1           0  0.43s           2025-09-14T17:50:52
/opt/airflow/dags/app.py                                        1           0  0.43s           2025-09-14T17:50:30
================================================================================
[2025-09-14T17:51:28.775+0000] {manager.py:878} INFO - 
================================================================================
DAG File Processing Stats

File Path                              PID    Runtime      # DAGs    # Errors  Last Runtime    Last Run
-------------------------------------  -----  ---------  --------  ----------  --------------  -------------------
/opt/airflow/dags/app.py                                        1           0  0.45s           2025-09-14T17:51:00
/opt/airflow/dags/amazon_books_elt.py                           1           0  0.43s           2025-09-14T17:51:23
================================================================================
[2025-09-14T17:51:38.663+0000] {manager.py:737} INFO - Searching for files in /opt/airflow/dags
[2025-09-14T17:51:38.664+0000] {manager.py:740} INFO - There are 2 files in /opt/airflow/dags
[2025-09-14T17:51:59.933+0000] {manager.py:878} INFO - 
================================================================================
DAG File Processing Stats

File Path                              PID    Runtime      # DAGs    # Errors  Last Runtime    Last Run
-------------------------------------  -----  ---------  --------  ----------  --------------  -------------------
/opt/airflow/dags/amazon_books_elt.py                           1           0  0.45s           2025-09-14T17:51:53
/opt/airflow/dags/app.py                                        1           0  0.43s           2025-09-14T17:51:31
================================================================================
[2025-09-14T17:52:30.799+0000] {manager.py:878} INFO - 
================================================================================
DAG File Processing Stats

File Path                              PID    Runtime      # DAGs    # Errors  Last Runtime    Last Run
-------------------------------------  -----  ---------  --------  ----------  --------------  -------------------
/opt/airflow/dags/amazon_books_elt.py                           1           0  0.53s           2025-09-14T17:52:24
/opt/airflow/dags/app.py                                        1           0  0.44s           2025-09-14T17:52:02
================================================================================
[2025-09-14T17:53:02.088+0000] {manager.py:878} INFO - 
================================================================================
DAG File Processing Stats

File Path                              PID    Runtime      # DAGs    # Errors  Last Runtime    Last Run
-------------------------------------  -----  ---------  --------  ----------  --------------  -------------------
/opt/airflow/dags/amazon_books_elt.py                           1           0  0.46s           2025-09-14T17:52:55
/opt/airflow/dags/app.py                                        1           0  0.43s           2025-09-14T17:52:33
================================================================================
[2025-09-14T17:53:33.286+0000] {manager.py:878} INFO - 
================================================================================
DAG File Processing Stats

File Path                              PID    Runtime      # DAGs    # Errors  Last Runtime    Last Run
-------------------------------------  -----  ---------  --------  ----------  --------------  -------------------
/opt/airflow/dags/amazon_books_elt.py                           1           0  0.46s           2025-09-14T17:53:26
/opt/airflow/dags/app.py                                        1           0  0.42s           2025-09-14T17:53:03
================================================================================
[2025-09-14T17:54:04.170+0000] {manager.py:878} INFO - 
================================================================================
DAG File Processing Stats

File Path                              PID    Runtime      # DAGs    # Errors  Last Runtime    Last Run
-------------------------------------  -----  ---------  --------  ----------  --------------  -------------------
/opt/airflow/dags/app.py                                        1           0  0.46s           2025-09-14T17:53:34
/opt/airflow/dags/amazon_books_elt.py                           1           0  0.44s           2025-09-14T17:53:56
================================================================================
[2025-09-14T17:54:35.486+0000] {manager.py:878} INFO - 
================================================================================
DAG File Processing Stats

File Path                              PID    Runtime      # DAGs    # Errors  Last Runtime    Last Run
-------------------------------------  -----  ---------  --------  ----------  --------------  -------------------
/opt/airflow/dags/app.py                                        1           0  0.46s           2025-09-14T17:54:05
/opt/airflow/dags/amazon_books_elt.py                           1           0  0.45s           2025-09-14T17:54:28
================================================================================
[2025-09-14T17:55:06.696+0000] {manager.py:878} INFO - 
================================================================================
DAG File Processing Stats

File Path                                PID  Runtime      # DAGs    # Errors  Last Runtime    Last Run
-------------------------------------  -----  ---------  --------  ----------  --------------  -------------------
/opt/airflow/dags/amazon_books_elt.py                           1           0  0.44s           2025-09-14T17:54:58
/opt/airflow/dags/app.py                4661  0.00s             1           0  0.43s           2025-09-14T17:54:36
================================================================================
[2025-09-14T17:55:38.048+0000] {manager.py:878} INFO - 
================================================================================
DAG File Processing Stats

File Path                                PID  Runtime      # DAGs    # Errors  Last Runtime    Last Run
-------------------------------------  -----  ---------  --------  ----------  --------------  -------------------
/opt/airflow/dags/amazon_books_elt.py                           1           0  0.45s           2025-09-14T17:55:29
/opt/airflow/dags/app.py                4683  0.00s             1           0  0.45s           2025-09-14T17:55:07
================================================================================
[2025-09-14T17:56:08.609+0000] {manager.py:878} INFO - 
================================================================================
DAG File Processing Stats

File Path                                PID  Runtime      # DAGs    # Errors  Last Runtime    Last Run
-------------------------------------  -----  ---------  --------  ----------  --------------  -------------------
/opt/airflow/dags/app.py                4705  0.00s             1           0  0.45s           2025-09-14T17:55:38
/opt/airflow/dags/amazon_books_elt.py                           1           0  0.42s           2025-09-14T17:56:00
================================================================================
[2025-09-14T17:56:39.069+0000] {manager.py:737} INFO - Searching for files in /opt/airflow/dags
[2025-09-14T17:56:39.070+0000] {manager.py:740} INFO - There are 2 files in /opt/airflow/dags
[2025-09-14T17:56:39.537+0000] {manager.py:878} INFO - 
================================================================================
DAG File Processing Stats

File Path                                PID  Runtime      # DAGs    # Errors  Last Runtime    Last Run
-------------------------------------  -----  ---------  --------  ----------  --------------  -------------------
/opt/airflow/dags/app.py                4727  0.00s             1           0  0.49s           2025-09-14T17:56:09
/opt/airflow/dags/amazon_books_elt.py                           1           0  0.47s           2025-09-14T17:56:31
================================================================================
[2025-09-14T17:57:10.402+0000] {manager.py:878} INFO - 
================================================================================
DAG File Processing Stats

File Path                                PID  Runtime      # DAGs    # Errors  Last Runtime    Last Run
-------------------------------------  -----  ---------  --------  ----------  --------------  -------------------
/opt/airflow/dags/app.py                4749  0.00s             1           0  0.48s           2025-09-14T17:56:40
/opt/airflow/dags/amazon_books_elt.py                           1           0  0.46s           2025-09-14T17:57:02
================================================================================
[2025-09-14T17:57:41.314+0000] {manager.py:878} INFO - 
================================================================================
DAG File Processing Stats

File Path                                PID  Runtime      # DAGs    # Errors  Last Runtime    Last Run
-------------------------------------  -----  ---------  --------  ----------  --------------  -------------------
/opt/airflow/dags/amazon_books_elt.py                           1           0  0.45s           2025-09-14T17:57:33
/opt/airflow/dags/app.py                4771  0.00s             1           0  0.44s           2025-09-14T17:57:10
================================================================================
[2025-09-14T17:58:12.517+0000] {manager.py:878} INFO - 
================================================================================
DAG File Processing Stats

File Path                                PID  Runtime      # DAGs    # Errors  Last Runtime    Last Run
-------------------------------------  -----  ---------  --------  ----------  --------------  -------------------
/opt/airflow/dags/amazon_books_elt.py                           1           0  0.31s           2025-09-14T17:58:03
/opt/airflow/dags/app.py                4793  0.00s             1           0  0.31s           2025-09-14T17:57:41
================================================================================
[2025-09-14T17:58:43.408+0000] {manager.py:878} INFO - 
================================================================================
DAG File Processing Stats

File Path                              PID    Runtime      # DAGs    # Errors  Last Runtime    Last Run
-------------------------------------  -----  ---------  --------  ----------  --------------  -------------------
/opt/airflow/dags/app.py                                        1           0  0.34s           2025-09-14T17:58:43
/opt/airflow/dags/amazon_books_elt.py                           1           0  0.32s           2025-09-14T17:58:34
================================================================================
[2025-09-14T17:59:14.642+0000] {manager.py:878} INFO - 
================================================================================
DAG File Processing Stats

File Path                              PID    Runtime      # DAGs    # Errors  Last Runtime    Last Run
-------------------------------------  -----  ---------  --------  ----------  --------------  -------------------
/opt/airflow/dags/app.py                                        1           0  0.32s           2025-09-14T17:59:13
/opt/airflow/dags/amazon_books_elt.py                           1           0  0.32s           2025-09-14T17:59:04
================================================================================
[2025-09-14T17:59:45.519+0000] {manager.py:878} INFO - 
================================================================================
DAG File Processing Stats

File Path                              PID    Runtime      # DAGs    # Errors  Last Runtime    Last Run
-------------------------------------  -----  ---------  --------  ----------  --------------  -------------------
/opt/airflow/dags/app.py                                        1           0  0.33s           2025-09-14T17:59:44
/opt/airflow/dags/amazon_books_elt.py                           1           0  0.32s           2025-09-14T17:59:35
================================================================================
[2025-09-14T18:00:16.760+0000] {manager.py:878} INFO - 
================================================================================
DAG File Processing Stats

File Path                              PID    Runtime      # DAGs    # Errors  Last Runtime    Last Run
-------------------------------------  -----  ---------  --------  ----------  --------------  -------------------
/opt/airflow/dags/amazon_books_elt.py                           1           0  0.33s           2025-09-14T18:00:05
/opt/airflow/dags/app.py                                        1           0  0.31s           2025-09-14T18:00:15
================================================================================
[2025-09-14T18:00:47.597+0000] {manager.py:878} INFO - 
================================================================================
DAG File Processing Stats

File Path                              PID    Runtime      # DAGs    # Errors  Last Runtime    Last Run
-------------------------------------  -----  ---------  --------  ----------  --------------  -------------------
/opt/airflow/dags/amazon_books_elt.py                           1           0  0.31s           2025-09-14T18:00:36
/opt/airflow/dags/app.py                                        1           0  0.31s           2025-09-14T18:00:45
================================================================================
[2025-09-14T18:01:18.522+0000] {manager.py:878} INFO - 
================================================================================
DAG File Processing Stats

File Path                              PID    Runtime      # DAGs    # Errors  Last Runtime    Last Run
-------------------------------------  -----  ---------  --------  ----------  --------------  -------------------
/opt/airflow/dags/amazon_books_elt.py                           1           0  0.32s           2025-09-14T18:01:06
/opt/airflow/dags/app.py                                        1           0  0.31s           2025-09-14T18:01:16
================================================================================
[2025-09-14T18:01:39.208+0000] {manager.py:737} INFO - Searching for files in /opt/airflow/dags
[2025-09-14T18:01:39.209+0000] {manager.py:740} INFO - There are 2 files in /opt/airflow/dags
[2025-09-14T18:01:49.377+0000] {manager.py:878} INFO - 
================================================================================
DAG File Processing Stats

File Path                              PID    Runtime      # DAGs    # Errors  Last Runtime    Last Run
-------------------------------------  -----  ---------  --------  ----------  --------------  -------------------
/opt/airflow/dags/amazon_books_elt.py                           1           0  0.31s           2025-09-14T18:01:37
/opt/airflow/dags/app.py                                        1           0  0.31s           2025-09-14T18:01:47
================================================================================
[2025-09-14T18:02:20.609+0000] {manager.py:878} INFO - 
================================================================================
DAG File Processing Stats

File Path                              PID    Runtime      # DAGs    # Errors  Last Runtime    Last Run
-------------------------------------  -----  ---------  --------  ----------  --------------  -------------------
/opt/airflow/dags/app.py                                        1           0  0.32s           2025-09-14T18:02:17
/opt/airflow/dags/amazon_books_elt.py                           1           0  0.32s           2025-09-14T18:02:07
================================================================================
[2025-09-14T18:02:51.476+0000] {manager.py:878} INFO - 
================================================================================
DAG File Processing Stats

File Path                              PID    Runtime      # DAGs    # Errors  Last Runtime    Last Run
-------------------------------------  -----  ---------  --------  ----------  --------------  -------------------
/opt/airflow/dags/app.py                                        1           0  0.33s           2025-09-14T18:02:48
/opt/airflow/dags/amazon_books_elt.py                           1           0  0.31s           2025-09-14T18:02:38
================================================================================
[2025-09-14T18:03:22.717+0000] {manager.py:878} INFO - 
================================================================================
DAG File Processing Stats

File Path                              PID    Runtime      # DAGs    # Errors  Last Runtime    Last Run
-------------------------------------  -----  ---------  --------  ----------  --------------  -------------------
/opt/airflow/dags/app.py                                        1           0  0.32s           2025-09-14T18:03:18
/opt/airflow/dags/amazon_books_elt.py                           1           0  0.31s           2025-09-14T18:03:08
================================================================================
[2025-09-14T18:03:53.882+0000] {manager.py:878} INFO - 
================================================================================
DAG File Processing Stats

File Path                              PID    Runtime      # DAGs    # Errors  Last Runtime    Last Run
-------------------------------------  -----  ---------  --------  ----------  --------------  -------------------
/opt/airflow/dags/app.py                                        1           0  0.32s           2025-09-14T18:03:49
/opt/airflow/dags/amazon_books_elt.py                           1           0  0.31s           2025-09-14T18:03:40
================================================================================
[2025-09-14T18:04:23.931+0000] {manager.py:878} INFO - 
================================================================================
DAG File Processing Stats

File Path                              PID    Runtime      # DAGs    # Errors  Last Runtime    Last Run
-------------------------------------  -----  ---------  --------  ----------  --------------  -------------------
/opt/airflow/dags/app.py                                        1           0  0.33s           2025-09-14T18:04:19
/opt/airflow/dags/amazon_books_elt.py                           1           0  0.31s           2025-09-14T18:04:10
================================================================================
[2025-09-14T18:04:55.249+0000] {manager.py:878} INFO - 
================================================================================
DAG File Processing Stats

File Path                              PID    Runtime      # DAGs    # Errors  Last Runtime    Last Run
-------------------------------------  -----  ---------  --------  ----------  --------------  -------------------
/opt/airflow/dags/amazon_books_elt.py                           1           0  0.39s           2025-09-14T18:04:41
/opt/airflow/dags/app.py                                        1           0  0.31s           2025-09-14T18:04:50
================================================================================
[2025-09-14T18:05:26.129+0000] {manager.py:878} INFO - 
================================================================================
DAG File Processing Stats

File Path                              PID    Runtime      # DAGs    # Errors  Last Runtime    Last Run
-------------------------------------  -----  ---------  --------  ----------  --------------  -------------------
/opt/airflow/dags/app.py                                        1           0  0.34s           2025-09-14T18:05:21
/opt/airflow/dags/amazon_books_elt.py                           1           0  0.32s           2025-09-14T18:05:11
================================================================================
[2025-09-14T18:05:57.353+0000] {manager.py:878} INFO - 
================================================================================
DAG File Processing Stats

File Path                              PID    Runtime      # DAGs    # Errors  Last Runtime    Last Run
-------------------------------------  -----  ---------  --------  ----------  --------------  -------------------
/opt/airflow/dags/amazon_books_elt.py                           1           0  0.32s           2025-09-14T18:05:42
/opt/airflow/dags/app.py                                        1           0  0.31s           2025-09-14T18:05:51
================================================================================
[2025-09-14T18:06:28.229+0000] {manager.py:878} INFO - 
================================================================================
DAG File Processing Stats

File Path                              PID    Runtime      # DAGs    # Errors  Last Runtime    Last Run
-------------------------------------  -----  ---------  --------  ----------  --------------  -------------------
/opt/airflow/dags/amazon_books_elt.py                           1           0  0.33s           2025-09-14T18:06:12
/opt/airflow/dags/app.py                                        1           0  0.32s           2025-09-14T18:06:22
================================================================================
[2025-09-14T18:06:39.756+0000] {manager.py:737} INFO - Searching for files in /opt/airflow/dags
[2025-09-14T18:06:39.757+0000] {manager.py:740} INFO - There are 2 files in /opt/airflow/dags
[2025-09-14T18:06:59.458+0000] {manager.py:878} INFO - 
================================================================================
DAG File Processing Stats

File Path                              PID    Runtime      # DAGs    # Errors  Last Runtime    Last Run
-------------------------------------  -----  ---------  --------  ----------  --------------  -------------------
/opt/airflow/dags/app.py                                        1           0  0.32s           2025-09-14T18:06:52
/opt/airflow/dags/amazon_books_elt.py                           1           0  0.32s           2025-09-14T18:06:43
================================================================================
[2025-09-14T18:07:30.381+0000] {manager.py:878} INFO - 
================================================================================
DAG File Processing Stats

File Path                              PID    Runtime      # DAGs    # Errors  Last Runtime    Last Run
-------------------------------------  -----  ---------  --------  ----------  --------------  -------------------
/opt/airflow/dags/app.py                                        1           0  0.37s           2025-09-14T18:07:23
/opt/airflow/dags/amazon_books_elt.py                           1           0  0.32s           2025-09-14T18:07:13
================================================================================
[2025-09-14T18:08:01.232+0000] {manager.py:878} INFO - 
================================================================================
DAG File Processing Stats

File Path                              PID    Runtime      # DAGs    # Errors  Last Runtime    Last Run
-------------------------------------  -----  ---------  --------  ----------  --------------  -------------------
/opt/airflow/dags/amazon_books_elt.py                           1           0  1.14s           2025-09-14T18:07:45
/opt/airflow/dags/app.py                                        1           0  0.32s           2025-09-14T18:07:54
================================================================================
[2025-09-14T18:08:32.460+0000] {manager.py:878} INFO - 
================================================================================
DAG File Processing Stats

File Path                              PID    Runtime      # DAGs    # Errors  Last Runtime    Last Run
-------------------------------------  -----  ---------  --------  ----------  --------------  -------------------
/opt/airflow/dags/app.py                                        1           0  0.32s           2025-09-14T18:08:24
/opt/airflow/dags/amazon_books_elt.py                           1           0  0.32s           2025-09-14T18:08:15
================================================================================
[2025-09-14T18:09:03.338+0000] {manager.py:878} INFO - 
================================================================================
DAG File Processing Stats

File Path                              PID    Runtime      # DAGs    # Errors  Last Runtime    Last Run
-------------------------------------  -----  ---------  --------  ----------  --------------  -------------------
/opt/airflow/dags/amazon_books_elt.py                           1           0  0.33s           2025-09-14T18:08:46
/opt/airflow/dags/app.py                                        1           0  0.32s           2025-09-14T18:08:55
================================================================================
[2025-09-14T18:09:34.573+0000] {manager.py:878} INFO - 
================================================================================
DAG File Processing Stats

File Path                              PID    Runtime      # DAGs    # Errors  Last Runtime    Last Run
-------------------------------------  -----  ---------  --------  ----------  --------------  -------------------
/opt/airflow/dags/app.py                                        1           0  0.34s           2025-09-14T18:09:25
/opt/airflow/dags/amazon_books_elt.py                           1           0  0.31s           2025-09-14T18:09:16
================================================================================
[2025-09-14T18:10:05.779+0000] {manager.py:878} INFO - 
================================================================================
DAG File Processing Stats

File Path                              PID    Runtime      # DAGs    # Errors  Last Runtime    Last Run
-------------------------------------  -----  ---------  --------  ----------  --------------  -------------------
/opt/airflow/dags/amazon_books_elt.py                           1           0  0.35s           2025-09-14T18:09:47
/opt/airflow/dags/app.py                                        1           0  0.32s           2025-09-14T18:09:56
================================================================================
[2025-09-14T18:10:36.986+0000] {manager.py:878} INFO - 
================================================================================
DAG File Processing Stats

File Path                              PID    Runtime      # DAGs    # Errors  Last Runtime    Last Run
-------------------------------------  -----  ---------  --------  ----------  --------------  -------------------
/opt/airflow/dags/app.py                                        1           0  0.32s           2025-09-14T18:10:27
/opt/airflow/dags/amazon_books_elt.py                           1           0  0.31s           2025-09-14T18:10:18
================================================================================
[2025-09-14T18:11:08.207+0000] {manager.py:878} INFO - 
================================================================================
DAG File Processing Stats

File Path                              PID    Runtime      # DAGs    # Errors  Last Runtime    Last Run
-------------------------------------  -----  ---------  --------  ----------  --------------  -------------------
/opt/airflow/dags/app.py                                        1           0  0.35s           2025-09-14T18:10:57
/opt/airflow/dags/amazon_books_elt.py                           1           0  0.33s           2025-09-14T18:10:49
================================================================================
[2025-09-14T18:11:39.130+0000] {manager.py:878} INFO - 
================================================================================
DAG File Processing Stats

File Path                              PID    Runtime      # DAGs    # Errors  Last Runtime    Last Run
-------------------------------------  -----  ---------  --------  ----------  --------------  -------------------
/opt/airflow/dags/app.py                                        1           0  0.42s           2025-09-14T18:11:28
/opt/airflow/dags/amazon_books_elt.py                           1           0  0.32s           2025-09-14T18:11:19
================================================================================
[2025-09-14T18:11:40.134+0000] {manager.py:737} INFO - Searching for files in /opt/airflow/dags
[2025-09-14T18:11:40.135+0000] {manager.py:740} INFO - There are 2 files in /opt/airflow/dags
[2025-09-14T18:12:10.356+0000] {manager.py:878} INFO - 
================================================================================
DAG File Processing Stats

File Path                              PID    Runtime      # DAGs    # Errors  Last Runtime    Last Run
-------------------------------------  -----  ---------  --------  ----------  --------------  -------------------
/opt/airflow/dags/app.py                                        1           0  0.33s           2025-09-14T18:11:58
/opt/airflow/dags/amazon_books_elt.py                           1           0  0.31s           2025-09-14T18:11:50
================================================================================
[2025-09-14T18:12:40.393+0000] {manager.py:878} INFO - 
================================================================================
DAG File Processing Stats

File Path                              PID    Runtime      # DAGs    # Errors  Last Runtime    Last Run
-------------------------------------  -----  ---------  --------  ----------  --------------  -------------------
/opt/airflow/dags/app.py                                        1           0  0.32s           2025-09-14T18:12:29
/opt/airflow/dags/amazon_books_elt.py                           1           0  0.31s           2025-09-14T18:12:21
================================================================================
[2025-09-14T18:13:11.555+0000] {manager.py:878} INFO - 
================================================================================
DAG File Processing Stats

File Path                              PID    Runtime      # DAGs    # Errors  Last Runtime    Last Run
-------------------------------------  -----  ---------  --------  ----------  --------------  -------------------
/opt/airflow/dags/app.py                                        1           0  0.35s           2025-09-14T18:12:59
/opt/airflow/dags/amazon_books_elt.py                           1           0  0.31s           2025-09-14T18:12:51
================================================================================
[2025-09-14T18:13:42.426+0000] {manager.py:878} INFO - 
================================================================================
DAG File Processing Stats

File Path                              PID    Runtime      # DAGs    # Errors  Last Runtime    Last Run
-------------------------------------  -----  ---------  --------  ----------  --------------  -------------------
/opt/airflow/dags/amazon_books_elt.py                           1           0  0.32s           2025-09-14T18:13:22
/opt/airflow/dags/app.py                                        1           0  0.31s           2025-09-14T18:13:30
================================================================================
[2025-09-14T18:14:13.677+0000] {manager.py:878} INFO - 
================================================================================
DAG File Processing Stats

File Path                              PID    Runtime      # DAGs    # Errors  Last Runtime    Last Run
-------------------------------------  -----  ---------  --------  ----------  --------------  -------------------
/opt/airflow/dags/amazon_books_elt.py                           1           0  0.32s           2025-09-14T18:13:52
/opt/airflow/dags/app.py                                        1           0  0.31s           2025-09-14T18:14:00
================================================================================
[2025-09-14T18:14:44.524+0000] {manager.py:878} INFO - 
================================================================================
DAG File Processing Stats

File Path                              PID    Runtime      # DAGs    # Errors  Last Runtime    Last Run
-------------------------------------  -----  ---------  --------  ----------  --------------  -------------------
/opt/airflow/dags/amazon_books_elt.py                           1           0  0.33s           2025-09-14T18:14:23
/opt/airflow/dags/app.py                                        1           0  0.30s           2025-09-14T18:14:31
================================================================================
[2025-09-14T18:15:15.427+0000] {manager.py:878} INFO - 
================================================================================
DAG File Processing Stats

File Path                              PID    Runtime      # DAGs    # Errors  Last Runtime    Last Run
-------------------------------------  -----  ---------  --------  ----------  --------------  -------------------
/opt/airflow/dags/amazon_books_elt.py                           1           0  0.32s           2025-09-14T18:14:53
/opt/airflow/dags/app.py                                        1           0  0.31s           2025-09-14T18:15:02
================================================================================
[2025-09-14T18:15:46.252+0000] {manager.py:878} INFO - 
================================================================================
DAG File Processing Stats

File Path                              PID    Runtime      # DAGs    # Errors  Last Runtime    Last Run
-------------------------------------  -----  ---------  --------  ----------  --------------  -------------------
/opt/airflow/dags/app.py                                        1           0  0.32s           2025-09-14T18:15:33
/opt/airflow/dags/amazon_books_elt.py                           1           0  0.31s           2025-09-14T18:15:24
================================================================================
[2025-09-14T18:16:17.447+0000] {manager.py:878} INFO - 
================================================================================
DAG File Processing Stats

File Path                              PID    Runtime      # DAGs    # Errors  Last Runtime    Last Run
-------------------------------------  -----  ---------  --------  ----------  --------------  -------------------
/opt/airflow/dags/app.py                                        1           0  0.34s           2025-09-14T18:16:03
/opt/airflow/dags/amazon_books_elt.py                           1           0  0.33s           2025-09-14T18:15:54
================================================================================
[2025-09-14T18:16:40.265+0000] {manager.py:737} INFO - Searching for files in /opt/airflow/dags
[2025-09-14T18:16:40.267+0000] {manager.py:740} INFO - There are 2 files in /opt/airflow/dags
[2025-09-14T18:16:48.295+0000] {manager.py:878} INFO - 
================================================================================
DAG File Processing Stats

File Path                              PID    Runtime      # DAGs    # Errors  Last Runtime    Last Run
-------------------------------------  -----  ---------  --------  ----------  --------------  -------------------
/opt/airflow/dags/app.py                                        1           0  0.33s           2025-09-14T18:16:34
/opt/airflow/dags/amazon_books_elt.py                           1           0  0.32s           2025-09-14T18:16:25
================================================================================
[2025-09-14T18:17:19.501+0000] {manager.py:878} INFO - 
================================================================================
DAG File Processing Stats

File Path                              PID    Runtime      # DAGs    # Errors  Last Runtime    Last Run
-------------------------------------  -----  ---------  --------  ----------  --------------  -------------------
/opt/airflow/dags/app.py                                        1           0  0.38s           2025-09-14T18:17:04
/opt/airflow/dags/amazon_books_elt.py                           1           0  0.31s           2025-09-14T18:16:55
================================================================================
[2025-09-14T18:17:50.674+0000] {manager.py:878} INFO - 
================================================================================
DAG File Processing Stats

File Path                              PID    Runtime      # DAGs    # Errors  Last Runtime    Last Run
-------------------------------------  -----  ---------  --------  ----------  --------------  -------------------
/opt/airflow/dags/amazon_books_elt.py                           1           0  0.31s           2025-09-14T18:17:26
/opt/airflow/dags/app.py                                        1           0  0.31s           2025-09-14T18:17:35
================================================================================
[2025-09-14T18:18:21.460+0000] {manager.py:878} INFO - 
================================================================================
DAG File Processing Stats

File Path                              PID    Runtime      # DAGs    # Errors  Last Runtime    Last Run
-------------------------------------  -----  ---------  --------  ----------  --------------  -------------------
/opt/airflow/dags/amazon_books_elt.py                           1           0  0.32s           2025-09-14T18:17:57
/opt/airflow/dags/app.py                                        1           0  0.31s           2025-09-14T18:18:05
================================================================================
[2025-09-14T18:18:52.666+0000] {manager.py:878} INFO - 
================================================================================
DAG File Processing Stats

File Path                              PID    Runtime      # DAGs    # Errors  Last Runtime    Last Run
-------------------------------------  -----  ---------  --------  ----------  --------------  -------------------
/opt/airflow/dags/app.py                                        1           0  0.33s           2025-09-14T18:18:36
/opt/airflow/dags/amazon_books_elt.py                           1           0  0.33s           2025-09-14T18:18:27
================================================================================
[2025-09-14T18:19:23.505+0000] {manager.py:878} INFO - 
================================================================================
DAG File Processing Stats

File Path                              PID    Runtime      # DAGs    # Errors  Last Runtime    Last Run
-------------------------------------  -----  ---------  --------  ----------  --------------  -------------------
/opt/airflow/dags/app.py                                        1           0  0.32s           2025-09-14T18:19:06
/opt/airflow/dags/amazon_books_elt.py                           1           0  0.31s           2025-09-14T18:18:58
================================================================================
[2025-09-14T18:19:54.663+0000] {manager.py:878} INFO - 
================================================================================
DAG File Processing Stats

File Path                              PID    Runtime      # DAGs    # Errors  Last Runtime    Last Run
-------------------------------------  -----  ---------  --------  ----------  --------------  -------------------
/opt/airflow/dags/amazon_books_elt.py                           1           0  0.32s           2025-09-14T18:19:28
/opt/airflow/dags/app.py                                        1           0  0.31s           2025-09-14T18:19:37
================================================================================
[2025-09-14T18:20:25.247+0000] {manager.py:878} INFO - 
================================================================================
DAG File Processing Stats

File Path                              PID    Runtime      # DAGs    # Errors  Last Runtime    Last Run
-------------------------------------  -----  ---------  --------  ----------  --------------  -------------------
/opt/airflow/dags/app.py                                        1           0  0.32s           2025-09-14T18:20:07
/opt/airflow/dags/amazon_books_elt.py                           1           0  0.29s           2025-09-14T18:19:59
================================================================================
[2025-09-14T18:20:55.475+0000] {manager.py:878} INFO - 
================================================================================
DAG File Processing Stats

File Path                              PID    Runtime      # DAGs    # Errors  Last Runtime    Last Run
-------------------------------------  -----  ---------  --------  ----------  --------------  -------------------
/opt/airflow/dags/app.py                                        1           0  0.34s           2025-09-14T18:20:38
/opt/airflow/dags/amazon_books_elt.py                           1           0  0.29s           2025-09-14T18:20:30
================================================================================
[2025-09-14T18:21:26.477+0000] {manager.py:878} INFO - 
================================================================================
DAG File Processing Stats

File Path                              PID    Runtime      # DAGs    # Errors  Last Runtime    Last Run
-------------------------------------  -----  ---------  --------  ----------  --------------  -------------------
/opt/airflow/dags/app.py                                        1           0  0.32s           2025-09-14T18:21:09
/opt/airflow/dags/amazon_books_elt.py                           1           0  0.31s           2025-09-14T18:21:01
================================================================================
[2025-09-14T18:21:40.445+0000] {manager.py:737} INFO - Searching for files in /opt/airflow/dags
[2025-09-14T18:21:40.446+0000] {manager.py:740} INFO - There are 2 files in /opt/airflow/dags
[2025-09-14T18:21:57.529+0000] {manager.py:878} INFO - 
================================================================================
DAG File Processing Stats

File Path                              PID    Runtime      # DAGs    # Errors  Last Runtime    Last Run
-------------------------------------  -----  ---------  --------  ----------  --------------  -------------------
/opt/airflow/dags/amazon_books_elt.py                           1           0  0.38s           2025-09-14T18:21:32
/opt/airflow/dags/app.py                                        1           0  0.31s           2025-09-14T18:21:40
================================================================================
[2025-09-14T18:22:28.526+0000] {manager.py:878} INFO - 
================================================================================
DAG File Processing Stats

File Path                              PID    Runtime      # DAGs    # Errors  Last Runtime    Last Run
-------------------------------------  -----  ---------  --------  ----------  --------------  -------------------
/opt/airflow/dags/amazon_books_elt.py                           1           0  0.32s           2025-09-14T18:22:03
/opt/airflow/dags/app.py                                        1           0  0.30s           2025-09-14T18:22:11
================================================================================
[2025-09-14T18:22:59.217+0000] {manager.py:878} INFO - 
================================================================================
DAG File Processing Stats

File Path                              PID    Runtime      # DAGs    # Errors  Last Runtime    Last Run
-------------------------------------  -----  ---------  --------  ----------  --------------  -------------------
/opt/airflow/dags/amazon_books_elt.py                           1           0  0.34s           2025-09-14T18:22:33
/opt/airflow/dags/app.py                                        1           0  0.29s           2025-09-14T18:22:42
================================================================================
[2025-09-14T18:23:30.195+0000] {manager.py:878} INFO - 
================================================================================
DAG File Processing Stats

File Path                              PID    Runtime      # DAGs    # Errors  Last Runtime    Last Run
-------------------------------------  -----  ---------  --------  ----------  --------------  -------------------
/opt/airflow/dags/amazon_books_elt.py                           1           0  0.32s           2025-09-14T18:23:04
/opt/airflow/dags/app.py                                        1           0  0.29s           2025-09-14T18:23:13
================================================================================
[2025-09-14T18:24:06.989+0000] {manager.py:878} INFO - 
================================================================================
DAG File Processing Stats

File Path                                PID  Runtime      # DAGs    # Errors  Last Runtime    Last Run
-------------------------------------  -----  ---------  --------  ----------  --------------  -------------------
/opt/airflow/dags/app.py                                        1           0  0.34s           2025-09-14T18:23:44
/opt/airflow/dags/amazon_books_elt.py   5896  0.00s             1           0  0.31s           2025-09-14T18:23:35
================================================================================
[2025-09-14T19:12:37.973+0000] {manager.py:737} INFO - Searching for files in /opt/airflow/dags
[2025-09-14T19:12:37.975+0000] {manager.py:740} INFO - There are 2 files in /opt/airflow/dags
[2025-09-14T19:12:37.994+0000] {manager.py:1203} ERROR - Processor for /opt/airflow/dags/amazon_books_elt.py with PID 5896 started at 2025-09-14T18:24:06.983434+00:00 has timed out, killing it.
[2025-09-14T19:13:05.625+0000] {manager.py:452} INFO - Exiting gracefully upon receiving signal 15
